S01C000053534D5F4549434845525F444946465F4C4F434B2E7372656306
S315080000000040022011690008DD660008E566000860
S3150800001000000000000000000000000000000000D2
S31508000020000000000000000000000000B1410108C7
S315080000300000000000000000D1420108F520010878
S31508000040616900086169000861690008616900085A
S31508000050616900086169000861690008616900084A
S31508000060ED660008616900086169000861690008B1
S31508000070616900086169000861690008616900082A
S315080000806169000861690008616900080567000878
S31508000090616900081D6700084D6700086169000866
S315080000A061690008616900086169000861690008FA
S311080000B0716700086169000861690008B2
S315080000C010B5064C2378002B07D1054B002B02D020
S315080000D0044800E000BF0123237010BDF803002088
S315080000E000000000F09C0108044B10B5002B03D05B
S315080000F00349044800E000BF10BDC04600000000E8
S31508000100FC030020F09C01080023C25C0133002A8E
S31508000110FBD1581E7047000002B4714649084900D1
S31508000120095C49008E4402BC7047C04603B4714658
S31508000130490840004900095E49008E4403BC7047DF
S31508000140002243088B4274D303098B425FD3030A08
S315080001508B4244D3030B8B4228D3030C8B420DD31B
S31508000160FF22090212BA030C8B4202D312120902A9
S3150800017065D0030B8B4219D300E0090AC30B8B42E7
S3150800018001D3CB03C01A5241830B8B4201D38B0395
S31508000190C01A5241430B8B4201D34B03C01A52413A
S315080001A0030B8B4201D30B03C01A5241C30A8B427D
S315080001B001D3CB02C01A5241830A8B4201D38B0268
S315080001C0C01A5241430A8B4201D34B02C01A52410C
S315080001D0030A8B4201D30B02C01A5241CDD2C3097E
S315080001E08B4201D3CB01C01A524183098B4201D3FA
S315080001F08B01C01A524143098B4201D34B01C01AE5
S31508000200524103098B4201D30B01C01A5241C3085C
S315080002108B4201D3CB00C01A524183088B4201D3CB
S315080002208B00C01A524143088B4201D34B00C01AB7
S315080002305241411A00D20146524110467047FFE723
S3150800024001B5002000F0F0F802BDC0460029F7D03D
S3150800025076E7704703460B437FD4002243088B4258
S3150800026074D303098B425FD3030A8B4244D3030B2F
S315080002708B4228D3030C8B420DD3FF22090212BAF4
S31508000280030C8B4202D31212090265D0030B8B4270
S3150800029019D300E0090AC30B8B4201D3CB03C01A5A
S315080002A05241830B8B4201D38B03C01A5241430B35
S315080002B08B4201D34B03C01A5241030B8B4201D325
S315080002C00B03C01A5241C30A8B4201D3CB02C01A90
S315080002D05241830A8B4201D38B02C01A5241430A08
S315080002E08B4201D34B02C01A5241030A8B4201D3F7
S315080002F00B02C01A5241CDD2C3098B4201D3CB019E
S31508000300C01A524183098B4201D38B01C01A52414C
S3150800031043098B4201D34B01C01A524103098B4250
S3150800032001D30B01C01A5241C3088B4201D3CB003B
S31508000330C01A524183088B4201D38B00C01A52411E
S3150800034043088B4201D34B00C01A5241411A00D2CE
S3150800035001465241104670475DE0CA0F00D0494237
S31508000360031000D34042534000229C4603098B42A7
S315080003702DD3030A8B4212D3FC22890112BA030A2F
S315080003808B420CD3890192118B4208D389019211B1
S315080003908B4204D389013AD0921100E08909C30936
S315080003A08B4201D3CB01C01A524183098B4201D338
S315080003B08B01C01A524143098B4201D34B01C01A23
S315080003C0524103098B4201D30B01C01A5241C3089B
S315080003D08B4201D3CB00C01A524183088B4201D30A
S315080003E08B00C01A5241D9D243088B4201D34B0025
S315080003F0C01A5241411A00D20146634652415B1067
S31508000400104601D34042002B00D549427047634647
S315080004105B1000D3404201B5002000F005F802BD8C
S315080004200029F8D016E770477047C0468446100082
S3150800043062468C461900634600E0C0461FB501F0C7
S315080004403FFF002801D40021C8421FBD10B501F0A6
S3150800045083FE4042013010BD10B501F031FF00287F
S3150800046001DB002010BD012010BDC04610B501F00B
S3150800047027FF002801DD002010BD012010BDC04661
S3150800048010B501F0ADFE002801DC002010BD0120EA
S3150800049010BDC04610B501F0A3FE002801DA002001
S315080004A010BD012010BDC046844608006146FFE71E
S315080004B01FB500F061FC002801D40021C8421FBD09
S315080004C010B500F0E9FB4042013010BD10B500F050
S315080004D053FC002801DB002010BD012010BDC046DA
S315080004E010B500F049FC002801DD002010BD0120F0
S315080004F010BDC04610B500F0F7FB002801DC00204F
S3150800050010BD012010BDC04610B500F0EDFB002857
S3150800051001DA002010BD012010BDC046002B11D104
S31508000520002A0FD1002900D1002802D00021C94392
S31508000530080007B4024802A14018029003BDC0464D
S31508000540E9FEFFFF03B4684601B5029800F0E6F835
S31508000550019B9E4602B00CBC7047C0469E2110B552
S31508000560C905041CFFF7D0FF002803D1201C00F0A2
S31508000570AFFE10BD9E21201CC90500F045FC00F009
S31508000580A7FE80231B069C466044F2E770B500224E
S315080005900C4B04000D00FFF77DFF002804D1200056
S315080005A0290002F00DFE70BD064B0022200029002E
S315080005B002F0DAF902F004FE80231B069C4660442A
S315080005C0F1E7C0460000E04170B5002200230400B0
S315080005D00D00FFF741FF002808D12000290000F090
S315080005E02FF802000B001000190070BD80231B06AF
S315080005F0E918200000F024F8002342428B41F2E774
S3150800060070B502F06BFE00220B4B0D00040001F0E2
S31508000610C5FEFFF7BBFF060002F03CFE0022074BB3
S3150800062001F0BCFE02000B002000290002F09CF934
S31508000630FFF7ACFF310070BD0000F03D0000F0414F
S3150800064070B500220B4B0D00040001F0A7FEFFF762
S315080006509DFF060002F01EFE0022074B01F09EFEDB
S3150800066002000B002000290002F07EF9FFF78EFF3A
S31508000670310070BD0000F03D0000F04170B5060085
S31508000680080002F0D9FD0022064B01F087FE0D0096
S315080006900400300002F0FEFD2B00220000F07EFE72
S315080006A070BDC0460000F0418023D0B59B0304000E
S315080006B00800994201D3630511D102F0EBFD00222F
S315080006C00A4B01F06BFE06000F00200002F0E2FD67
S315080006D032003B0000F062FE02F048FED0BDE30A9D
S315080006E08024DB0224011C43E7E7C0460000F041F2
S315080006F070B50600080002F0CDFD0022064B01F099
S315080007004DFE0D000400300002F0C4FD2B0022004F
S3150800071000F044FE70BDC0460000F041F0B55746F3
S315080007204E464546DE46E0B504000D00924699461B
S3150800073083B08B4230D82DD04946504602F0B6FEDB
S3150800074029000600200002F0B1FE331A9846203B25
S3150800075034D49B4653465A46934042461F00534656
S3150800076093401E00AF423BD8AF4200D179E05B46CA
S31508000770A41BBD41002B00DA76E00022002300927C
S31508000780019301235A46934001930123424693401D
S31508000790009329E08242CFD90022002300920193D8
S315080007A00C9B002B01D01C605D600098019903B07A
S315080007B0F0BCBB46B246A946A046F0BD42469B469B
S315080007C020239B1A5246DA40414613004A468A407D
S315080007D0170042461F43534693401E00AF42C3D9F3
S315080007E000220023009201934346002BD8D0FB0732
S315080007F072081A4346467B080EE0AB4201D1A24274
S315080008000CD8A41A9D41012024196D410021013EEE
S3150800081024184D41002E06D0AB42EED9013E2419CC
S315080008206D41002EF8D1009801995B46001969417F
S31508000830002B24DB2B005A464446D3402A00E240CC
S315080008401C005B461500002B2ADB26009E40330061
S3150800085026004746BE403200801A99410090019111
S315080008609EE7A342BCD882E74246202300219B1A72
S315080008700022009101920122DA40019285E7424660
S3150800088020239B1A2A0046469A402300F3404446F2
S3150800089013432A00E2401C005B461500002BD4DAFD
S315080008A042462F002023260097409B1ADE403B0035
S315080008B03343CDE7F8B54B025A0A94464A00C90FA6
S315080008C0CE4647468946450046022D0E120E80B58D
S315080008D09909770AC40FB609AB1A4C4520D0002BE4
S315080008E00CDD002A34D100292AD05A1E012B00D14A
S315080008F08FE0FF2B00D1CDE013002FE0002B60D056
S31508000900531B002D00D0EEE0002E00D13EE15C1E08
S31508000910012B00D16BE1FF2B00D1B9E02300E7E002
S31508000920002B00DCA4E0002A69D0FF2D00D1B1E03D
S315080009308022D20411431B2B00DCE9E02B0005368C
S31508000940F708FF2B00D1A5E07A02520AD8B230E0A8
S31508000950FF2D00D19EE08022D204114301201B2BDB
S3150800096008DC08002022D840D31A99400B005A1EEA
S3150800097093411843361A730100D471E0B601B709DA
S31508000980380002F075FD3B000538834085424DDD91
S31508000990B44E2D1A1E405A0768D00F221340042B56
S315080009A064D00436730161D5681CFE2D54D1FF202E
S315080009B00022C0051043E4072043C0BCB946B04630
S315080009C0F8BDFE229046681C0200404610426BD1D4
S315080009D0002D00D0DDE0002E00D102E10029B3D0C1
S315080009E08022771AD204174200D136E14C468E1B74
S315080009F061D00120164230D10023F708A4E7002968
S31508000A009ED05A1E012B00D1CAE0FF2B42D01300FC
S31508000A1091E7711A4B0100D4D1E08F01BF09380064
S31508000A2002F026FD3B000538834001252022401BA5
S31508000A300130121A1E009340C6405A1E93411E43A7
S31508000A4039D0730700D11BE10F2300253340042B4F
S31508000A50A7D1012072017CD5C0B2B201520AA8E71B
S31508000A60730703D00F233340042B9AD12B0067E773
S31508000A70002B23D0531B002D7BD1002E00D186E0FE
S31508000A805D1E012B00D18BE0FF2B02D02B0075E0F9
S31508000A904C466746002F00D189E78022D2033A43A5
S31508000AA05202FF20520A84E7771A7B016BD4002F83
S31508000AB000D065E70024002000227AE7FE226B1C9E
S31508000AC01A4249D1002D00D09FE0002E00D1BAE08D
S31508000AD0002900D1CFE07218530100D4CDE092016D
S31508000AE00120520A65E7FF2AD2D08020C0040643B7
S31508000AF001201B2B08DC30002024D840E31A9E4036
S31508000B0033005C1EA34118434C4615000E1A32E703
S31508000B1008002022D840D31A99400B005A1E934148
S31508000B200343F61873019BD50135FF2D00D13EE727
S31508000B3001234D49720833400A401A4316005307E9
S31508000B4004D00F231340042B00D02AE7730100D5E5
S31508000B502AE72B00F708F7E6FF2B00D127E77118DD
S31508000B6049084A072FD00F220A40042A2BD00E1D07
S31508000B70E6E6FF2A8DD08020C00406431B2B24DD21
S31508000B8013004E1DDCE64C468F1BF9E64C460E005C
S31508000B90D6E6002E49D1002968D067464C467CE740
S31508000BA07018430174D5304940080140430709D0FD
S31508000BB00F230340042B05D002230E1DC0E6012394
S31508000BC0CF08C1E60223CF08BEE620253000D8406C
S31508000BD0EB1A9E4033005D1EAB41034315005E18B9
S31508000BE0A0E7002900D165E74C466746ACE68F1BAF
S31508000BF07B012ED5BF01BF09380002F039FC3B0046
S31508000C00053883404C46013510E7002E00D140E7F1
S31508000C10002900D141E78023DB039F4200D23CE74D
S31508000C209C4500D339E7674637E7002900D134E702
S31508000C308023DB039F4200D22FE79C4500D32CE795
S31508000C404C46674629E7002900D134E70023CF0838
S31508000C507AE64C460123FF0876E6002F00D129E7FD
S31508000C60FF0871E6FFFFFFFBFFFFFF7D80220024E0
S31508000C70FF20D2039DE6002366E60023D70863E635
S31508000C800120720100D5E7E631000023CF085BE6B4
S31508000C900123C70858E6C04670B542004E024C000C
S31508000CA045026D0A120EC30F760A240EC90FFF2AD3
S31508000CB010D0FF2C0CD00120A2420AD1B54208D18F
S31508000CC08B420FD0002A04D12800431E984100E029
S31508000CD0012070BD0120FF2CFBD13543F9D14B40D3
S31508000CE01800F6E70020F4E730B5420044024D024A
S31508000CF0C30F4800640A120E6D0A000EC90FFF2AB8
S31508000D0018D0FF280AD0002A1ED100280AD1002DA3
S31508000D1029D0002C2DD14800013830BD002D25D111
S31508000D20002A01D1002CF6D08B4219D001205B4253
S31508000D301843F2E7002C19D1FF28F7D1002D15D159
S31508000D4000208B42F2D1E8E70028EFD08B42EDD1A4
S31508000D508242EBDC04DBAC42E8D80020AC42DCD2B1
S31508000D6058000138D9E7002CD7D0DFE702204042E7
S31508000D70D3E78B42DAD1EEE730B5420044024D02A2
S31508000D80C30F4800640A120E6D0A000EC90FFF2A27
S31508000D9017D0FF280AD0002A1BD100280AD1002D17
S31508000DA01DD0002C2DD14800013811E0002D0ED1A0
S31508000DB0002A01D1002CF6D08B420CD158000138FC
S31508000DC006E0002C03D1FF2805D1002D15D00220FE
S31508000DD030BD002806D101205B421843F8E7002CF5
S31508000DE0F6D0F8E78B42F6D18242F4DCE6DBAC4279
S31508000DF0F1D80020AC42EBD2E0E700208B42EAD1E2
S31508000E00E6E78B42E7D1F2E7F8B54746CE46430216
S31508000E1080B55F0A9B0945004A009C464B02C40FF1
S31508000E20CE0F2D0E580A120E9909FF2A6BD00123F0
S31508000E305E40AB1AB4424BD0002B00DCFFE0002A20
S31508000E4000D188E0FF2D00D1EFE08022D2041143C3
S31508000E5001201B2B08DC08002022D840D31A994011
S31508000E600B005A1E9341184363461B1A9C46634659
S31508000E705B0100D4CDE063469F01BF09380002F04C
S31508000E80F7FA3B0005388340854200DCA2E0B74A02
S31508000E902D1A1A4094465A0700D1C3E00F22134070
S31508000EA0042B00D1BEE004239846C44463465B0184
S31508000EB000D4B7E0681CFE2D00D0A5E0FF20002274
S31508000EC0C0051043E4072043C0BCB946B046F8BD88
S31508000ED0002B00DCEBE1002A46D0FF2D00D1A4E070
S31508000EE08022D20411431B2B00DCFBE00523984625
S31508000EF02B00C4446246D708FF2B00D195E07A023E
S31508000F00520AD8B2DCE72B00FF3B9946002918D1D4
S31508000F1001235E40B44200D1CAE04B46002B2DD0D7
S31508000F20002D00D03CE1FF236446002C00D15FE190
S31508000F305D1E012B00D174E13400FF2B74D02B0009
S31508000F4003E1B44200D19CE0002B17D0002DEAD073
S31508000F50070034006CE00029CCD05A1E012B2BD098
S31508000F60FF2B62D0130073E70029C3D05A1E012B4A
S31508000F7000D11EE1FF2B58D01300B4E7FE226B1CEC
S31508000F801A420DD1002D60D06346002B00D020E117
S31508000F90002900D028E180220024FF20D2038FE711
S31508000FA063465F1A7B0100D5FEE0002F00D065E797
S31508000FB000240020002283E76346591A4B0100D417
S31508000FC019E18F01BF09380002F052FA3B000538D3
S31508000FD0834001252022401B0130121A1900934034
S31508000FE0C1405A1E934119438C460B1EE1D05B073C
S31508000FF000D152E10F2300250B40042B00D052E705
S3150800100001204A0100D492E0C0B263469A01520A0E
S3150800101056E763465B0705D00F2362461340042B49
S3150800102000D040E72B0065E70700002F00D145E711
S315080010308022D2033A435202FF20520A40E7002B8D
S3150800104079D1FE226B1C1A42AAD16346002B00D125
S31508001050F5E0002900D1D1E05F1A8023DB041F42A6
S3150800106000D10EE1624601248A1A944600203440D3
S31508001070002A00D124E701201A42C6D10023D70846
S315080010803DE7002B17D0002D00D0AFE0FF236546C3
S31508001090002D00D1ADE05E1E012B00D189E0FF2BAB
S315080010A0C2D01B2E00DCABE04B1D9C46130021E78B
S315080010B04B46002B70D1FE226B1C1A425ED1002DC6
S315080010C000D0C3E06346002B00D1D0E0002900D150
S315080010D094E00A006244530100D4D8E0920101204A
S315080010E0520AEDE608002022D840D31A99400B0090
S315080010F05A1E934103439C4463465B0189D50135D7
S31508001100FF2D00D1DAE66246012319491340520839
S315080011100A401A43130094465B0704D00F23134072
S31508001120042B00D0BFE663465B0100D5C2E66346E2
S31508001130DF082B00E3E6531B002D00D1F4E68020E0
S315080011406446C0040443A446340001201B2B09DC72
S3150800115020256046D840EB1A65469D402B005D1E4B
S31508001160AB4118430B1A9C46150080E6FFFFFFFBB0
S31508001170FFFFFF7DFE226B1C1342A3D0FF2B00D17D
S315080011809CE6614449084A0749D00F220A40042AC6
S3150800119045D00A1D9446ADE6002D00D176E78DE6CA
S315080011A03400FF2000228BE663460124CF1A344020
S315080011B064E661444B016DD548084449014043073C
S315080011C02CD00F230340042B28D00B1D9C4602234A
S315080011D090E6002900D12BE78023DB039F4200D24B
S315080011E026E7984200D323E70124344007001FE787
S315080011F034008C467EE60123CF0880E600237EE68F
S3150800120020206546801B854063462800F340451E1E
S31508001210A84103439C4615008C446DE70223CF087A
S315080012206DE60F1B7B0128D5BF01BF09380002F008
S315080012301FF93B000538834034000125CAE600291A
S3150800124000D1B5E601240700344058E66346002B72
S3150800125000D1E9E6002900D1EAE68023DB039F42B4
S3150800126000D2E5E6984200D3E2E60700E0E6002968
S3150800127000D19EE60023CF0841E634000123FF088B
S315080012803DE6002F00D193E60023FF0837E600234A
S31508001290D70834E60123CF0831E680220B00D204B2
S315080012A001201340114200D0AEE6CF0827E6002BF6
S315080012B000D15FE7561B002D01D13300E7E68023F6
S315080012C06046DB0418438446EBE6C046FFFFFF7D15
S315080012D041024200C30F490A0020120E7E2A03DD8E
S315080012E09D2A02DD094A98187047802000040143A8
S315080012F0952A07DC9620821AD1404842002BF3D162
S315080013000800F1E7963A9140F7E7C046FFFFFF7FEE
S3150800131010B5041E0DD002F0ABF89E231B1A962BAF
S315080013200CDC082834D0083884406402640AD8B231
S3150800133001E000200024C005204310BD992B13DCD2
S31508001340421F9440144A224061071CD00F212140B5
S31508001350042918D00432D408520115D59F236402F3
S31508001360181A640AC0B2E6E7020021001B3291404F
S315080013700A00511E8A410521091ACC401443064A1F
S3150800138022406107E2D1D4086402640AD8B2D2E7DF
S315080013906402640A8E30CEE7FFFFFFFBF0B54F46C6
S315080013A04646D646C0B582B0009001910E034C0061
S315080013B0CD0F710A009E5F00760F0E4300990092CA
S315080013C00193C900894619037B0D9846019B490A72
S315080013D0DB0F9C46009B009A5B0F0B434146640D4E
S315080013E0D200611A654500D1A6E0002972DD47469C
S315080013F0002F00D1DDE0CC4FBC4200D19AE1012795
S31508001400382917DC80273F043B431F2900DDDDE12F
S315080014102027781A1F008740BA461700CF4084460F
S3150800142038005746074360468240CB40501E8241EB
S31508001430F61A17434B46DF1BB94580414042361A18
S31508001440330200D4FFE07602760A002E00D13CE192
S31508001450300002F00DF80300083B20213800CA1AB4
S31508001460D0409E4002009F4032439C4200DDA6E1E8
S31508001470181B0130091A3E008F40C6407B1E9F414B
S3150800148013008B4037431F43C2403B00160000241D
S31508001490134300D1DFE17B0700D132E30F233A0083
S315080014A03B40042B04D03A1DBA42BF417F42F6198D
S315080014B0330200D423E39C4B01349C4200D1B4E0B0
S315080014C09A4B64051E40640D7707D20876021743C7
S315080014D0360BACE0002900D17EE04146091B002C02
S315080014E000D060E134004846044300D1C9E14C1EEF
S315080014F0012900D12EE28C4DA94200D124E2012710
S31508001500382C11DC21001F2900DD0BE220243700CE
S315080015104846641AA740C84007434846A040CE40FC
S31508001520441EA0419B1B0743D71BBA429241524215
S31508001530654644469E1A83E7002900DC9CE0474638
S31508001540002F67D11F00174300D1E4E0481E012988
S3150800155000D19BE1744FB94200D1EBE001270100AD
S31508001560382811DC1F2900DDC7E12027781A1F005B
S31508001570844687401000C840074360468240CB40F7
S31508001580501E8241F61817434F444F45804140424A
S315080015903618330257D5644B01349C4245D0012195
S315080015A0624B7A081E4039400A43F7071743760804
S315080015B071E71F00174300D1ADE04F1EBC46012955
S315080015C000D182E1584FB94200D190E16146012726
S315080015D0382900DD2EE718E7554F611C394200D03F
S315080015E0D0E0310048461F0001431743002C00D0C5
S315080015F03DE1002900D1BCE1002F00D0BFE14B46F8
S315080016000021D80877070743F00806034C05360B70
S31508001610640D0CE0444FBC4200D18BE00127382909
S31508001620B2DC80273F043B439CE7002600272405BD
S315080016303443ED072C433800210002B0E0BCBA461B
S31508001640B146A846F0BD7B0704D00F233B40042BC8
S3150800165000D028E7F808344B77070743F0089C4280
S3150800166000D04AE23B00034359D08026360306439E
S3150800167036032D4C360BDAE7002961D04146091BA3
S31508001680002C00D1B9E0284CA04500D1A5E10127DE
S31508001690382913DC8024240426431F2900DDC8E1E9
S315080016A0202437004846641AA740C84007434846DE
S315080016B0A040CE40441EA0419B190743BF1897423D
S315080016C0924152424446D61863E7380001F0D0FEEC
S315080016D0030018331F2B00DCBFE63A0008388240A7
S315080016E09C4200DD83E01B1B581C1F2800DCB4E16C
S315080016F017001F3BDF40202805D040231B1A9A40BD
S31508001700531E9A4117430024002F0AD07B0700D0A6
S31508001710C4E626009EE74B460C00D8089BE7002740
S31508001720014C002683E7C046FF070000FFFF7FFF46
S31508001730FE0700004B467707D8080743F00891E7ED
S31508001740CD4F611C39426BD1310048460143002C0C
S3150800175000D04BE11F001743002900D181E1002F7B
S3150800176000D14CE74A444A458041F61840423618AB
S31508001770330200D5B0E117009146374300D03EE763
S31508001780002654E74946891A8846C145BF41F11AD9
S315080017907F42C91B0F0261D447460F4300D1BDE003
S315080017A00E00474651E6B54CA04500D100E1012799
S315080017B0382900DDB8E6802424042643A3E6B04E83
S315080017C0E41A16407B0700D03FE743E70F001800EE
S315080017D0203FF8408446202903D04027791A8B40B9
S315080017E01A43531E9A41634617001F4322E6A4482C
S315080017F0E11A10404707C00807E734004846044383
S3150800180000D1FAE04C1E012900D1D7E09B4FB9421E
S3150800181000D1E2E00127382C00DD4FE721003CE744
S31508001820964CA14200D1DDE04A444A458041F3186E
S3150800183040421818C707520817434608520705D0EA
S315080018400F220C003A40042A00D02CE67607FF083F
S3150800185037430009D9E600270026E8E64946571A1D
S31508001860BA4292419E1B52426546B61AEDE50029D8
S3150800187000D0C6E0002F67D1802600257F4C3603AE
S31508001880D5E665460C001E00D008E4E64A444A45FB
S315080018908041F318404218181100030200D496E05C
S315080018A0774B49081840C3070B434408490700D13A
S315080018B029E10F221A40042A00D1EAE01F1D9F429F
S315080018C0B641764236190224C4E649468F1AB94506
S315080018D08041F61A4042361A330206D47307FF08C7
S315080018E001211F43F00890E665460124ABE54B4607
S315080018F07707D8080743F008B4E60F001800203F1A
S31508001900F8408446202903D04027791A8B401A4389
S31508001910531E9A41634617001F4335E600250024E7
S31508001920002684E60C003500203CE540202905D039
S315080019304024611A8E404946314389464846411E2D
S31508001940884107002F43EFE5D2085F07654617432E
S31508001950D80887E6171ABA4292419E1B5242B61A0F
S315080019603302C1D47307FF08654601211F43F008F7
S315080019704BE6002F7BD065461E0091463FE6811A4E
S315080019808846C145A441F11A6442091B80242404EF
S31508001990214277D0101A8242924107009E1B52427A
S315080019A0B61A374300D0A0E06546002400263EE676
S315080019B05F07D20865461743D80853E6811891424F
S315080019C09241F01852428018030200D568E747078B
S315080019D0C9080F43C008012117E6D2085F07174355
S315080019E0D8083FE60C000026002720E6002956D135
S315080019F05F07D2081743D80834E60C001E00D00843
S31508001A0029E6C10870070143F008002F62D0802438
S31508001A102403204207D0DE08264204D1654630005A
S31508001A20D1085B0719434F0FC900C9087F070F4341
S31508001A3018E60C003000203CE0408446202905D0FA
S31508001A404024611A8E404946314389464846411E1C
S31508001A508841614607000F4330E620210027091A0E
S31508001A600EE51E00002F00D022E5002458E70025C9
S31508001A7000240026DBE5C046FE070000FF0700003D
S31508001A80FFFF7FFF47460F4300D147E70E00C146D9
S31508001A90B5E5DF086407022127430009B5E5190003
S31508001AA0C008770707431143F008002900D1D9E594
S31508001AB080210903084207D0DC080C4204D1D20869
S31508001AC05B071A43170020007B0FFF00FF085B0720
S31508001AD01F43C7E50F00C5E5124BD20833405F0721
S31508001AE05B02012417431E0BA1E5264212D00D4BBB
S31508001AF06546020001241E40E6E4210085E517003C
S31508001B00A8E53A00D4E4DB0864071C432700022151
S31508001B1000097AE5C0087707074365460021F008FB
S31508001B2073E5C046FFFF7FFFF0B5DE4645465746DC
S31508001B304E46E0B587B0009201930B031B0B9B46FC
S31508001B40CA0F4B00040080465B0D029200D198E054
S31508001B507C4A934237D05946420FC9000A4380212E
S31508001B6009041143C2009046774A894692469A4428
S31508001B70002300240393009E019F3B031B0B9B46F7
S31508001B807B0030005B0DFD0F002B59D06D4A934248
S31508001B9048D05946720FC9000A43802109041143E7
S31508001BA08B466949F2008C4651466344CB1A9A46DD
S31508001BB00021029E6E40F6B20F2C00D9CEE0634B90
S31508001BC0A4001B599F465A460243914600D090E00E
S31508001BD09A460223904608240393CCE7CB4642460E
S31508001BE0029D0399022900D1DEE1032900D18DE087
S31508001BF0012900D079E12E00002200230024904616
S31508001C001B052343F60733434046190007B0F0BCCB
S31508001C10BB46B246A946A046F0BD0022002490461F
S31508001C20484BEDE75A46009B1A43494B9C46E2440B
S31508001C30002A59D102231C43002302219B46B8E7F8
S31508001C405A46009B1A4349D05B46002B00D19CE1BB
S31508001C50584601F00DFC020003000B3A1D27009EB2
S31508001C60BA1A19005846D640083988403200024345
S31508001C709346009A8A40374953448A4600219A4433
S31508001C8097E75B460343994621D05B46002B00D174
S31508001C9069E1584601F0ECFB0B235B429C460200C7
S31508001CA0844466461D239B1B260011005846DE40C9
S31508001CB00839884033000343994623008B409846E9
S31508001CC0254B00249B1A9A460023039353E70023C7
S31508001CD098469A460133042403934CE701231C4390
S31508001CE0002301219B4664E70323320003211C439A
S31508001CF05FE79A460323D9460C2403933BE7002360
S31508001D008024984600260F4B240379E780245B46F7
S31508001D1024031C4324032E0090460A4B240B6FE72A
S31508001D2080244B462403234202D05B462342F0D04C
S31508001D3080244B4624031C432403029E014B240B98
S31508001D405EE7C046FF07000001FCFFFFF8A6010892
S31508001D5001F8FFFFF30300000DFCFFFFCB4500D29F
S31508001D60F8E000D1F3E001235B429C46444648462E
S31508001D700025E2445B46170E1B021F43190C3B0461
S31508001D80120200971F0C914602910397FEF75EFA1E
S31508001D9002007A430B04210C804619438A4209D96A
S31508001DA0009F0123BC465B4261449C46E0448F4247
S31508001DB000D85CE1881A0299FEF748FA039A2404C7
S31508001DC042430904240C03000C43A24206D9009995
S31508001DD0013B8C466444A14200D842E1A01A42461F
S31508001DE012041A4393464B4659461B0C1F0004938C
S31508001DF00B0449460904090C0C001B0C5C43120C25
S31508001E007B43884651437A43270CBC465B18634498
S31508001E10994203D9802149028C466244190C24044C
S31508001E201B04240C8A181C19904202D316D1A54209
S31508001E3014D25B46009F013B4D4405934D459B419B
S31508001E40BC465B426344C018874200D302E1824223
S31508001E5000D929E100D124E1059B9B462C1BA5420C
S31508001E60AD41009B801A6D42401B834200D10FE1B1
S31508001E700299FEF7EBF9039A0B044243210C05007D
S31508001E8019438A4200D9CBE0881A0299FEF7DEF98F
S31508001E90039A240442430904240C03000C43A24277
S31508001EA000D9CAE04146A41A2A041A43049F130417
S31508001EB01B0C594340467B439C46150C68430B0C48
S31508001EC0844463447D43984203D980204002844673
S31508001ED06544180C09041B04090C40195B18844254
S31508001EE027D323D0012335001A43944B5344002BA0
S31508001EF060DD510700D086E02E00D1085A46D2018F
S31508001F0006D55A468E4B1A4080239346DB00534427
S31508001F108C4A934200DD80E65A4652070A439046A9
S31508001F205A465B055402240B5B0D69E63500002B07
S31508001F30DBD0009D511EAC466444AC4200D29EE004
S31508001F40844200D2E1E000D1EEE00A00CAE7424549
S31508001F5000D908E74B46DC07580843465B081C438C
S31508001F604346DD0706E701F083FA15239C468444B9
S31508001F700200634620321C2B00DC92E62300083858
S31508001F8083409946002398469AE601F071FA0200C2
S31508001F900300153220331C2A00DC5FE60099083856
S31508001FA0814000228B4666E600222E0000249046D9
S31508001FB0654B25E62E000121C91A382900DD1BE6E6
S31508001FC01F297EDC6148140050445B4682408340EA
S31508001FD0CC40501E824123431A435B46CB405107EF
S31508001FE009D00F211140042905D0111D91429241B3
S31508001FF052429B180A00190200D49BE000220123D2
S3150800200000249046FCE50F211140042900D173E70E
S31508002010111D9142924152422E00C90893446DE720
S31508002020009B013D9C4661448B4200D92CE78A42BD
S3150800203000D829E7851E614426E70099013B8C46AE
S315080020406444A14200D92DE7A24200D82AE7831E9C
S31508002050644427E7874200D0FEE6A94500D9FBE697
S31508002060F5E6A24200D8B9E6831E6444B6E68A427B
S3150800207000D89FE6BC46831E984661449AE60A0045
S31508002080844200D02EE74B4500D02BE735002CE7DD
S315080020902A4B2F4A5344924543DB0122002193449D
S315080020A02CE7AC4200D8D7E602235B429C4600994F
S315080020B04D444D459B41E3448C465B426344C018FE
S315080020C0CCE61F204042C31A5846D840202904D0DF
S315080020D05946204B534499400A43531E9A410723B5
S315080020E01900024300241140134209D00833134053
S315080020F0042B1DD0131D934289411A0049424907F2
S31508002100D2080A43904600237AE54946009F4D00C7
S315080021104D458941BC4649426144A946023A64187C
S31508002120AEE70122524246E79945EED30A00AAE7EE
S315080021300021E5E759075B021C0BE1E7FF030000F6
S31508002140FFFFFFFEFE070000FF0700001E04000059
S3150800215002FCFFFF3E040000F0B55746DE464E4639
S315080021604546E0B50D000400E80F83460903D80F7D
S31508002170090B824619488C461F0369005E00490D03
S315080021803F0B760D814218D086420FD00120B1420E
S315080021900DD1BC450BD1944209D1D3451CD0002999
S315080021A005D160462043431E984100E00120F0BC5B
S315080021B0BB46B246A946A046F0BD01208E42F6D1DE
S315080021C0614639430F0017432743F0D15B46524611
S315080021D0981A431E9841EAE70020E8E7FF0700003F
S315080021E0F0B557464E464546DE46E0B50D000E03A9
S315080021F04900490D8A46DF0FE90FBC4683B02F4FC9
S31508002200040080460191580019039146360B090BC4
S31508002210400DBA451DD0B8420DD05746002F2AD1D9
S315080022203443002824D10A4336D0002C41D16346D2
S315080022305800013815E0114338D15346002B01D117
S315080022402643F4D0019B634507D1019B580001380A
S3150800225007E026432AD1504521D00120019B5F4241
S31508002260384303B0F0BCBB46B246A946A046F0BD0B
S31508002270002CDCD0E6E70028EFD0019B6345ECD1C3
S315080022808245EADCE1DB8E42E7D8DED1C845E4D8F0
S315080022900020C845E5D2D8E7002CE2D0DDE7114397
S315080022A004D1019B6345D8D10020DAE702204042D9
S315080022B0D7E7019B6345E6D0CFE7C046FF07000096
S315080022C0F0B557464E464546DE46E0B50D000E03C8
S315080022D04900490D8A46DF0FE90FBC4683B02E4FE9
S315080022E0040080460191580019039146360B090BE4
S315080022F0400DBA451ED0B8420DD05746002F27D1FB
S315080023003443002833D10A4334D0002C40D16346E5
S315080023105800013815E0114312D15346002B01D15C
S315080023202643F4D0019B63451DD00120019B5F42E3
S31508002330384306E0264303D15045F6D111431CD055
S31508002340022003B0F0BCBB46B246A946A046F0BD83
S315080023500028EAD0019B6345E7D18245E5DC02DB2C
S315080023608E42E2D80ED0019B58000138E9E7002CCE
S31508002370CDD0D7E7002CE4D0D7E7019B00206345F2
S31508002380DFD0D2E7C845D0D80020C845D9D2EAE779
S31508002390019B6345E4D0C8E7FF070000F0B5574640
S315080023A04E46DE464546E0B51F000B031B0B1600DE
S315080023B09A46CA0F4B000400914685B05B0D00D1C2
S315080023C0CFE1CD4A934255D05146420FC9000A4340
S315080023D0802109041143C2009046C84A8A4693469A
S315080023E09B440023002502933C037B00FA0F0196C9
S315080023F0240B5B0D009200D188E1BF4A934200D1BD
S3150800240092E0BE4A944663449B440A2D42DCE400AB
S31508002410730F23438024494624041C43F300019385
S31508002420009B00205940CBB20393022D00DC94E0B8
S315080024300123AB401D00A6232A00DB001A401D42DB
S3150800244000D029E290239B001D4200D14DE20023D3
S31508002450802499462403A84B10004A461B052343AB
S31508002460D2071343190005B0F0BCBB46B246A946CD
S31508002470A046F0BD52460243904600D0ACE19B46CA
S315080024800223924608250293AEE7009BA246994688
S31508002490019B9846029B022B00D1CAE1032B00D16F
S315080024A092E1012B10D1002300240022D4E7012257
S315080024B07B083A4013435246D2071343984653467D
S315080024C05B089A46039B99465B46581C8023DB00AB
S315080024D05B44002B00DCB1E1424652070BD00F22C9
S315080024E041460A40042A06D04246111D41459241FA
S315080024F08846524292445246D20106D55246804BED
S315080025001A4080239246DB00C3187E4A934200DDB8
S315080025108FE14246D108524652070A4351465B05A7
S315080025204C02240B5B0D97E7734B26439C46E3440A
S31508002530002E00D16FE1032349461D43009B5940F5
S31508002540CBB203930A2D00DD33E10123AB401D0016
S315080025500323029388222A4297D14246434612040D
S31508002560120C160001981D0C030C0004000C4643BF
S31508002570B4461E006E430096160007005E43614689
S31508002580B0466F430E0CB8444644B74205D980217D
S3150800259049028846009F4744009761460904090C8A
S315080025A0370C36048C463100614401911100260C23
S315080025B02404240C61438C462100694389466146FC
S315080025C0090C884672434A4442447543914503D9E7
S315080025D08021490288464544110C8846614609040B
S315080025E0090C8C4612046244B91802915146090C2A
S315080025F08C4651460F043F0C3900414345448846F2
S31508002600614641438A4641466046090C8946584315
S315080026107B4353444B449A4503D980214902894652
S315080026204844190C894641460904090C884639006C
S3150800263061431B044344884661464C4371438C46B8
S31508002640414677430E0C3F19F6194844B44203D95C
S31508002650802149028946CC440299009F8946310463
S315080026604F4489464146974292410C04240C4C44F7
S31508002670FF1852426419A1189F429B418846824618
S315080026805B42994690459241AC42A441C244D1442A
S3150800269052426442144399459B41824592415B42AA
S315080026A0524213434A46360CA419E31863445B02A4
S315080026B0D20D1A43019992467A020A43501E824164
S315080026C0FF0D17434A4652021743B846DB0100D5A9
S315080026D0EDE60D4B039A5B449146002B00DCACE01B
S315080026E03A00520700D110E70F2258463A40042A0A
S315080026F000D0F9E609E7C046FF07000001FCFFFF26
S31508002700FFFFFFFEFE070000FF0300002200324322
S315080027106FD0002C00D1C2E0200000F0A9FE020014
S3150800272003000B3A1D20821A30001900D0400839E0
S315080027308C400200224334008C405946CB1A864905
S315080027408B469B440A2D00DDA4E64946009B01946E
S315080027505940CBB2140000200393022D00DD67E632
S31508002760FBE65346034398463CD05346002B00D11C
S31508002770A3E0504600F07CFE0B235B429C46020019
S31508002780844411005046083988401D238046604617
S315080027901B1A2000D8400300404603439A462300EC
S315080027A08B4098466C4B00259B1A9B460023029348
S315080027B01AE60F2D00D0C9E0802352461B031A42A1
S315080027C002D01C4200D192E08024534624031C43C5
S315080027D024034246240B3EE69B46032380460C25EB
S315080027E0029301E600239A469B4601330425029389
S315080027F0FAE501210D430A2D00DD4BE6494600980E
S315080028004140C9B20391022D00DC96E00023002462
S31508002810012001930CE649460223009A2B435140B6
S31508002820CAB203920A2B00DD34E6002D57D1039B6A
S31508002830994600240022494B0EE658460121C91A3A
S31508002840382900DD2FE61F2956DD1F22544652423D
S31508002850D31ADC40202907D0414B42469C465346B2
S31508002860604483401A43904642460721531E9A41C4
S315080028700B00224313400024114209D00F231340B2
S31508002880042B5DD0111D91429B410A005B425B07F8
S31508002890D2081A430023DFE5039B9946FAE5019817
S315080028A000F0E6FD02000300153220331C2A00DC86
S315080028B038E7019A083882403FE700F0D9FD15232A
S315080028C09C4684440200634620321C2B00DC58E7F1
S315080028D0002398462300083883409A4662E71D007D
S315080028E00023002402200193A2E5029032E61C434D
S315080028F0009B019A9946AEE51A4B5246C3184046C4
S315080029009A40C8400243404698400300581E8341F7
S3150800291054461A43CC40530709D00F231340042BBF
S3150800292005D0131D934292415242A4181A0023025D
S3150800293008D50123002400228EE5894600248BE56C
S315080029400023A5E763076402240BA1E7009BA246C0
S315080029509946019B984637E70DFCFFFFFF070000E5
S315080029603E0400001E040000F0B557464E46454694
S31508002970DE46E0B583B0009001910C034D00CE0F02
S31508002980610A009C5F00640F0C4300990092019352
S31508002990C80019037B0D9946019BCC4FDB0F9C465B
S315080029A04B0A00998046490F1943009B8B46DA006B
S315080029B092466D0DB94500D1BFE0012361465940E5
S315080029C04B468C46EB1A8E4275D0002B00DCA3E2F0
S315080029D04946002900D1CEE0BD4200D100E20127D8
S315080029E0382B19DC802759463F0439438B461F2B61
S315080029F000DDFAE12027F91A8C4659466746B940A0
S31508002A000F001100D9400F4361468A40511E8A4182
S31508002A105946D9401743641AC71BB84280414042F9
S31508002A20241A230200D440E16402640A002C00D16F
S31508002A3054E1200000F01CFD0300083B202138006B
S31508002A40CA1AD0409C4002009F4022439D4200DDA6
S31508002A50A6E1581B0130091A3C008F40C4407B1E72
S31508002A609F4113008B4027431F43C2403B0014007D
S31508002A700025134300D1F7E17B0700D177E30F2345
S31508002A8038003B40042B04D0381DB842BF417F4272
S31508002A90E419230200D468E38C4B01359D4200D12A
S31508002AA0F4E08B4B6D051C406D0D6707C00864028A
S31508002AB00743240BECE0002B00DC29E349460029F8
S31508002AC000D0D6E05946114300D12EE1591E012BFC
S31508002AD000D1E6E1BB4200D182E101270B0038298B
S31508002AE014DC1F2B00DD3CE22027F91A8C465946D8
S31508002AF06746B9400F001100D9400F4361468A4026
S31508002B00511E8A415946D940174364183F188742CF
S31508002B10804140422418230200D4C6E06B4B01359D
S31508002B209D4200D1B2E00121694B7A081C40394028
S31508002B300A43E707174364089EE7664B11438A462C
S31508002B40EB18002928D066452CD0002B5BD0002D29
S31508002B5000D12CE15B4666465F07D2081743DD08BD
S31508002B603B002B4300D1E2E0802424032C432403BA
S31508002B70564D240B8CE05946114300D1D5E0591E19
S31508002B80012B00D1B9E1BB4200D1B1E101270B000D
S31508002B90382900DD40E72AE76146012779408C4657
S31508002BA06645D2D1002B00D1C5E0002D00D055E1F5
S31508002BB04B462500054300D112E2591E8C46012BCF
S31508002BC000D149E2414DAB4200D18FE201273829B5
S31508002BD011DC63461F2B00DD5BE2614620232700DC
S31508002BE05B1A050098409F40CD40431E9841CC4053
S31508002BF02F430743A344BF189742924152425A446F
S31508002C0014004D4687E7344F6B1C3B4200D0B6E0B4
S31508002C105946230011430F000343002D00D026E137
S31508002C20002B00D1C0E1002900D1A1E0831A984603
S31508002C305B464045AD41E31A6D425B1B80252D047A
S31508002C402B4200D14BE15B46101A824292411C1B73
S31508002C500700012663465242A41A27431E40002F46
S31508002C6000D142E12C4200D16DE2194B01251C40EE
S31508002C701BE7BD4200D13BE10127382B00DD45E7C4
S31508002C80802759463F0439438B462AE70024002704
S31508002C902D052543F60735433800290003B0F0BC57
S31508002CA0BB46B246A946A046F0BD7B0704D00F2313
S31508002CB03B40042B00D0E7E62B00F808034A6707D9
S31508002CC00743E508934200D14AE7A5E0FF0700005D
S31508002CD0FFFF7FFF01F8FFFFFE070000380000F046
S31508002CE0C7FB030018331F2B00DCA7E63A00083899
S31508002CF082409D4200DD8AE05B1B581C1F2800DCD1
S31508002D00D8E117001F3BDF40202805D040231B1AB7
S31508002D109A40531E9A4117430025002F00D1E5E03B
S31508002D207B0700D0ABE62C00C6E7C008C6E700273D
S31508002D300024D14DACE7D14F6B1C3B4271D1230027
S31508002D400343002D00D04EE15746002B00D1B5E1D4
S31508002D50002F0DD08318834280415C4440422418DA
S31508002D60220200D5C8E11F009846274300D1BCE0DF
S31508002D7043466707DB081F43E50800234CE0831A30
S31508002D8098465B464045BF41E31A7F42DB1B1F025C
S31508002D907CD447461F4300D1A6E01C00474645E6BB
S31508002DA0B74CED1A14407B0700D080E784E74B4602
S31508002DB02500054366D05F1E012B00D1FCE0AE4D11
S31508002DC0AB4200D15EE16646382F00DCB4E0012054
S31508002DD0171ABA4292415B4652424D469C1A20E661
S31508002DE06707C0080743E508BAE61F005946203FAB
S31508002DF0F9400F00202B05D04021CB1A594699409F
S31508002E000A43924653465A1E93411F4304E6EB1A59
S31508002E109B4D15406F07ED082C035D05240B6D0DC2
S31508002E2036E7954DAB4200D1D6E0821821008242A2
S31508002E308041594440420818C707520817434408B6
S31508002E40520700D485E10F221D003A40042A00D01B
S31508002E501AE6FF08640727430509DDE75B46D2083B
S31508002E605F071743DD087BE60027002410E7002BE1
S31508002E7000D0D6E0002900D02FE1802400267E4D20
S31508002E80240305E766465C46D00817E75B46171A2B
S31508002E90BA4292411C1B012663465242A41A1E409E
S31508002EA0C4E58318834280415C44404225182A02BF
S31508002EB000D4DAE0724A5B081540EA071A43690843
S31508002EC05B0700D44AE10F231340042B00D1FCE032
S31508002ED0171D9742A441644202256418ECE647464A
S31508002EE01C001F4300D043E7002600250024CFE638
S31508002EF0C00867070743E50832E6871A5B46B84203
S31508002F008041E41A4042241A230228D46307FF08A2
S31508002F101F43E50801237FE7002B00D173E64B46E4
S31508002F205F1B3B00002D00D142E7382F00DDECE0A7
S31508002F3080230E001B041C431F2F25DC202523009D
S31508002F40ED1B0100A840AB40F940451EA8410B43C4
S31508002F50FC4018435B461B1B9B4639E76646012522
S31508002F6062E51F005946203FF9408C46202B05D0C4
S31508002F7040275946FB1A99400A43924657467B1EF4
S31508002F809F4163461F43C1E53B002500203BDD40CA
S31508002F90202F04D04023DB1B9C402043804640461C
S31508002FA0431E9841284313E700299DD0012663460E
S31508002FB05C4690461E40DBE6171A5B46BA429241CB
S31508002FC01C1B5242A41A2302C8D46307FF081F43D6
S31508002FD066460123E5081FE71D000024002757E67B
S31508002FE05C46D0086AE6002B00D137E75346C0088E
S31508002FF067070743E508002B00D1B1E580231B03CB
S315080030001D4208D05946C808184204D1D2084907B3
S315080030100A43170005007B0FFF00FF085B071F43E5
S315080030209EE5C00863071843E508002953D08023A6
S315080030301B031D420AD05946CC081C4206D101265C
S3150800304063462500D008490708431E40470FC000BD
S31508003050C0087F07074383E58318934292415C447F
S315080030605242A5182A0200D524E76F07DB081F433A
S31508003070ED080123D0E6C046FF070000FE07000062
S31508003080FFFF7FFF5B46D2085F0766461743DD08EA
S3150800309066E52500203BDD406346202B05D040230E
S315080030A061465B1A9C402043804647467B1E9F41EB
S315080030B02F43A0E520210027091AD2E4002F00D1CA
S315080030C013E75C4617000025F6E5D70849070223EB
S315080030D00F432D09A0E6070042E55B4601265F0778
S315080030E0DD086346D20817431E4039E55B46D20819
S315080030F05F071743DD0833E51E4ADB0822405707FA
S31508003100520201251F43140BC2E50E0001205FE69B
S31508003110002B0DD04B465B1B9C46002D00D148E585
S315080031200127382B00DD66E580231B041C4350E588
S315080031306B1C114D2B4200D073E6594623001143F0
S315080031408A46034300E66707C00800230743E508E5
S3150800315062E66407FF08274305095DE6D2084907C2
S3150800316011430F0002232D0956E60700A4E538008F
S315080031708FE4C046FFFF7FFFFE070000F0B5C64696
S315080031801E03360BB0460D4E0C034D005F0000B50E
S31508003190240B6D0D7F0DB5420BD0084900208F42D8
S315080031A004D1464616433000431E984180BCB846B3
S315080031B0F0BD04430120002CF8D1EEE7FF0700001C
S315080031C00B00020070B5164D0C0382B049000020B2
S315080031D000920193240B490DDE0FA94204DD114824
S315080031E0814203DD104BF01802B070BD8020400309
S315080031F020430E4C641A1F2C08DD0D4B5B1AD84071
S3150800320003005842002EEFD11800EDE7094B009A4B
S315080032109C46030061448B40E2401343F1E7C046F5
S31508003220FE0300001D040000FFFFFF7F33040000BB
S3150800323013040000EDFBFFFF70B5002816D0C31776
S31508003240C5185D40C40F280000F012F9104B1B1A70
S315080032505B055B0D0A2814DC02002E001532964029
S315080032600B22121AD5402D032D0B03E00024002350
S31508003270002500261B052B43E407234330001900CD
S3150800328070BD0B3885402D0300262D0BF2E7C0468E
S315080032901E04000010B5041E10D000F0E9F80E4B0D
S315080032A01B1A5B055B0D0A280FDC0B222100121A7C
S315080032B0D14015300A038440120B01E00023002296
S315080032C01B0513432000190010BD22000B3882404D
S315080032D012030024120BF3E71E04000070B5420225
S315080032E04300C40FFE201B0E591C550A08420CD079
S315080032F0E02189008C466D07120B63441B051343B6
S31508003300E40723432800190070BD002B14D1002DB3
S315080033101BD0280000F0ACF80A281CDC0B232A0076
S315080033201B1ADA40030015339D400E4B12031B1A75
S315080033305B05120B5B0DE1E7002D09D0130B80220C
S3150800334012031A436D07084BD8E700230022D5E776
S315080033500022054BD2E703002A000B3B9A400025C2
S31508003360E3E7C04689030000FF070000F0B54B00FD
S315080033700F035B0D3A4C450F83B07F0A5E1C2F4343
S3150800338000900191CA0FC50026420BD035495C183A
S31508003390FE2C13DDFF200023C0051843D207104377
S315080033A003B0F0BD3D43002B01D10020F4E7002D0A
S315080033B0F0D08023DB03FF203B43EDE7002C0CDD38
S315080033C0009BFF009B01581E8341690F3B430B433B
S315080033D0590727D1DB08E0B2DEE72100173131DBD8
S315080033E080211E2009043943001B1F282DDD0226D3
S315080033F07642341B0E00E6403400202804D01A48D2
S315080034008446634499400D432B00591E8B41234340
S31508003410590703D00F21194004290BD19B0100201D
S315080034205B0AB9E70F211940042904D19B015B0AFD
S31508003430E0B2B1E7002404335901F7D5013400237B
S31508003440E0B2A9E700200023A6E7084C1C192B00C8
S31508003450A540C340A140681E854129430B43D7E7D1
S31508003460FE07000080FCFFFFA2FCFFFF82FCFFFFB7
S315080034701C2101231B04984201D3000C10391B0A96
S31508003480984201D3000A08391B09984201D300095A
S31508003490043902A2105C40187047C04604030202B1
S315080034A001010101000000000000000010B500291C
S315080034B003D1FFF7DDFF203002E00800FFF7D8FF51
S315080034C010BDC04680B582B002AF8023DA00094934
S315080034D00948002301931823009300230FF0CAFC20
S315080034E00300012B01D0002300E001231800BD468C
S315080034F080BDC046189D0108F138000880B582B025
S3150800350000AF7860BF4BC0480122190002F018FAD4
S31508003510BC4B1A685B68012A02D1002B00D1ACE0CB
S31508003520BA4BBB480122190002F0AAF9B94BBA48AE
S315080035300122190002F0A4F9B84BB9480122190072
S3150800354002F09EF9B74BB8480122190002F098F923
S31508003550B64BB7480122190002F092F9B54BB648A6
S315080035600122190002F08CF9B44BB5480122190062
S3150800357002F086F9B34BB4480122190002F080F92B
S31508003580B24BB3480122190002F07AF9B14BB2489E
S315080035900122190002F074F9B04BB1480122190052
S315080035A002F06EF9AF4BB0480122190002F068F933
S315080035B0AE4BAF480122190002F062F9AD4BAE4896
S315080035C00122190002F05CF9AC4BAD480122190042
S315080035D002F056F9AB4BAC480122190002F050F93B
S315080035E0AA4BAB480122190002F04AF9A94BAA488E
S315080035F00122190002F044F9A84BA9480122190032
S3150800360002F03EF9A74BA8480122190002F038F942
S31508003610A64BA7480122190002F032F9A54BA64885
S315080036200122190002F02CF9A44BA5480122190021
S3150800363002F026F9A34BA4480122190002F020F94A
S31508003640A24BA3480122190002F01AF9A14BA2487D
S315080036500122190002F014F9A04BA1480122190011
S3150800366002F00EF96749012200230A604B60654B98
S3150800367065480122190002F003F9644B64480122E7
S31508003680190002F05DF9634B63480122190002F044
S3150800369057F9624B62480122190002F051F9614B51
S315080036A061480122190002F04BF95E4B1A685B6803
S315080036B010001900FDF71CF88A4A8B4BFEF76EFEC0
S315080036C002000B0010001900FFF750FE021C874B82
S315080036D01A60564B56480122190002F031F9554B2B
S315080036E055480122190002F02BF9544B544801227F
S315080036F0190002F025F9534B53480122190002F02C
S315080037001FF9524B52480122190002F019F9514B80
S3150800371051480122190002F013F9504B5048012272
S31508003720190002F00DF94F4B4F480122190002F01B
S3150800373007F94E4B4E480122190002F001F94D4B8C
S315080037404D480122190002F0FBF84C4B4C48012267
S31508003750190002F0F5F84B4B4B480122190002F00C
S31508003760EFF84A4B4A480122190002F0E9F8494B9A
S3150800377049480122190002F0E3F8484B484801225B
S31508003780190002F0DDF8474B47480122190002F0FC
S31508003790D7F8464B46480122190002F0D1F8454BA6
S315080037A045480122190002F0CBF8444B444801224F
S315080037B0190002F0C5F8434B43480122190002F0EC
S315080037C0BFF8424B42480122190002F0B9F8414BB2
S315080037D041480122190002F0B3F8404B4048012243
S315080037E0190002F0ADF8FFF76DFE01F0C1FE01F019
S315080037F0FFFE00F091FE00F03DF9C8200FF090FCA6
S31508003800C046F8E77804002000E8070818040020F6
S3150800381000000708200400200008070828040020E4
S3150800382000100708380400200018070808000020C0
S315080038300028070810000020003007084804002068
S315080038400038070850040020004007081800002028
S31508003850004807082000002000500708280000201C
S3150800386000580708300000200060070838000020CC
S315080038700068070858040020007007084000002068
S31508003880007807084800002000800708500000203C
S3150800389000880708580000200090070860000020EC
S315080038A0009807086800002000A807087000002094
S315080038B000B007087800002000B80708800000203C
S315080038C000C007088800002000C807086804002010
S315080038D000D007089000002000D8070898000020AC
S315080038E000E00708D26F5F07CE19913F3004002029
S315080038F080B582B000AF786000F006F864200FF05B
S315080039000FFCC046F8E70000B0B582B000AF504BD8
S315080039101A685B68110019432AD14E4B1B78012B94
S3150800392026D101F01FF903001800FDF7F1FC021C6F
S31508003930494B1B68191C101CFCF7BCFF031C181C00
S31508003940FCF75EFE02000B0044490A604B60434BDD
S3150800395043480122190001F093FF3D490122002343
S315080039600A604B603A4B3F480122190001F088FF74
S3150800397001F0F8F803001C0000231D00374B1A68F5
S315080039805B68AB425FD801D1A2425CD800237B605A
S3150800399003F01AF80100344B1A685B681300CB1859
S315080039A07B6005E0314B01220421180005F00FF871
S315080039B07B68002B05D003F007F802007B6893426A
S315080039C0F0D82A4B00220421180005F000F802F06E
S315080039D0FBFF0100264B1A685B6813005B019B1A04
S315080039E09B009B18DB00CB187B60C0467B68002BCE
S315080039F005D002F0E9FF02007B689342F6D802F090
S31508003A00E3FF0100184B1A685B681300CB187B604C
S31508003A1005E0164B01220421180004F0D8FF7B6844
S31508003A20002B05D002F0D0FF02007B689342F0D845
S31508003A300E4B00220421180004F0C9FF0449002295
S31508003A4000230A604B60C046BD4602B0B0BDC04602
S31508003A501804002014040020300400200000002070
S31508003A600020070800000708200400200004005072
S31508003A7028040020F0B585B000AFCC4B1B88142B6A
S31508003A8003D9CB4B04221A7091E0CA4B08211800BF
S31508003A9004F080FF031E06D0C64B0821180004F068
S31508003AA079FF031E03D1C24B05221A707FE0BF4B74
S31508003AB09A68BE4BDB68191C101CFCF7FBFE031C3E
S31508003AC01E1CBA4B1A69B94B5B69191C101CFCF70A
S31508003AD0F1FE031C191C301CFDF796F9031C181C73
S31508003AE0FDF7F6FB0300DA179B185340BB60DB179C
S31508003AF0FB60B14B1A685B68B868F9680E00B34298
S31508003B004CD80E00B34202D101008A4246D8A84BCF
S31508003B1001221A70A54B9A68A44BDB68191C101C65
S31508003B20FDF772F9031C181CFDF7D2FB0300DA1720
S31508003B309B1853403B60DB177B60A04B1A685B6899
S31508003B40386879680E00B34209D80E00B34202D12C
S31508003B5001008A4203D8964B02221A7027E0934B3B
S31508003B601A69924B5B69191C101CFDF74DF9031C69
S31508003B70181CFDF7ADFB0300DA179B1853401C0011
S31508003B80DB171D008E4B1A685B68AB420FD801D154
S31508003B90A2420CD8864B03221A7008E0844B0622F0
S31508003BA01A70002000F020FC002000F069FC804B11
S31508003BB01B78062B00D1A5E17D4B1B78052B00D978
S31508003BC09BE19A007F4BD3181B689F467E4B1800D3
S31508003BD001F016FF754B9B68181CFFF77FFB020068
S31508003BE00B007A49080001F00BFF0A200FF098FA3B
S31508003BF06E4BDB68181CFFF771FB02000B0074495B
S31508003C00080001F0FDFE0A200FF08AFA674B1B69CF
S31508003C10181CFFF763FB02000B006E49080001F051
S31508003C20EFFE0A200FF07CFA604B5B69181CFFF761
S31508003C3055FB02000B006849080001F0E1FE0A2066
S31508003C400FF06EFA594B1B881A00644B11001800C6
S31508003C5001F0D6FE0A200FF063FA544B5B68181C75
S31508003C60FFF73CFB02000B005D49080001F0C8FEA7
S31508003C700A200FF055FA4D4B9A684C4BDB68191C15
S31508003C80101CFCF717FE031C1C1C484B1A69474BF3
S31508003C905B69191C101CFCF70DFE031C191C201C63
S31508003CA0FDF7B2F8031C181CFDF712FB0300D91721
S31508003CB05A184A404B4B1100180001F0A1FE0A2081
S31508003CC00FF02EFA00F03AF91CE1474B180001F004
S31508003CD097FE364B9B68181CFFF700FB02000B008B
S31508003CE03A49080001F08CFE0A200FF019FA2F4B0A
S31508003CF0DB68181CFFF7F2FA02000B0034490800CB
S31508003D0001F07EFE0A200FF00BFA284B1B69181CDF
S31508003D10FFF7E4FA02000B002E49080001F070FED6
S31508003D200A200FF0FDF9214B5B69181CFFF7D6FA3C
S31508003D3002000B002849080001F062FE0A200FF075
S31508003D40EFF91A4B1B881A00244B1100180001F0D2
S31508003D5057FE0A200FF0E4F9144B5B68181CFFF7AE
S31508003D60BDFA02000B001E49080001F049FE0A20B0
S31508003D700FF0D6F90D4B9A680C4BDB68191C101C12
S31508003D80FDF742F8031C181CFDF7A2FA0300D91721
S31508003D905A184A40154B1100180001F031FE0A2046
S31508003DA00FF0BEF900F074F9ACE0C04688040020B4
S31508003DB040040020000C005028000020500000207D
S31508003DC07800002038A70108309D0108689D010881
S31508003DD0789D0108889D0108989D0108A89D0108FD
S31508003DE0B49D0108C49D0108E09D0108109E0108C4
S31508003DF0464B180001F004FE454B9B68181CFFF75C
S31508003E006DFA02000B004349080001F0F9FD0A208B
S31508003E100FF086F93E4BDB68181CFFF75FFA0200C5
S31508003E200B003D49080001F0EBFD0A200FF078F978
S31508003E30374B1B69181CFFF751FA02000B0037496C
S31508003E40080001F0DDFD0A200FF06AF9304B5B69C6
S31508003E50181CFFF743FA02000B003149080001F06D
S31508003E60CFFD0A200FF05CF9294B1B881A002D4B51
S31508003E701100180001F0C4FD0A200FF051F9244B77
S31508003E805B68181CFFF72AFA02000B00264908008F
S31508003E9001F0B6FD0A200FF043F91D4B1A691C4BB9
S31508003EA05B69191C101CFCF7AFFF031C181CFDF7F7
S31508003EB00FFA0300D9175A184A401C4B110018006C
S31508003EC001F09EFD0A200FF02BF900F085F919E0A4
S31508003ED0174B180001F094FD002000F085FA0A201F
S31508003EE00FF01EF9002000F0CBFA0BE0114B18007A
S31508003EF001F086FD00F014FA04E00F4B180001F0FB
S31508003F007FFDC046C046BD4605B0F0BD209E0108EF
S31508003F1088040020689D0108789D0108889D01088D
S31508003F20989D0108A89D0108B49D0108509E0108A6
S31508003F30609E0108949E0108A49E0108B0B584B04D
S31508003F4000AF484B1B88180000231900464B1A6817
S31508003F505B688B4204D800D074E0824200D871E0D6
S31508003F60404B5B7F1C0000231D00404B1A685B68B2
S31508003F70944267D19D4265D13A4B5C683C4B1A68BE
S31508003F805B6810001900FCF78FFB031C191C201C2A
S31508003F90FCF7B0FA031E55D00023FB6002F014FDAF
S31508003FA00100344B1A685B6813005B019B1A9B007F
S31508003FB09B18DB00CB18FB602F4B180001F020FD87
S31508003FC01BE03B002D4A9A602D4B80221A702D4B20
S31508003FD01A685B68D3B27D33DAB2294BDA703B00D4
S31508003FE0274A03CA03C3FA239A003B0011001800A4
S31508003FF000F006FB05200FF093F8FB68002B05D0B0
S3150800400002F0E2FC0200FB689342DAD81E4B180065
S3150800401001F0F6FC012000F0E7F9FA239B001800EE
S315080040200FF07EF8002000F02BFA184B1A685B6830
S3150800403013005B019B1A9B009B18DB0018000FF00E
S315080040406FF80BE0002000F0CFF9FA239B00180068
S315080040500FF066F8002000F013FAC046C046BD46C9
S3150800406004B0B0BD880400201800002058040020C1
S315080040703800002040000020D89E01080300000CEC
S315080040807004002030000020049F0108480000202A
S31508004090B0B584B000AF464B1B8818000023190042
S315080040A0444B1A685B688B4203D800D06FE08242A3
S315080040B06DD93F4B5B7F1C0000231D003E4B1A68E1
S315080040C05B68944263D19D4261D1394B5C683B4B36
S315080040D01A685B6810001900FCF7E6FA031C191C3D
S315080040E0201CFCF707FA031E51D00023FB6002F0E0
S315080040F06BFC0100324B1A685B6813005B019B1A64
S315080041009B009B18DB00CB18FB602E4B180001F0B8
S3150800411077FC1BE03B002C4A9A602C4B80221A70D5
S315080041202B4B1A685B68D3B27D33DAB2274BDA7049
S315080041303B00264A03CA03C3FA239A003B00110030
S31508004140180000F05DFA05200EF0EAFFFB68002B68
S3150800415005D002F039FC0200FB689342DAD8012048
S3150800416000F042F9FA239B0018000EF0D9FF01204F
S3150800417000F086F9174B1A685B6813005B019B1AF7
S315080041809B009B18DB0018000EF0CAFF0BE000200E
S3150800419000F02AF9FA235B0018000EF0C1FF002090
S315080041A000F06EF9C046C046BD4604B0B0BDC04674
S315080041B08804002018000020600400206000002009
S315080041C068000020D89E01080300000C7004002037
S315080041D05800002070000020B0B584B000AF464BF0
S315080041E01B88180000231900444B1A685B688B4229
S315080041F003D800D06FE082426DD93F4B5B7F1C002D
S3150800420000231D003E4B1A685B68944263D19D42A9
S3150800421061D1394B5C683B4B1A685B681000190022
S31508004220FCF742FA031C191C201CFCF763F9031E51
S3150800423051D00023FB6002F0C7FB0100324B1A681D
S315080042405B6813005B019B1A9B009B18DB00CB186D
S31508004250FB602E4B180001F0D3FB1BE03B002C4AF9
S315080042609A602C4B80221A702B4B1A685B68D3B263
S315080042707D33DAB2274BDA703B00264A03CA03C3FA
S31508004280FA239A003B001100180000F0B9F905203E
S315080042900EF046FFFB68002B05D002F095FB0200E6
S315080042A0FB689342DAD8012000F09EF8FA239B00B7
S315080042B018000EF035FF012000F0E2F8174B1A68D7
S315080042C05B6813005B019B1A9B009B18DB001800B8
S315080042D00EF026FF0BE0002000F086F8FA235B00BC
S315080042E018000EF01DFF002000F0CAF8C046C046B0
S315080042F0BD4604B0B0BDC0468804002018000020A2
S31508004300680400208800002090000020D89E01083C
S315080043100300000C70040020800000209800002094
S3150800432080B584B000AF0023FB6002F04DFB0100AE
S31508004330274B1A685B6813005B019B1A9B009B1846
S31508004340DB00CB18FB60234B180001F059FB1BE080
S315080043503B00214A9A60214B80221A70204B1A682A
S315080043605B68D3B27D33DAB21C4BDA703B001B4A6A
S3150800437003CA03C3FA239A003B001100180000F091
S315080043803FF905200EF0CCFEFB68002B05D002F0A5
S315080043901BFB0200FB689342DAD8012000F024F8E0
S315080043A0FA239B0018000EF0BBFE012000F068F807
S315080043B00C4B1A685B6813005B019B1A9B009B18E1
S315080043C0DB0018000EF0ACFEC046BD4604B080BD4A
S315080043D068000020D89E01080300000C7004002025
S315080043E0580000207000002080B582B000AF7860C9
S315080043F07B68002B1DD01D4B1A685B68110019439A
S3150800440017D01B49012200230A604B60A023DB0555
S3150800441001221021180004F0DAFA164B1B78012B3A
S315080044201FD0144B01221A70134B180001F0E8FA3A
S3150800443017E00F49002200230A604B60A023DB0522
S3150800444000221021180004F0C2FA0A4B1B78012B2F
S3150800445007D1084B00221A70084B180001F0D0FA51
S31508004460FFE7C046BD4602B080BDC0460800002032
S315080044704804002016040020309F0108549F0108B4
S3150800448080B582B000AF78607B68002B1CD01C4BCF
S315080044901A685B681100194316D01A4901220023CD
S315080044A00A604B60184B01224021180004F08FFA6D
S315080044B0164B1B78012B1ED0144B01221A70144B75
S315080044C0180001F09DFA16E00E49002200230A6042
S315080044D04B600D4B00224021180004F078FA0B4B74
S315080044E01B78012B07D1094B00221A70094B1800BB
S315080044F001F086FAFFE7C046BD4602B080BDC04659
S315080045001000002050040020000800501504002068
S315080045107C9F0108A09F010880B582B002AF802366
S31508004520DA0011491148124B01931823009300230E
S315080045300EF0A0FC0300012B01D0012310E080231C
S31508004540DA000C490C480D4B0193182300930023FD
S315080045500EF090FC0300012B01D0012300E000239C
S315080045601800BD4680BDC046C89F010881450008A1
S3150800457080040020E49F0108B9450008840400204F
S3150800458090B587B000AF7860094B1B68094A0C24C0
S31508004590391918000EF0F6F90300012B03D13B195F
S315080045A0180000F055F801200EF0BAFDECE7C046F9
S315080045B0E00500203689410080B582B000AF7860FA
S315080045C0FA235B0018000EF0ABFD0B4B1B78022B91
S315080045D00ED10A4B1B780133DAB2084B1A70074B17
S315080045E01B78142B04D900F0CBFA044B00221A705E
S315080045F0014B02221A70E3E7E8050020B004002008
S3150800460090B583B000AF78603960104B1C683A6883
S3150800461013005B019B1A9B009B18DB001A00FA2308
S3150800462099001000FBF78CFD03001A007968002337
S3150800463020000EF068F80300012B01D0012300E0EA
S3150800464000231800BD4603B090BDC046E40500200F
S3150800465080B582B000AF78607B689B68434A934216
S315080046603DD0424A934200D97AE0414A934263D008
S315080046703F4A934200D973E03E4A93420FD03D4ADF
S3150800468093426DD83C4A934246D03B4A934267D8F8
S315080046903A4A934248D03A4A934255D060E07B68FA
S315080046A0180000F09BF8021C364B1A617B6818004C
S315080046B000F0C6F8021C334B5A617B68180000F0FC
S315080046C0F1F8021C2F4B9A607B68180000F01CF961
S315080046D0021C2C4BDA602C4B01221A7041E07B68D5
S315080046E002221C21180000F0E7F903001A00254BE6
S315080046F05A777B6802221E21180000F0DDF90300B4
S315080047001A00204B1A777B68180000F02FF903006F
S315080047109AB21C4B1A8024E07B68180000F056F900
S31508004720021C184B9A611CE07B68180000F02EF8F2
S31508004730021C144B5A6014E07B68180000F086F9D6
S31508004740021C104B1A620CE07B6802220E2118002C
S3150800475000F0B2F9030019000A4B2422995400E02C
S31508004760C046C046BD4602B080BDC04611F1FE181F
S3150800477000E5FE180BBFFE18E41DF0180003F00C48
S315080047801102FF0C880400201404002080B584B0B0
S3150800479000AF78607B6801220121180001F08DF9CD
S315080047A003001800FCF7B4FD031CFB60F868FEF76D
S315080047B095FD084A084BFDF7F1FD02000B001000B5
S315080047C01900FEF7D3FD031CFB60FB68181CBD46E9
S315080047D004B080BD9A9999999999D93F80B584B0C2
S315080047E000AF78607B6802220121180001F065F9A4
S315080047F003001800FCF78CFD031CFB60F868FEF745
S315080048006DFD00220B4BFDF7C9FD02000B001000E1
S315080048101900094A094BFEF7A7F802000B00100019
S315080048201900FEF7A3FD031CFB60FB68181CBD46B8
S3150800483004B080BD0000B03F728A8EE4F23F1F408C
S3150800484080B584B000AF78607B6803220121180028
S3150800485001F033F903001800FCF75AFD031CFB604E
S31508004860F868FEF73BFD00220B4BFDF797FD0200AB
S315080048700B0010001900094A094BFEF775F80200EB
S315080048800B0010001900FEF771FD031CFB60FB68A6
S31508004890181CBD4604B080BD0000B03F728A8EE485
S315080048A0F23F1F4080B584B000AF78607B68022273
S315080048B00121180001F001F903001800FCF728FD92
S315080048C0031CFB60F868FEF709FD00220B4BFDF799
S315080048D065FD02000B0010001900094A094BFEF796
S315080048E043F802000B0010001900FEF73FFD031CF9
S315080048F0FB60FB68181CBD4604B080BD0000B03FD5
S31508004900728A8EE4F23F1F4080B584B000AF7860AB
S315080049107B6803220121180001F0CFF80300180074
S31508004920FCF7F6FC031CFB60F868FEF7D7FC0022D0
S315080049300B4BFDF733FD02000B0010001900094A66
S31508004940094BFEF711F802000B0010001900FEF7DC
S315080049500DFD031CFB60FB68181CBD4604B080BD3A
S315080049600000B03F728A8EE4F23F1F4090B585B0D2
S3150800497000AF786008243B1902220021180011F0C4
S31508004980A5FC3B1978680222012101F05AF83B1967
S3150800499000220221180001F090F80300FB60F86875
S315080049A0FEF74AFC0022084BFDF7F8FC02000B0054
S315080049B010001900FEF704FC0300FB60FB681800F2
S315080049C0BD4605B090BDC0460000703F90B585B0A5
S315080049D000AF786008243B1902220021180011F064
S315080049E075FC3B1978680122002101F02AF83B1969
S315080049F000220221180001F060F803001800FCF7F5
S31508004A0087FC031CFB60F868FEF768FC00220C4B69
S31508004A10FDF7C4FC02000B0010001900094A0A4BF6
S31508004A20FDF7BCFC02000B0010001900FEF79EFC07
S31508004A30031CFB60FB68181CBD4605B090BDC0464C
S31508004A400000503FCDCCCCCCCCCC4C4090B585B0FA
S31508004A5000AF786008243B1904220021180011F0E1
S31508004A6035FC3B1978680322002100F0EAFF3B1960
S31508004A7000220421180001F020F803001800FCF7B2
S31508004A8047FC031CFB60F868FEF728FC084A094B3C
S31508004A90FDF784FC02000B0010001900FEF766FC07
S31508004AA0031CFB60FB68181CBD4605B090BDC046DC
S31508004AB09A9999999999A93FF0B585B000AF786008
S31508004AC008001100FB1C021C1A70BB1C0A1C1A7079
S31508004AD0FB1C1A78BB1C1B78D318402B03DCBB1CA9
S31508004AE01B78082B01D9002337E00F203B1800223A
S31508004AF01A700E243B1900221A70FB1C1B78DB085F
S31508004B00DAB20D257B1906218A1A1A700C26BB19EA
S31508004B10FA1C127807210A401A707B191B787A68E2
S31508004B20D3181B781A00BB191B781A411300DAB27E
S31508004B300B257B1901210A401A707B191A783B1933
S31508004B401B789A4013005AB23B181B785BB2134382
S31508004B505AB23B181A703B181B781800BD4605B0A8
S31508004B60F0BD000080B500AF044B1B6A181CFBF7AC
S31508004B70F5FC03001800BD4680BDC0468804002029
S31508004B8080B500AF044B28220021180011F09EFBC7
S31508004B90C046BD4680BDC0468804002080B584B0A6
S31508004BA000AF78600F23FB1800221A700B4A7B6847
S31508004BB01100180000F014F8031E07D1074BDA7825
S31508004BC0064BDB881900100000F06AF80F23FB1863
S31508004BD01B781800BD4604B080BDC046B40400204A
S31508004BE090B585B000AF786039600E203B1800227A
S31508004BF01A807B681A783B681A707B6801331A78C2
S31508004C003B685A707B6802331A783B689A707B68EF
S31508004C1003331A783B68DA707B6804331A783B6882
S31508004C201A717B68591D3B681B791A0004003B18EA
S31508004C30180011F047FC3B191B88180000F026FFE6
S31508004C4003001A003B68DA807B6807331B781A0072
S31508004C503B681A817B6808331A783B689A723B6806
S31508004C601B787E2B03D13B689B7A7F2B05D00A4B9A
S31508004C70180000F0C5FE01230AE03B681B89082BD3
S31508004C8005D0064B180000F0BBFE012300E0002308
S31508004C901800BD4605B090BD20A0010840A0010837
S31508004CA0F0B5BBB000AF0300E7203A181370E42351
S31508004CB0FA180B1C13803B181B781C2B01D900F023
S31508004CC097FB9A00D54BD3181B689F46E4243B19DB
S31508004CD01B889BB2D822B9180B600023DC217918EF
S31508004CE00B60CF4BBA181168526819605A60CC4BE2
S31508004CF0CC480122190000F0C3FD3B191A88CA4B9B
S31508004D001100180000F07CFE7BE3E4243B191B88A5
S31508004D109BB2D022B9180B600023D42179180B60F6
S31508004D20C24BBA181168526819605A60BF4BC0481E
S31508004D300122190000F0A4FD3B191A88BD4B110089
S31508004D40180000F05DFE5CE3E4243B191B889BB267
S31508004D50C822B9180B600023CC2179180B60B64B12
S31508004D60BA181168526819605A60B34BB3480122E1
S31508004D70190000F085FD3B191A88B14B110018007F
S31508004D8000F03EFE3DE3E4243B191B889BB2C0229B
S31508004D90B9180B600023C42179180B60A94BBA18FF
S31508004DA01168526819605A60A64BA7480122190073
S31508004DB000F066FD3B191A88A44B1100180000F094
S31508004DC01FFE1EE3E4243B191B889BB2B822B918C0
S31508004DD00B600023BC2179180B609D4BBA1811682B
S31508004DE0526819605A609A4B9A480122190000F0D5
S31508004DF047FD3B191A88984B1100180000F000FE71
S31508004E00FFE2E4243B191B889BB2B022B9180B6059
S31508004E100023B42179180B60904BBA1811685268B0
S31508004E2019605A608D4B8E480122190000F028FD42
S31508004E303B191A888B4B1100180000F0E1FDE0E2DF
S31508004E40E4243B191B889BB2A822B9180B600023DF
S31508004E50AC2179180B60844BBA181168526819602E
S31508004E605A60814B81480122190000F009FD3B195F
S31508004E701A887F4B1100180000F0C2FDC1E2E42435
S31508004E803B191B889BB2A022B9180B600023A421EA
S31508004E9079180B60774BBA181168526819605A600E
S31508004EA0744B75480122190000F0EAFC3B191A8870
S31508004EB0724B1100180000F0A3FDA2E2E4243B198E
S31508004EC01B889BB29822B9180B6000239C2179187D
S31508004ED00B606B4BBA181168526819605A60684BB8
S31508004EE068480122190000F0CBFC3B191A88664B6A
S31508004EF01100180000F084FD83E2E4243B191B88A6
S31508004F009BB29022B9180B600023942179180B6084
S31508004F105E4BBA181168526819605A605B4B5C4858
S31508004F200122190000F0ACFC3B191A88594B1100F4
S31508004F30180000F065FD64E2E4243B191B889BB267
S31508004F408822B9180B6000238C2179180B60524B04
S31508004F50BA181168526819605A604F4B4F480122B7
S31508004F60190000F08DFC3B191A884D4B11001800EA
S31508004F7000F046FD45E2E4243B191B889BB28022DB
S31508004F80B9180B600023842179180B60454BBA18B1
S31508004F901168526819605A60424B43480122190049
S31508004FA000F06EFC3B191A88404B1100180000F0FF
S31508004FB027FD26E2E4243B191B889BB2BB67002326
S31508004FC0FB673B4BB96FFA6F19605A60384B394823
S31508004FD00122190000F054FC3B191A88364B1100BF
S31508004FE0180000F00DFD0CE2E4243B191B889BB267
S31508004FF03B6700237B67314B396F7A6F19605A60BC
S315080050002E4B2F480122190000F03AFC3B191A884A
S315080050102C4B1100180000F0F3FCF2E150A7010830
S3150800502008000020002807085CA0010810000020DE
S31508005030003007088CA0010848040020003807083B
S31508005040BCA001085004002000400708ECA0010895
S3150800505018000020004807081CA1010820000020AD
S315080050600050070848A10108280000200058070832
S315080050707CA101083000002000600708A8A10108EB
S315080050803800002000680708D8A101085804002045
S315080050900070070808A201084000002000780708E9
S315080050A034A20108480000200080070864A201080D
S315080050B0500000200088070894A201085800002024
S315080050C000900708C0A20108E4243B191B889BB27C
S315080050D0BB660023FB66CD4BB96EFA6E19605A6043
S315080050E0CA4BCB480122190000F0CAFB3B191A88A3
S315080050F0C84B1100180000F083FC82E1E4243B1938
S315080051001B889BB23B6600237B66C34B396E7A6E5F
S3150800511019605A60C04BC1480122190000F0B0FB63
S315080051203B191A88BE4B1100180000F069FC68E1AB
S31508005130E4243B191B889BB2BB650023FB65B94B6E
S31508005140B96DFA6D19605A60B64BB7480122190055
S3150800515000F096FB3B191A88B44B1100180000F0B2
S315080051604FFC4EE1E4243B191B889BB23B650023A8
S315080051707B65AF4B396D7A6D19605A60AC4BAD489B
S315080051800122190000F07CFB3B191A88AA4B110072
S31508005190180000F035FC34E1E4243B191B889BB267
S315080051A0BB640023FB64A54BB96CFA6C19605A60A2
S315080051B0A24BA3480122190000F062FB3B191A888A
S315080051C0A04B1100180000F01BFC1AE1E4243B195F
S315080051D01B889BB23B6400237B649B4B396C7A6CBF
S315080051E019605A60984B99480122190000F048FB4B
S315080051F03B191A88964B1100180000F001FC00E1D3
S31508005200E4243B191B889BB2BB630023FB63914BC9
S31508005210B96BFA6B19605A608E4B8F4801221900D8
S3150800522000F02EFB3B191A888C4B1100180000F071
S31508005230E7FBE6E0E4243B191B889BB23B630023AB
S315080052407B63874B396B7A6B19605A60844B854848
S315080052500122190000F014FB3B191A88824B110031
S31508005260180000F0CDFBCCE0E4243B191B889BB268
S31508005270BB620023FB627D4BB96AFA6A19605A6001
S315080052807A4B7B480122190000F0FAFA3B191A8872
S31508005290784B1100180000F0B3FBB2E0E4243B1988
S315080052A01B889BB23B6200237B62734B396A7A6A1E
S315080052B019605A60704B71480122190000F0E0FA33
S315080052C03B191A886E4B1100180000F099FB98E0FC
S315080052D0E4243B191B889BB2BB610023FB61694B25
S315080052E0B969FA6919605A60664B6748012219005C
S315080052F000F0C6FA3B191A88644B1100180000F032
S315080053007FFB7EE0E4243B191B889BB23B610023AC
S315080053107B615F4B39697A6919605A605C4B5D48F5
S315080053200122190000F0ACFA3B191A885A4B1100F1
S31508005330180000F065FB64E0E4243B191B889BB267
S31508005340BB600023FB60554BB968FA6819605A6060
S31508005350524B53480122190000F092FA3B191A8859
S31508005360504B1100180000F04BFB4AE0E4243B19AF
S315080053701B889BB23B6000237B604B4B39687A687D
S3150800538019605A60484B1A685B6810001900FBF7E9
S31508005390AFF9464A464BFDF701F802000B004549AE
S315080053A00A604B60404B44480122190000F068FA35
S315080053B03B191A88414B1100180000F021FB20E028
S315080053C0E426BB191B889BB21C0000231D003C4B1E
S315080053D01C605D603A4B3B480122190000F050FA08
S315080053E0BB191A88384B1100180000F009FB08E0B1
S315080053F0E723FB181A78354B1100180010F0C6FE83
S31508005400C046C046BD463BB0F0BDC0466000002061
S3150800541000980708F0A201086004002000A0070809
S3150800542020A301086800002000A807084CA301086B
S315080054307000002000B007087CA30108780000204F
S3150800544000B80708ACA301088000002000C00708C0
S31508005450D8A301088800002000C8070808A4010886
S315080054606804002000D0070838A40108900000202E
S3150800547000D8070864A401089800002000E007087F
S3150800548094A401081804002000000708C4A4010811
S315080054902004002000080708F8A4010828040020B2
S315080054A0001007082CA5010838040020D26F5F07F2
S315080054B0CE19913F300400200018070864A501089A
S315080054C00000002000200708A0A50108DCA50108A7
S315080054D080B500AF094B1B78002B09D1084B180083
S315080054E000F014F80749084B0122180006F062FB81
S315080054F0024B01221A70C046BD4680BDD804002062
S31508005500C0040020200900208808002080B582B049
S3150800551000AF786080239B0018000EF039FF020068
S315080055207B681A607B681B68002B02D101235B42EB
S3150800553019E07B681B68802292009A187B685A607B
S315080055407B68802292001A817B6800225A817B68D8
S3150800555001229A817B681A687B681A617B681A68D7
S315080055607B685A6100231800BD4602B080BD000062
S3150800557080B582B002AFFFF7ABFF01200DF0A7F8A8
S3150800558002000C4B1A600B4B1B68002B04D10A4B0C
S31508005590180000F035FA0AE080231A01074908487E
S315080055A0002301931923009300230DF063FCBD46E5
S315080055B080BDC046DC040020F8A5010814A6010831
S315080055C0C555000880B582B000AF7860074B180053
S315080055D00FF076F9031E03D1044B1800FFF7DEFA25
S315080055E0FA239B0018000DF09BFDEFE7E00400206E
S315080055F080B582B002AF00F0B9F800220C21052070
S315080056000CF0F1FF02001C4B1A6000220C21052049
S315080056100CF0E9FF0200194B1A60174B1B68002BA8
S3150800562005D1174B180000F0EBF9012320E0802381
S315080056301A0114491448154B01931A2300930023A1
S315080056400DF018FC0300012B01D0012310E0802384
S31508005650DA000F490F48104B0193182300930023D3
S315080056600DF008FC0300012B01D0012300E0002304
S315080056701800BD4680BDC046E0050020E4050020B0
S315080056804CA6010870A6010801570008F00500207D
S315080056907CA601089D560008EC05002090B587B049
S315080056A000AF7860124B4021180002F0A1FB031EE0
S315080056B019D00C243B190F4A0D48402102F034FA40
S315080056C00C4B1A6821007B189A600B4B01221A7042
S315080056D00A4B1868791800230A220DF014F80120DD
S315080056E00DF01EFDDEE702200DF01AFDDAE7C046D2
S315080056F010070020F4050020E8050020E00500203A
S31508005700B0B586B000AF786000F058F8134B1B6848
S31508005710134A0824391918000DF034F90300012B2F
S3150800572012D13B199A680F4B1A6017257C19082362
S31508005730FA180C490C4B180002F0B0F90300237054
S315080057407B191B78022BF0D001200DF0E9FC00F044
S3150800575057F80A200DF0E4FCD8E7C046E405002017
S31508005760368941001C0600201007002080B586B047
S3150800577000AF3B008022D2051A603B0000225A6027
S315080057803B0002229A603B000122DA603A000A4B8B
S315080057901100180002F092F8031E01D000F0E2FC96
S315080057A0054B180002F0E7F8031E01D000F0DAFCFA
S315080057B0C046BD4606B080BD1007002080B500AFC4
S315080057C00E4B0822DA600D4B8022D2055A600B4B2D
S315080057D000229A60094B00221A61084B00225A617E
S315080057E0064B00229A61054B0022DA61034B002220
S315080057F01A6200231800BD4680BDC0461C0600205C
S3150800580080B500AF1C4A1D4B1100180002F0A2FA21
S31508005810031E2DD1184B9B68182B08D009D8102BBE
S3150800582009D006D8002B08D0082B08D001E0C046BE
S3150800583006E0C04604E0C04602E0C04600E0C046B6
S315080058400D4B5B69002B13D00C4B180002F0B9F80E
S31508005850FA235B0018000DF063FC00F043FAFA2304
S315080058605B0018000DF05CFCFFF780FFFFF7A6FF52
S31508005870C046BD4680BDC046400600201007002031
S3150800588080B58CB000AFF860B9607A600023FB621F
S31508005890FB68294A934203D9FB68284A934201D9EF
S315080058A0012344E002F09CFD00237B6118217B184C
S315080058B002221A60FB68F822120694466344DA0A42
S315080058C07B189A607B180122DA607B188022120204
S315080058D05A601423FA187B181100180002F03EFECD
S315080058E0031E03D002F0C2FD0300FB620023BB6265
S315080058F016E0BB6ADB00BA68D3181A685B68F968F1
S31508005900012002F01FFD031E04D002F0AFFD0300C4
S31508005910FB6209E0FB680833FB60BB6A0133BB62C4
S31508005920BA6A7B689A42E4D302F07EFDFB6A1800E5
S31508005930BD460CB080BDC046FFFF0608FFFF07083E
S3150800594080B586B000AFF860B960BB1D1A80162313
S31508005950FB1800221A8012E0FB6816203A181288F3
S31508005960D200B96889181A685B680A604B60FB68D8
S315080059700833FB603B181A883B1801321A80162335
S31508005980FA18BB1D12881B889A42E5D3C046C04642
S31508005990BD4606B080BD000080B584B000AF786013
S315080059A00023FB60144B40220021180010F08EFCE7
S315080059B07A68114B1100180010F0F8FB0300FB6021
S315080059C0FB68002B14DD0C4B1800FAF79DFB03004F
S315080059D01A00094BD218094B1000190003231A00A4
S315080059E010F070FDFA68044B110018000EF026FF3F
S315080059F0C046BD4604B080BD6C06002088A60108D6
S31508005A000FB490B593B000AF08243B19402200218B
S31508005A10180010F05BFC542308229B18DB197B60E6
S31508005A207A68B96D3B19180010F044FC3B19180048
S31508005A30FFF7B2FFC046BD4613B090BC08BC04B021
S31508005A40184780B586B000AFF860B9607A603B60E9
S31508005A507A68BB68D31A01333B6100237B610CE08B
S31508005A607A687B69D31AFA68D21839687B69CB18C1
S31508005A7012781A707B6901337B617A693B699A42AD
S31508005A80EED3C046C046BD4606B080BD80B582B0DE
S31508005A9000AF0200BB1D1A80BB1D00229B5E1B02C5
S31508005AA01AB2BB1D1B881B0A9BB21BB213431BB23F
S31508005AB09BB21800BD4602B080BD80B586B000AF67
S31508005AC0F860B9607A6000237B617B683B610AE015
S31508005AD07B691B023A69F9688A18127813437B6155
S31508005AE03B6901333B617A68BB68D3183A699A42C5
S31508005AF0EEDB7B691800BD4606B080BD80B500AFF9
S31508005B0000F030FF00F026F800F030FA00F032F925
S31508005B1000F078F900F0B4F900F0DAF900F076F858
S31508005B2000F0E0F80EF0ECFD0CF000FB064A074B1F
S31508005B30002118000CF042FB0200054B1A600CF01D
S31508005B4017FBC046FDE7C046C4A70108FD34000898
S31508005B501C09002090B595B000AF14243B19180015
S31508005B603C231A00002110F0B1FB3B1D180010233E
S31508005B701A00002110F0AAFB80239B00180004F0ED
S31508005B80BDFC3B1921221A603B19802252025A6039
S31508005B903B198022D203DA6121007B1802221A629D
S31508005BA07B1803225A627B1800229A627B180C2201
S31508005BB0DA627B18802292021A637B18802292048A
S31508005BC05A637B18802292059A637B18180004F0A2
S31508005BD0E1FC031E01D000F0C5FA3B1D07221A603E
S31508005BE03B1D02225A603B1D00229A603B1D002283
S31508005BF0DA603B1D0121180005F02CF8031E01D0C0
S31508005C0000F0B0FAC046BD4615B090BD80B584B068
S31508005C1000AF3B1D18000C231A00002110F056FB9C
S31508005C202D4B2E4A1A602C4B8022D2055A602A4BDD
S31508005C3000229A60284B0022DA60274B00221A615C
S31508005C40254B04225A61244B00221A76224B002245
S31508005C505A76214B00229A761F4B0122DA611E4B97
S31508005C602022002199541C4B00225A621A4B00220A
S31508005C709A62194B2C2200219954174B00221A6359
S31508005C80154B00225A63144B00229A63124B3C228E
S31508005C9000219954104B0022DA640F4B180000F0CB
S31508005CA0B1FF031E01D000F05DFA3B1D0C4A1A60D5
S31508005CB03B1D00225A603B1D00229A603A1D064B86
S31508005CC01100180001F046F9031E01D000F04AFA47
S31508005CD0C046BD4604B080BDAC0600200024014085
S31508005CE08000001C80B500AF204B214A1A601F4B6C
S31508005CF000225A601D4B00229A601C4B0022DA6073
S31508005D001A4B00221A74194B00225A74174B002298
S31508005D109A74164B0C225A61144B01229A61134B42
S31508005D200D22DA61114B02221A62104B01225A62C5
S31508005D300E4B01229A620D4B0122DA620B4B0122AD
S31508005D401A630A4B00225A63084B00229A63074BD0
S31508005D500022DA63054B180001F04AFC031E01D045
S31508005D6000F000FAC046BD4680BDC04610070020B8
S31508005D700064004080B500AF204B214A1A601F4BD3
S31508005D8000225A601D4B00229A601C4B0022DA60E2
S31508005D901A4B00221A74194B00225A74174B002208
S31508005DA09A74164B0C225A61144B01229A61134BB2
S31508005DB00D22DA61114B02221A62104B01225A6235
S31508005DC00E4B01229A620D4B0122DA620B4B01221D
S31508005DD01A630A4B00225A63084B00229A63074B40
S31508005DE00022DA63054B180001F002FC031E01D0FD
S31508005DF000F0B8F9C046BD4680BDC046740700200D
S31508005E000068004080B500AF1B4B1C4A1A601A4B4D
S31508005E10822252005A60184B00229A60164BC02202
S31508005E209200DA60144B00221A61134B00225A6161
S31508005E30114B802292009A610F4B0822DA610E4BB1
S31508005E4000221A620C4B00225A620B4B00229A62FD
S31508005E50094B0722DA62084B00221A63064B08220E
S31508005E605A63054B180005F005FB031E01D000F028
S31508005E7079F9C046BD4680BDD807002000380040E5
S31508005E8080B500AF0F4B104A1A600E4B0A225A60B3
S31508005E900C4B00229A600B4B0C4ADA60094B002225
S31508005EA01A61084B00225A61064B00229A61054B7B
S31508005EB0180005F097FB031E01D000F053F9C04601
S31508005EC0BD4680BD3C0800200044014080BB000060
S31508005ED080B500AF234B244A1A60224BE1225202B6
S31508005EE05A60204B00229A601E4B0022DA601D4B36
S31508005EF000221A611B4B0C225A611A4B00229A6126
S31508005F00184B0022DA61174B00221A62154B002241
S31508005F105A62144B00229A62124B180005F0F4FDDF
S31508005F20031E01D000F01EF90E4B0021180007F0E1
S31508005F3061FE031E01D000F015F90A4B0021180076
S31508005F4007F098FE031E01D000F00CF9054B180067
S31508005F5007F016FE031E01D000F004F9C046BD4640
S31508005F6080BDC046880800200044004090B58BB02C
S31508005F7000AF14243B19180014231A00002110F04E
S31508005F80A5F9694B5A6B684B04210A435A63664B59
S31508005F905B6B042213403B613B69634B5A6B624B54
S31508005FA020210A435A63604B5B6B20221340FB6037
S31508005FB0FB685D4B5A6B5C4B01210A435A635A4B8B
S31508005FC05B6B01221340BB60BB68574B5A6B564B41
S31508005FD002210A435A63544B5B6B022213407B60CF
S31508005FE07B68514B5A6B504B08210A435A634E4BF8
S31508005FF05B6B082213403B603B6881239B014B483F
S315080060000022190002F0E3FC4949A023DB0500221F
S31508006010180002F0DCFC4749474B0022180002F042
S31508006020D6FC464B00220121180002F0D0FC3B1991
S31508006030812292011A603B1901225A603B190022FB
S315080060409A603B190022DA603B19384A1900100099
S3150800605002F034FB3B1901221A603B1900225A60F0
S315080060603B1900229A603A19A023DB051100180093
S3150800607002F024FB3B192E4A1A603B1901225A608A
S315080060803B1900229A603B190022DA603A19A023CC
S31508006090DB051100180002F011FB3B19254A1A60AE
S315080060A03B1901225A603B1900229A603B190022CB
S315080060B0DA603B19204A1900100002F0FFFA3B1972
S315080060C080221A603B1900225A603B1900229A6006
S315080060D03B19164A1900100002F0F0FA3B19012282
S315080060E01A603B1901225A603B1900229A603B1933
S315080060F00022DA603B19114A1900100002F0DEFA94
S3150800610021007B180E221A607B1800225A607B1821
S3150800611000229A607B18094A1900100002F0CEFA8C
S31508006120C046BD460BB090BD0010024000080050A6
S31508006130708000008410000000040050000C00501D
S3150800614080B582B000AF78607B681B68044A9342CA
S3150800615001D100F027FCC046BD4602B080BDC0464E
S315080061600020004080B500AF72B6C046C046FDE7C5
S3150800617080B582B000AF154B1A6C144B01210A4347
S315080061801A64124B1B6C012213407B607B680F4B11
S31508006190DA6B0E4B802149050A43DA630B4BDA6B3F
S315080061A080235B0513403B603B6802235B42002269
S315080061B00321180001F02EF9C023DB00180000F0B7
S315080061C00DFCC046BD4602B080BDC0460010024068
S315080061D090B58BB000AF786014243B1918001423CF
S315080061E01A00002110F072F87B681B68184A93425F
S315080061F029D1184B1A6C174B802149030A431A6494
S31508006200144B1A6C80235B0313403B613B69114BAB
S315080062105A6B104B01210A435A630E4B5B6B0122E2
S315080062201340FB60FB683B1980221A603B19032266
S315080062305A603B1900229A603A19A023DB0511001F
S31508006240180002F03BFAC046BD460BB090BDC046EA
S31508006250002401400010024090B59FB000AF78605E
S315080062606423FB18180014231A00002110F02EF8D6
S3150800627018243B1918004C231A00002110F026F8A0
S315080062807B681B685F4A934259D13B198022920466
S315080062901A603B1900229A643B19180004F0AEFEF6
S315080062A0031E01D0FFF75EFF574B1B685A1C564B5F
S315080062B01A60554B1B68012B0DD1544BDA6B534BA7
S315080062C0802149010A43DA63504BDA6B80235B016C
S315080062D013407B617B694D4B5A6B4C4B02210A4339
S315080062E05A634A4B5B6B022213403B613B6964214C
S315080062F07B18C02292001A607B1802225A607B180B
S3150800630000229A607B180022DA607B1803221A6141
S315080063107B183F4A1900100002F0D0F90022032129
S31508006320152001F077F8152001F089F800220321DD
S31508006330162001F06FF8162001F081F85DE07B6801
S315080063401B68344A934258D118217B18802292043C
S315080063501A607B1800229A647B18180004F04EFE17
S31508006360031E01D0FFF7FEFE274B1B685A1C264B5F
S315080063701A60254B1B68012B0DD1244BDA6B234B76
S31508006380802149010A43DA63204BDA6B80235B01DB
S315080063901340FB60FB681D4B5A6B1C4B02210A43DA
S315080063A05A631A4B5B6B02221340BB60BB686421BD
S315080063B07B1860221A607B1802225A607B1800221A
S315080063C09A607B180022DA607B1803221A617B1810
S315080063D00F4A1900100002F071F900220321152056
S315080063E001F018F8152001F02AF8002203211620DA
S315080063F001F010F8162001F022F8C046BD461FB07D
S3150800640090BDC046006400402409002000100240E8
S31508006410000400500068004090B58BB000AF78606B
S3150800642014243B19180014231A0000210FF04EFFFC
S315080064307B681B681B4A934230D11B4BDA6B1A4B9D
S315080064408021C9010A43DA63174BDA6B8023DB0123
S3150800645013403B613B69144B5A6B134B02210A43A9
S315080064605A63114B5B6B02221340FB60FB683B19B6
S31508006470E02212021A6021007B1802225A607B1859
S3150800648000229A607B180022DA607B1800221A61C3
S315080064907B18064A1900100002F010F9C046BD46DE
S315080064A00BB090BD003800400010024000040050B8
S315080064B080B584B000AF78607B681B680E4A93424B
S315080064C015D10E4B1A6C0D4B802189020A431A64AA
S315080064D00A4B1A6C80239B021340FB60FB68002260
S315080064E00321152000F096FF152000F0A8FFC046EE
S315080064F0BD4604B080BDC0460044014000100240BD
S3150800650090B59DB000AF78605C23FB181800142383
S315080065101A0000210FF0DAFE10243B1918004C234C
S315080065201A0000210FF0D2FE7B681B68264A9342A8
S3150800653046D13B1902221A603B1900229A603B1980
S31508006540180004F05BFD031E01D0FFF70BFE1F4B7E
S31508006550DA6B1E4B802189020A43DA631B4BDA6B1E
S3150800656080239B021340FB60FB68184B5A6B174B42
S3150800657001210A435A63154B5B6B01221340BB602A
S31508006580BB685C217B180C221A607B1802225A60B1
S315080065907B1800229A607B180022DA607B18012299
S315080065A01A617A18A023DB051100180002F086F894
S315080065B0002203211C2000F02DFF1C2000F03FFFC5
S315080065C0C046BD461DB090BD0044004000100240C4
S315080065D0B0B58CB000AF78602B23FB1800221A7078
S315080065E0384B1A6C374B802109020A431A64354B1B
S315080065F01A6C80231B021340BB60BB680C23FA1875
S3150800660010243B191100180004F0CEFC3B19DB6876
S315080066107B627B6A002B04D104F0B0FC0300FB62AA
S3150800662004E004F0ABFC03005B00FB62FB6A26494E
S315080066301800F9F785FD0300013B3B62234B244A0A
S315080066401A60224B234ADA60204B3A6A5A601F4B7B
S3150800665000221A611D4B00229A601C4B00229A6187
S315080066602B257C19194B180004F0BCFF0300237076
S315080066707B191B78002B1ED17C19144B180005F0CA
S3150800668009F8030023707B191B78002B13D11320FC
S3150800669000F0D5FE7B68032B09D87B680022190019
S315080066A0132000F0B7FE0C4B7A681A6003E02B2320
S315080066B0FB1801221A702B23FB181B781800BD46FD
S315080066C00CB0B0BD0010024040420F00280900205F
S315080066D000200040E7030000A400002080B500AFBA
S315080066E0C046FDE780B500AFC046FDE780B500AF00
S315080066F0034B180002F00EFBC046BD4680BDC046DF
S3150800670098BC002080B500AF034B180005F024F8AC
S31508006710C046BD4680BDC0462809002080B500AFEA
S31508006720074B180005F018F8064B180001F07CFB1B
S31508006730054B180001F078FBC046BD4680BDC04633
S315080067403C080020100700207407002080B500AF21
S31508006750054B180001F068FB044B180001F064FBB8
S31508006760C046BD4680BDC0461007002074070020FD
S3150800677080B500AF034B180005F082FAC046BD4647
S3150800678080BDC0468808002080B500AF01231800E8
S31508006790BD4680BD80B582B000AF786039600FF025
S315080067A059FE030016221A6001235B421800BD46F3
S315080067B002B080BD80B582B000AF786001235A422E
S315080067C07B6811001800FFF7E5FFC046FDE780B5B6
S315080067D086B000AFF860B9607A6000237B610AE092
S315080067E000E000BF0100BB685A1CBA60CAB21A7042
S315080067F07B6901337B617A697B689A42F0DB7B6847
S315080068001800BD4606B080BD80B586B000AFF860FA
S31508006810B9607A6000237B6109E0BB685A1CBA60DC
S315080068201B78180000E000BF7B6901337B617A6939
S315080068307B689A42F1DB7B681800BD4606B080BDCE
S3150800684080B582B000AF786001235B421800BD4670
S3150800685002B080BD80B582B000AF786039603B6811
S31508006860802292015A6000231800BD4602B080BDFE
S3150800687080B582B000AF786001231800BD4602B02B
S3150800688080BD80B584B000AFF860B9607A60002337
S315080068901800BD4604B080BD80B586B000AF7860EC
S315080068A0144A154BD31A7B617B693B61134B1B68F2
S315080068B0002B02D1114B124A1A60104B1A687B68DA
S315080068C0D3183A699A4207D20FF0C4FD03000C2286
S315080068D01A6001235B4209E0084B1B68FB60074B03
S315080068E01A687B68D218054B1A60FB681800BD4603
S315080068F006B080BD00400220000400007409002094
S31508006900E8C2002080B500AFC046BD4680BD000085
S315080069100D488546FFF7F6FF0C480D490D4A00233A
S3150800692002E0D458C4500433C4188C42F9D30A4A36
S315080069300A4C002301E013600432A242FBD30FF095
S315080069408FFDFFF7DBF8FEE700400220000000207D
S31508006950F4030020F4AD0108F8030020E4C2002087
S31508006960FEE7000080B582B000AFFB1D00221A705A
S315080069700B4B1A680A4B802149000A431A60032008
S31508006980FFF726FE031E03D0FB1D01221A7001E045
S31508006990FFF7EEFBFB1D1B781800BD4602B080BD55
S315080069A00020024080B500AF054B1B781A00054B46
S315080069B01B68D218034B1A60C046BD4680BDC04648
S315080069C0A80000207809002080B500AF024B1B689C
S315080069D01800BD4680BDC0467809002080B582B043
S315080069E000AF7860064B1B68064A13401900044B33
S315080069F07A680A431A60C046BD4602B080BDC046E2
S31508006A0000000140FFF9FFFF80B582B000AF786053
S31508006A1039607B681B68054A1A403B681A437B68DD
S31508006A201A60C046BD4602B080BDC046FFFF3FFEA5
S31508006A3080B582B000AF78607B681A68E0235B0493
S31508006A4013401800BD4602B080BD80B584B000AFC3
S31508006A50F860B9607A60FB685B69BA6804210A4025
S31508006A60072191400A00D2431A40BB6804210B4013
S31508006A70796899400B001A43FB685A61C046BD46BF
S31508006A8004B080BD80B582B000AF786039607B689D
S31508006A905B693A6804210A40072191400A001A40B6
S31508006AA03B6804210B40DA4013001800BD4602B0CB
S31508006AB080BD80B584B000AFF860B9607A60FB68C5
S31508006AC09B6ABA681F210A400F2191400A00D243E7
S31508006AD01A407B689B0E0F211940BB681F20034094
S31508006AE099400B001A43FB689A62C046BD4604B03B
S31508006AF080BD80B582B000AF786039607B689A6ADD
S31508006B003B685B035B0B1A437B689A62C046BD46CB
S31508006B1002B080BD80B582B000AF786039607B680E
S31508006B209B6A3A685203520BD2431A407B689A62B0
S31508006B30C046BD4602B080BD80B584B000AFF860DF
S31508006B40B9607A60FB685B69BA681202D2431A4078
S31508006B50BB681B0279680B4004490B401A43FB6863
S31508006B605A61C046BD4604B080BDC04600FFFF0757
S31508006B7080B582B000AF78607B689B68054A134091
S31508006B80802252051A437B689A60C046BD4602B009
S31508006B9080BDC046E8FFFF6F80B582B000AF786061
S31508006BA07B689A6880235B051A4080235B059A42B6
S31508006BB001D1012300E000231800BD4602B080BDC4
S31508006BC080B582B000AF78607B689B68012213406D
S31508006BD0012B01D1012300E000231800BD4602B0B5
S31508006BE080BD80B582B000AF78607B689B68042260
S31508006BF01340042B01D1012300E000231800BD46F1
S31508006C0002B080BD80B588B000AF78601F23FB183E
S31508006C1000221A700023BB6100237B610023FB60FE
S31508006C207B68002B01D101237FE17B689B6D002BDC
S31508006C300AD17B681800FFF7CBFA7B680022DA6571
S31508006C407B685422002199547B681B681800FFF75B
S31508006C50A3FF031E15D17B681B681800FFF788FF82
S31508006C60B44B1B68B4491800F9F76AFA03000133F4
S31508006C705B00FB6002E0FB68013BFB60FB68002BE6
S31508006C80F9D17B681B681800FFF786FF031E0FD132
S31508006C907B689B6D10221A437B689A657B68DB6D5F
S31508006CA001221A437B68DA651F23FB1801221A7032
S31508006CB07B681B681800FFF794FF03003B617B683D
S31508006CC09B6D1022134000D022E13B69002B00D0B7
S31508006CD01EE17B689B6D994A134002221A437B6822
S31508006CE09A657B681B681800FFF76AFF031E00D0C9
S31508006CF0ADE07B689A687B681B7E9B031A437B68BA
S31508006D005B7EDB031A437B689B7E5B031A437B68C7
S31508006D101B6B002B02D080235B0100E000231A4383
S31508006D207B68DB681A437B681B69002B04DA7B687F
S31508006D301B695B005B0801E080239B031A437B68A1
S31508006D402C215B5C5B001343BA691343BB617B6808
S31508006D5020229B5C012B15D17B689B7E002B05D1DD
S31508006D60BB69802252021343BB610BE07B689B6DB3
S31508006D7020221A437B689A657B68DB6D01221A43D9
S31508006D807B68DA657B685B6A002B0AD07B685A6A7F
S31508006D90E0235B001A407B689B6A1343BA69134376
S31508006DA0BB617B681B68DB68654A134019007B6812
S31508006DB01B68BA690A43DA607B685B689B0F9A07A7
S31508006DC07B68DB6C13437A6913437B617B683C22DF
S31508006DD09B5C012B11D17B685B689B0F9A077B68CC
S31508006DE01B6C1A437B685B6C1A437B689B6C1A4363
S31508006DF07B691343012213437B617B681B681B690C
S31508006E00504A134019007B681B687A690A431A615D
S31508006E107B685A68C0231B069A4218D07B685A6852
S31508006E208023DB059A4212D07B685A6880231B06AA
S31508006E309A420CD0444B1B68444A134019007B689D
S31508006E405A68F0239B031A403F4B0A431A607B6833
S31508006E5018687B685B6B1A000021FFF7F6FD7B68F4
S31508006E6018687B689B6B3A491A00FFF7EEFD7B684A
S31508006E701B69002B09D17B681B689A6A7B681B68AB
S31508006E80102149420A439A6218E07B681A698023EE
S31508006E909B039A4212D17B681B689B6A7B68DB69F5
S31508006EA0013B9B001C221340102252429A401100BB
S31508006EB07B681A6E7B681B680A439A627B681B6844
S31508006EC000211800FFF7DEFD02007B685B6B9A4223
S31508006ED00BD17B680022DA657B689B6D032293439E
S31508006EE001221A437B689A651CE07B689B6D122217
S31508006EF0934310221A437B689A657B68DB6D0122EF
S31508006F001A437B68DA651F23FB1801221A7009E009
S31508006F107B689B6D10221A437B689A651F23FB18B2
S31508006F2001221A701F23FB181B781800BD4608B0EB
S31508006F3080BDC046A0000020400D0300FDFEFFFFF7
S31508006F400102DEFF02FCFF1F08270140FFFFC3FF07
S31508006F5004FFFF0780B586B000AF78603960172355
S31508006F60FB1800221A700023FB607B6854229B5C86
S31508006F70012B01D10223C0E17B68542201219954D7
S31508006F807B681B681800FFF72CFE031E00D0A3E1E0
S31508006F903B685B68022B00D143E17B681A69802352
S31508006FA01B069A4204D07B681B69C14A934208D1E2
S31508006FB07B681A683B681B6819001000FFF799FD83
S31508006FC0C9E07B681A6E3B685B681F210B400F217E
S31508006FD099400B00DB43134019003B681B685B03B1
S31508006FE05B0B05D13B681B689B0E1F22134098E07C
S31508006FF03B681B680122134000D091E03B681B6880
S315080070000222134000D089E03B681B680422134023
S3150800701000D081E03B681B680822134000D079E065
S315080070203B681B681022134000D071E03B681B6860
S315080070302022134000D069E03B681B6840221340B9
S3150800704000D061E03B681B688022134000D059E0FD
S315080070503B681A6880235B00134051D13B681A6865
S3150800706080239B00134049D13B681A688023DB00C4
S31508007070134041D13B681A6880231B01134039D15C
S315080070803B681A6880235B01134031D13B681A6854
S3150800709080239B01134029D13B681A688023DB01B2
S315080070A0134021D13B681A6880231B02134019D16B
S315080070B03B681A6880235B02134011D13B681A6843
S315080070C080239B02134009D13B681A688023DB02A0
S315080070D0134001D0122324E0002322E0112320E0EC
S315080070E010231EE00F231CE00E231AE00D2318E0E0
S315080070F00C2316E00B2314E00A2312E0092310E000
S3150800710008230EE007230CE006230AE0052308E01F
S31508007110042306E0032304E0022302E0012300E03F
S3150800712000233A6852681F20024093400A001A4317
S315080071307B681A663B685B689B085A1C7B68DB6938
S315080071409A4208D87B6818683B6859683B681B6888
S315080071501A00FFF7AEFC7B6818683B6819683B683D
S315080071609B681A00FFF7E8FC3B681B68002B00DBEE
S31508007170BCE0504B1800FFF75BFC03003B613B6823
S315080071801B684D4A934222D13A6980231B04134057
S315080071901DD13B69802212041343464A1900100088
S315080071A0FFF732FC454B1B6845491800F8F7C8FF3E
S315080071B003005A1C13005B009B189B00FB6002E04F
S315080071C0FB68013BFB60FB68002BF9D18EE03B684E
S315080071D01B683C4A93420ED13A6980235B041340EC
S315080071E009D13B69802252041343324A1900100020
S315080071F0FFF70AFC7AE03B681B68334A934200D0E3
S3150800720074E03A698023DB03134000D06EE03B69E3
S315080072108022D2031343274A19001000FFF7F4FB14
S3150800722064E07B681A6980231B069A4204D07B684F
S315080072301B691F4A934207D17B681A683B681B681B
S3150800724019001000FFF766FC3B681B68002B4DDA37
S31508007250184B1800FFF7ECFB03003B613B681B6803
S31508007260154A934208D13B69184A1340114A190036
S315080072701000FFF7C9FB39E03B681B68114A9342C7
S3150800728008D13B69124A13400A4A19001000FFF751
S31508007290BBFB2BE03B681B680B4A934226D13B6934
S315080072A00C4A1340034A19001000FFF7ADFB1DE016
S315080072B00400008008270140001000B0A00000204C
S315080072C0400D0300004000B8002000B4FFFF7FFF18
S315080072D0FFFFFFFEFFFFBFFF7B689B6D20221A435F
S315080072E07B689A651723FB1801221A707B6854225B
S315080072F0002199541723FB181B781800BD4606B0C1
S3150800730080BDC04680B582B000AF0200FB1D1A7072
S31508007310FB1D1B787F2B09D8FB1D1B781A001F2322
S315080073201A40044B012191400A001A60C046BD4626
S3150800733002B080BD00E100E090B583B000AF020066
S315080073403960FB1D1A70FB1D1B787F2B28D82F4A26
S31508007350FB1D1B785BB29B08C0339B009B58FA1D2C
S315080073601278110003220A40D200FF2191400A0038
S31508007370D2431A4011003B689B01FF221A40FB1DAD
S315080073801B78180003230340DB009A401F48FB1DA7
S315080073901B785BB29B080A43C0339B001A5031E046
S315080073A01B4AFB1D1B7819000F230B40083B9B0843
S315080073B006339B00D31804331B68FA1D1278110094
S315080073C003220A40D200FF2191400A00D2431A4004
S315080073D011003B689B01FF221A40FB1D1B78180011
S315080073E003230340DB009A400948FB1D1B781C0059
S315080073F00F232340083B9B080A4306339B00C31808
S3150800740004331A60C046BD4603B090BD00E100E0F3
S3150800741000ED00E080B584B000AFB9607A600F2156
S315080074207B18021C1A70BA687B181B785BB21100AD
S315080074301800FFF781FFC046BD4604B080BD80B581
S3150800744082B000AF0200FB1D1A70FB1D1B785BB2F1
S315080074501800FFF757FFC046BD4602B080BD0000C2
S3150800746080B582B000AF78607B68002B01D101231C
S315080074704FE07B6825229B5CDBB2022B08D07B6839
S315080074800422DA637B68242200219954012340E010
S315080074907B681B681A687B681B680E218A431A601A
S315080074A07B689B6C1A687B689B6C1C490A401A604F
S315080074B07B681B681A687B681B6801218A431A6007
S315080074C07B685B6C1C221A407B681B6C012191400F
S315080074D00A005A607B68DB6C7A68126D5A607B68B2
S315080074E05B6D002B0CD07B685B6D1A687B685B6DE7
S315080074F00A490A401A607B689B6D7A68D26D5A60A1
S315080075007B682522012199547B68242200219954FD
S3150800751000231800BD4602B080BDC046FFFEFFFF2F
S3150800752080B584B000AF78600F217B1800221A70EE
S315080075307B6825229B5CDBB2022B06D07B68042283
S31508007540DA637B1801221A7048E07B681B681A68A0
S315080075507B681B680E218A431A607B681B681A6859
S315080075607B681B6801218A431A607B689B6C1A68D2
S315080075707B689B6C1D490A401A607B685B6C1C2201
S315080075801A407B681B6C012191400A005A607B688F
S31508007590DB6C7A68126D5A607B685B6D002B0CD0C9
S315080075A07B685B6D1A687B685B6D10490A401A60D8
S315080075B07B689B6D7A68D26D5A607B6825220121AB
S315080075C099547B682422002199547B689B6B002B75
S315080075D004D07B689B6B7A68100098470F23FB18CA
S315080075E01B781800BD4604B080BDC046FFFEFFFFED
S315080075F080B584B000AF78607B68002B01D1012389
S315080076004EE17B685C229B5CDBB2002B07D17B6872
S315080076105D22002199547B681800FEF71DFE7B68E1
S315080076201B689A697B681B6810218A439A61FFF771
S31508007630CBF90300FB6012E0FFF7C6F90200FB680E
S31508007640D31A0A2B0BD97B681B6E01221A437B6857
S315080076501A667B685C2203219954012320E17B6822
S315080076601B689B6908221340082BE5D07B681B68BA
S315080076709A697B681B6801210A439A61FFF7A4F996
S315080076800300FB6012E0FFF79FF90200FB68D31ABC
S315080076900A2B0BD97B681B6E01221A437B681A6674
S315080076A07B685C22032199540123F9E07B681B68F7
S315080076B09B6901221340E6D07B681B689A697B6840
S315080076C01B6802210A439A617B681B68764A9342C3
S315080076D003D1764A7B685B6813607B681B7C012B49
S315080076E008D17B681B689A697B681B6840218A43B6
S315080076F09A6107E07B681B689A697B681B6840216A
S315080077000A439A617B685B7C012B09D17B681B68FD
S315080077109A697B681B688021C9010A439A6107E058
S315080077207B681B689A697B681B6861490A409A618D
S315080077307B689B7C012B08D17B681B689A697B68F0
S315080077401B685C490A409A6108E07B681B689A696D
S315080077507B681B68802149010A439A617B681B681C
S315080077609B69554A134019007B689A687B681B68B1
S315080077700A439A617B681B689A697B681B68A4211F
S315080077808A439A617B681B681A697B681B681021A3
S315080077908A431A617B68DB68012B08D17B681B6802
S315080077A09A697B681B6804210A439A612CE07B6806
S315080077B0DB68002B28D07B68DB68022B1CD07B6833
S315080077C01B689A697B681B6880210A439A617B68F3
S315080077D01B681A697B681B6810210A431A617B6853
S315080077E0DB68032B10D17B681B689A697B681B686A
S315080077F020210A439A6107E07B681B689A697B68BF
S315080078001B6820210A439A617B689B69013B5A06DB
S315080078107B68DB69013B1B021A437B681B6A013BD9
S315080078201A4311007B685B69013B1A047B681B6875
S315080078300A43DA617B689A68C0239B009A4215D18D
S315080078407B689B6A5A1E7B68DB6A013B1B021A43EC
S315080078507B681B6B013B1B011A4311007B685B6A43
S31508007860013B1A047B681B680A43DA607B681B685D
S31508007870C02299587B68DA6B7B681B680A43C0216B
S315080078805A507B68180000F075FC7B6800229A65E0
S315080078907B6800221A667B685C22012199540023C2
S315080078A01800BD4604B080BD006400400065004075
S315080078B0FFBFFFFFFFEFFFFFFFFCFFFF80B586B0AE
S315080078C000AF7860396017203B187A685C21525CF3
S315080078D01A700200BB181B78012B03D0BB181B7843
S315080078E0022B3DD13B681B68002B19D13B689B686E
S315080078F09A073B68DB68DB061A433B681B691B046F
S315080079001A433B685B6913433B617B681A6C3B68A7
S315080079105B689B00D318BB60BB683A691A601DE0B8
S315080079203B68DB685A073B681B6913433B613B6846
S315080079309B689A073B685B691343FB607B685A6CD4
S315080079403B685B68DB00D318BB60BB683A691A60A2
S31508007950BB680433BB60BB68FA681A60002306E09C
S315080079607B681B6E02221A437B681A66012318007D
S31508007970BD4606B080BD80B582B000AF78607B6832
S315080079805C229B5CDBB2012B10D17B685C22022156
S3150800799099547B681B689A697B681B6801218A432E
S315080079A09A617B6800221A66002306E07B681B6ED4
S315080079B004221A437B681A6601231800BD4602B0E2
S315080079C080BD80B584B000AF78600023FB607B681B
S315080079D05C229B5CDBB2022B55D17B681B689A69DB
S315080079E07B681B6801210A439A6111E0FB680A2B30
S315080079F00BD97B681B6E01221A437B681A667B6863
S31508007A005C2203219954012344E0FB680133FB609F
S31508007A107B681B689B6901221340E7D00023FB6043
S31508007A207B681B689A697B681B6810218A439A6180
S31508007A3011E0FB680A2B0BD97B681B6E01221A43DF
S31508007A407B681A667B685C2203219954012321E02E
S31508007A50FB680133FB607B681B689B69082213403F
S31508007A60082BE6D07B681B689A697B681B6802212D
S31508007A700A439A617B6800229A657B685C22012129
S31508007A809954002306E07B681B6E08221A437B681C
S31508007A901A6601231800BD4604B080BD80B586B0BD
S31508007AA000AFF860B9607A60FB685C229B5CDBB269
S31508007AB0022B2DD1FB681B68C4229A5880239B038E
S31508007AC0134008D0FB681B6E802292001A43FB689D
S31508007AD01A66012323E0FB681B68C4229B581B0C0B
S31508007AE0032213407B617B697A68B968F86800F0FD
S31508007AF0ADFBFB681B6801217A6991400A00CC211D
S31508007B005A5001227B699A40FB689A65002306E071
S31508007B10FB681B6E08221A43FB681A6601231800C5
S31508007B20BD4606B080BD000080B58AB000AFF860DB
S31508007B30B9607A603B600023FB611B203B18FA683A
S31508007B405C21525C1A703B181B78022B00D0F4E0BB
S31508007B50BB68402B3BD1FB681B6890229B580F22C1
S31508007B60134008D1FB681B6E802252001A43FB683B
S31508007B701A660123E8E0FB681B6890229A5880235E
S31508007B805B041A4080235B049A420CD1FB681B688D
S31508007B9080229A5880239B001A4080239B009A4291
S31508007BA001D10123FB61FB681B6890229B581B0AC5
S31508007BB003221340FA69D318FB61FB68996CFA69CA
S31508007BC01300DB009B18DB00CB187B623AE0FB68EE
S31508007BD01B6898229B580F22134008D1FB681B6E1E
S31508007BE0802252001A43FB681A660123ACE0FB6840
S31508007BF01B6898229A5880235B041A4080235B04EA
S31508007C009A420CD1FB681B6880229A5880235B0035
S31508007C101A4080235B009A4201D10123FB61FB686D
S31508007C201B6898229B581B0A03221340FA69D3182B
S31508007C30FB61FB68D96CFA691300DB009B18DB0053
S31508007C40CB187B627B6A1A688023DB051A407B683F
S31508007C505A607B685B68002B07D17B6A1B689B0CA4
S31508007C605B055A0D7B681A6005E07B6A1B68DB00BA
S31508007C70DA087B681A607B6A1A6880239B051A40B3
S31508007C807B689A607B6A1B68DB0FDA077B681A6178
S31508007C907B6A04337B627B6A1B681B041A0C7B684D
S31508007CA0DA617B6A1B681B0C0F221A407B68DA6054
S31508007CB07B6A1A6880235B031A407B685A617B6A71
S31508007CC01A6880239B031A407B689A617B6A1B6843
S31508007CD01B0E7F221A407B681A627B6A1B68DA0FC2
S31508007CE07B685A627B6A04337B627B6A7B6100230A
S31508007CF03B620AE07A693B6AD21839683B6ACB1854
S31508007D0012781A703B6A01333B627B68DB68104A5B
S31508007D10D35C1A003B6A9342ECD3BB68402B05D16F
S31508007D20FB681B689421FA695A5004E0FB681B68D3
S31508007D309C21FA695A50002306E0FB681B6E08224C
S31508007D401A43FB681A6601231800BD460AB080BDAF
S31508007D5048A8010880B584B000AF786039607B68B0
S31508007D601B685B6CFB60FB6807221A403B681A605D
S31508007D70FB681B0A07221A403B685A60FB681822F0
S31508007D801A403B689A60FB685B0901221A403B6807
S31508007D90DA60FB689B0901221A403B681A61FB6896
S31508007DA0DB0901221A403B685A61FB68DB0A01229B
S31508007DB01A403B689A61FB681B0B01221A403B6814
S31508007DC0DA61FB685B0B01221A403B681A62FB68A2
S31508007DD09B0B01221A403B685A62FB681B0C7F22E8
S31508007DE01A403B689A6200231800BD4604B080BD5D
S31508007DF080B584B000AF786039603B68402B07D106
S31508007E007B681B6890229B580F221340FB6006E094
S31508007E107B681B6898229B580F221340FB60FB68FF
S31508007E201800BD4604B080BD80B58CB000AF786040
S31508007E307B681B681A6DE0235B011340FB627B6855
S31508007E401B685A6DFB6A1340FB627B681B681B6DD7
S31508007E5007221340BB627B681B685A6DBB6A1340D6
S31508007E60BB627B681B681B6D382213407B627B688C
S31508007E701B685A6D7B6A13407B627B681B681A6DA8
S31508007E80F1231B0413403B627B681B685A6D3B6AEF
S31508007E9013403B627B681B681A6DE0231B03134083
S31508007EA0FB617B681B685A6DFB691340FB617B6845
S31508007EB01B685B6DBB617B681B681B6D7B617B699F
S31508007EC09B091A00012313400DD0BB699B091A00B0
S31508007ED00123134007D07B681B6840221A657B681C
S31508007EE0180000F02DF97B691B0A1A0001231340BC
S31508007EF01CD0BB691B0A1A000123134016D07B68E5
S31508007F001B68D8229B583B617B681B68E0229A58FD
S31508007F103B6913403B617B681B68802252001A65E7
S31508007F203A697B681100180000F0F1F8FB6A002B2B
S31508007F3009D07B681B68FA6A1A65FA6A7B681100B9
S31508007F40180000F0B8F8BB6A002B09D07B681B68DC
S31508007F50BA6A1A65BA6A7B681100180000F0B4F8A4
S31508007F607B6A002B09D07B681B687A6A1A657A6A6D
S31508007F707B681100180000F0B0F87B695B0A1A00EC
S31508007F80012313400ED0BB695B0A1A000123134074
S31508007F9008D07B681B68802292001A657B681800E7
S31508007FA000F0A4F87B69DB091A00012313401BD0F3
S31508007FB0BB69DB091A000123134015D07B681B68CF
S31508007FC0D4229B58FB607B681B68DC229A58FB68A6
S31508007FD01340FB607B681B6880221A65FA687B6819
S31508007FE01100180000F08AF87B695B0B1A00012360
S31508007FF013400ED0BB695B0B1A000123134008D04F
S315080080007B681B68802292011A657B68180000F05D
S3150800801087F87B69DB0B1A00012313400ED0BB6976
S31508008020DB0B1A000123134008D07B681B688022EB
S3150800803012021A657B68180000F07AF87B699B0BB8
S315080080401A000123134010D0BB699B0B1A000123A9
S3150800805013400AD07B681B688022D2011A657B68A8
S315080080601B6E80221A437B681A66FB69002B09D0AF
S315080080707B681B68FA691A65FA697B68110018003B
S3150800808000F06EF83B6A002B09D07B681B683A6AD9
S315080080901A657B681A6E3B6A1A437B681A667B68A0
S315080080A01B6E002B03D07B68180000F051F8C04601
S315080080B0BD460CB080BD80B582B000AF786039602F
S315080080C0C046BD4602B080BD80B582B000AF7860BC
S315080080D03960C046BD4602B080BD80B582B000AFEB
S315080080E078603960C046BD4602B080BD80B582B0B2
S315080080F000AF7860C046BD4602B080BD80B582B08C
S3150800810000AF78603960C046BD4602B080BD80B514
S3150800811082B000AF78603960C046BD4602B080BD07
S3150800812080B582B000AF7860C046BD4602B080BD5B
S3150800813080B582B000AF7860C046BD4602B080BD4B
S3150800814080B582B000AF7860C046BD4602B080BD3B
S3150800815080B582B000AF7860C046BD4602B080BD2B
S3150800816080B582B000AF78603960C046BD4602B0BF
S3150800817080BD000080B584B000AF78602F4BBB602F
S315080081807B681B682E4A934205D1BB68D4229200AD
S3150800819094466344BB607B68BA681A647B681B684C
S315080081A080229B58274A134019007B685B6B1A0488
S315080081B07B681B680A4380215A50BB6870331A00D3
S315080081C07B685A647B681B6880229B581E4A13404A
S315080081D019007B689B6B1A067B681B680A4380211B
S315080081E05A50BB68B0331A007B689A64BB688933F7
S315080081F0FF331A007B68DA64BB68982292009A18E3
S315080082007B681A65BB689E2292009A187B685A6535
S31508008210BB68FB6005E0FB6800221A60FB68043354
S31508008220FB60BB68D422920094466344FA689A427B
S31508008230F1D3C046C046BD4604B080BD00B4004078
S3150800824000680040FFFFE0FFFFFFFFF080B588B041
S3150800825000AFF860B9607A603B60BB685B68002B6A
S315080082600AD1BB681A69BB689B681A43BB681B6856
S315080082709B041343FB610BE0BB681A69BB689B68E8
S315080082801A43BB681B6813438022D2051343FB615C
S31508008290BB681B6A1A06BB68DB691A43BB689B691D
S315080082A01A43BB685B691A43BB68DB681B04134344
S315080082B03B61FB68596D3A681300DB009B18DB00CD
S315080082C0CB18BB61BB69FA691A60BB690433BB6129
S315080082D0BB693A691A60BB690433BB6100237B61D9
S315080082E020E07B6903337A68D3181B781A067B6902
S315080082F002337968CB181B781B041A437B69013350
S315080083007968CB181B781B02134379687A698A182F
S3150800831012781A43BB691A60BB690433BB617B696F
S3150800832004337B61BB68DB68054AD35C1A007B694A
S315080083309342D6D3C046C046BD4608B080BDC046A7
S3150800834048A80108B0B586B000AFF860B9603A60D1
S315080083507B60214B1B78012B01D1022338E01E4B91
S3150800836001221A701C4B00225A6017257C19FA2321
S315080083709B00180000F084F8030023707B191B7813
S31508008380002B1FD1FB68012B06D13A687B68B968B8
S31508008390080000F0C3F805E03A68BB681100180049
S315080083A011F0B2FC1723FC18FA239B00180000F002
S315080083B067F803002370094B5A69FB68D943074BD2
S315080083C00A405A61044B00221A701723FB181B78BF
S315080083D01800BD4606B0B0BD7C090020002002404A
S315080083E080B582B000AFFB1D00221A700B4B5B698B
S315080083F0002B0CDA094B0A4A9A60084B094A9A601C
S31508008400064B5B69002B02DAFB1D01221A70FB1D65
S315080084101B781800BD4602B080BDC0460020024049
S3150800842023016745AB89EFCD80B582B000AFFB1D50
S3150800843001221A70FA239B00180000F021F80A4B53
S315080084405A69094B802109060A435A61064B5B693A
S31508008450002B02DAFB1D00221A70FB1D1B78180080
S31508008460BD4602B080BDC0460020024080B500AFC0
S31508008470024B5B681800BD4680BDC0467C090020DB
S3150800848080B584B000AF7860FEF79EFA0300FB6003
S31508008490C0239B02BB600CE07B68013309D0FEF762
S315080084A093FA0200FB68D31A7A689A4201D8032322
S315080084B028E0164B1B69BA681340EDD1134B1B69AC
S315080084C0134A1340BB60114B124A1A61BB68002B52
S315080084D011D0114BBA685A60012313E07B68013347
S315080084E009D0FEF771FA0200FB68D31A7A689A4235
S315080084F001D8032306E0054B1A698023DB021340E3
S31508008500ECD100231800BD4604B080BD002002400F
S31508008510FAC30000FBC308007C090020B0B584B08C
S3150800852000AFF8603A607B600B4B5A690A4B012131
S315080085300A435A61FB683A681A60BFF36F8FC046F0
S315080085407B681C0000231D00FB68043322001A60A8
S31508008550C046BD4604B0B0BD00200240B0B584B0E8
S3150800856000AF78603960334B1B78012B01D10223A9
S315080085705CE0304B01221A702E4B00225A600F2500
S315080085807C19FA239B001800FFF77AFF0300237073
S315080085902C003B191B78002B42D17B681B68042BE7
S315080085A00DD17B685B68180000F048F83C19FA237F
S315080085B09B001800FFF764FF0300237030E03B6858
S315080085C0012252421A607B689B68BB601AE07B688E
S315080085D05B68BA681100180000F044F80F257C198A
S315080085E0FA239B001800FFF74BFF030023707B1943
S315080085F01B78002B03D03B68BA681A600AE0BB6890
S315080086000133BB607B689A687B68DB68D318BA68F5
S315080086109A42DCD3084B5A69074B02218A435A61AE
S31508008620044B00221A700F23FB181B781800BD464E
S3150800863004B0B0BD7C0900200020024080B582B09D
S3150800864000AF7860064B5A697B681A43044B802151
S3150800865049020A435A61C046BD4602B080BDC046BB
S315080086600020024080B584B000AF786039600F4BB7
S315080086705B690F4A1340FB607B68042B05D0FB68D7
S31508008680802292011343FB6003E0FB68094A13400A
S31508008690FB603B68DA00FB681A43044B06490A4349
S315080086A05A61C046BD4604B080BDC046002002409F
S315080086B007E0FFFFFFDFFFFF0200010080B586B07D
S315080086C000AF7860396000237B614DE13B681B6829
S315080086D001217A6991400A001340FB60FB68002B70
S315080086E000D13EE13B685B6803221340012B05D0AD
S315080086F03B685B6803221340022B30D17B689B687A
S315080087003B617B695B0003229A401300DA433B69AD
S3150800871013403B613B68DA687B695B009A4013004B
S315080087203A6913433B617B683A699A607B685B6880
S315080087303B6101227B699A401300DA433B69134087
S315080087403B613B685B681B0901221A407B699A40BA
S3150800875013003A6913433B617B683A695A603B6880
S315080087605B6803221340032B17D07B68DB683B61E9
S315080087707B695B0003229A401300DA433B69134086
S315080087803B613B689A687B695B009A4013003A69CB
S3150800879013433B617B683A69DA603B685B6803228E
S315080087A01340022B23D17B69DA087B6808329200D2
S315080087B0D3583B617B69072213409B000F229A40DE
S315080087C01300DA433B6913403B613B681A697B69CE
S315080087D007210B409B009A4013003A6913433B61FB
S315080087E07B69DA087B68083292003969D1507B6860
S315080087F01B683B617B695B0003229A401300DA43DE
S315080088003B6913403B613B685B6803221A407B69FE
S315080088105B009A4013003A6913433B617B683A69E7
S315080088201A603B685A68C0239B02134000D198E03F
S31508008830534A7B699B0818339B009B583B617B69AD
S3150800884003221340DB000F229A401300DA433B69E8
S3150800885013403B617A68A023DB059A4219D07B68EE
S31508008860484A934213D07B68474A93420DD07B68A7
S31508008870464A934207D07B68454A934201D104236E
S3150800888008E0052306E0032304E0022302E00123AF
S3150800889000E000237A6903210A40D20093403A692E
S315080088A013433B6136497B699B0818339B003A6939
S315080088B05A50334B1B683B61FB68DA433B691340EC
S315080088C03B613B685A6880235B03134003D03A69CF
S315080088D0FB6813433B612A4B3A691A60284B5B686D
S315080088E03B61FB68DA433B6913403B613B685A6866
S315080088F080239B03134003D03A69FB6813433B610B
S315080089001F4B3A695A601E4A8423D3583B61FB6859
S31508008910DA433B6913403B613B685A6880239B02F4
S31508008920134003D03A69FB6813433B611449842218
S315080089303B698B50124A8023D3583B61FB68DA4364
S315080089403B6913403B613B685A6880235B021340CE
S3150800895003D03A69FB6813433B61094980223B69A6
S315080089608B507B6901337B613B681A687B69DA4007
S31508008970131E00D0AAE6C046C046BD4606B080BD56
S31508008980001802400004005000080050000C005077
S315080089900010005080B584B000AF78600A00BB1C98
S315080089A01A807B681B69BA1C1288134004D00F23EF
S315080089B0FB1801221A7003E00F23FB1800221A7015
S315080089C00F23FB181B781800BD4604B080BD80B580
S315080089D082B000AF786008001100BB1C021C1A8028
S315080089E07B1C0A1C1A707B1C1B78002B04D0BB1C32
S315080089F01A887B689A6103E0BB1C1A887B689A62AE
S31508008A00C046BD4602B080BD80B584B000AF786070
S31508008A100A00BB1C1A800A23FB6002E0FB68013BC4
S31508008A20FB60FB68002BF9D1BB1C1B88DB00064AE0
S31508008A30944663445B681B0C9BB29B059B0D9BB2DB
S31508008A401800BD4604B080BD0098004080B584B0CB
S31508008A5000AF78600A00BB1C1A800A23FB6002E09C
S31508008A60FB68013BFB60FB68002BF9D1BB1C1B882C
S31508008A70DB00064A944663441B681B0C9BB29B05A5
S31508008A809B0D9BB21800BD4604B080BD00980040FF
S31508008A9080B584B000AF78600A00BB1C1A800A2330
S31508008AA0FB6002E0FB68013BFB60FB68002BF9D129
S31508008AB0BB1C1B88DB00064A944663445B681B0C98
S31508008AC09BB29B059B0D9BB21800BD4604B080BDAA
S31508008AD00098004090B587B002AF78607B68002B9D
S31508008AE001D10123EAE07B68764A9B5CDBB2002B66
S31508008AF008D17A68A5239B000021D1547B68180009
S31508008B000CF046F87B686F4A032199547B681B680A
S31508008B10180005F063F90F23FB1800221A7049E0C4
S31508008B200F203B181A78796813009B009B18DB0006
S31508008B30CB18153301221A703B181A787968130076
S31508008B409B009B18DB00CB1814333A1812781A705E
S31508008B503B181A78796813009B009B18DB00CB1822
S31508008B60173300221A703B181A78796813009B008D
S31508008B709B18DB00CB18243300221A603B181A789E
S31508008B80796813009B009B18DB00CB18283300225A
S31508008B901A603B181B7879685A1C13009B009B18AF
S31508008BA0DB00CB18043300221A603B181A783B18EE
S31508008BB001321A707B681B790F217A1812789A424B
S31508008BC0AED37B1800221A7056E00F243B191A7888
S31508008BD078685623FF33190013009B009B18DB00A7
S31508008BE0C3185B1800221A703B191A787868AA23EA
S31508008BF0590013009B009B18DB00C3185B183A1931
S31508008C0012781A703B191A7878685823FF331900B6
S31508008C1013009B009B18DB00C3185B1800221A7010
S31508008C203B191A787868B223590013009B009B18E1
S31508008C30DB00C3185B1800221A603B191A7878689B
S31508008C40B423590013009B009B18DB00C3185B185C
S31508008C5000221A603B191A787868B623590013005F
S31508008C609B009B18DB00C3185B1800221A603B198F
S31508008C701A783B1901321A707B681B790F22BA18C9
S31508008C8012789A42A1D37B6818687B686A46197C71
S31508008C90117059689A68DB6805F0D9F87B68002274
S31508008CA05A747B68074A012199547B681B7B012B00
S31508008CB003D17B68180001F0F1FB00231800BD46BC
S31508008CC005B090BD9502000080B582B000AF78600F
S31508008CD07A68A5239B00D35C012B01D1022314E0FB
S31508008CE07A68A5239B000121D1547B681B6818006C
S31508008CF005F060F87B681B68180006F06AFE7A685B
S31508008D00A5239B000021D15400231800BD4602B0BC
S31508008D1080BD000080B584B000AF78607B681B68B2
S31508008D20180006F066FE0300FB607C4AA023D358B1
S31508008D300422134000D1EDE0FA6880231B02134099
S31508008D4004D07B68180000F035FBE4E0FA6880235D
S31508008D50DB00134011D07B681B685A6C7B681B6864
S31508008D606F490A405A647B6818000BF0D4FF7B6889
S31508008D700021180000F0E4F8CDE0FA688023DB0152
S31508008D80134008D07B681B685A6C7B681B6865496A
S31508008D900A405A64BFE0FA6880239B01134008D052
S31508008DA07B681B685A6C7B681B685F490A405A6473
S31508008DB0B1E0FA6880235B0113402CD07B681B68FE
S31508008DC01A6C7B681B6804218A431A647B681B68D3
S31508008DD01A6C7B681B6808218A431A647A68B3236D
S31508008DE09B00D35C012B09D17A68B3239B00002131
S31508008DF0D1547B68002118000CF00CFA7B68180027
S31508008E000BF0CAFF7B681B685A6C7B681B6847496E
S31508008E100A405A647FE0FA6880231B0113401CD07D
S31508008E207B681B681A6C7B681B6808210A431A64EE
S31508008E307B681B685A6C7B681B683D490A405A6404
S31508008E407B681B681A6C7B681B6804210A431A64D2
S31508008E507B6818000BF084FF5DE0FB6880221340F6
S31508008E6038D07B681B685A6C7B681B6831490A4096
S31508008E705A647A68B3239B00D35C002B25D17B68A0
S31508008E801B681A6C7B681B6804210A431A647B6892
S31508008E901B681A6C7B681B6808210A431A647A687F
S31508008EA0B3239B000121D1547B681B685B6D9B082B
S31508008EB03C22134019007A68B4239B00D1507B6882
S31508008EC0012118000CF0A6F925E07B6818000BF0C4
S31508008ED047FF20E0FA6880239B0013400CD07B688C
S31508008EE01B685A6C7B681B6813490A405A647B687E
S31508008EF018000BF001FF0EE0FA6880235B001340B0
S31508008F0009D07B681B685A6C7B681B680B490A404A
S31508008F105A6400E0C046BD4604B080BD000001406A
S31508008F20FFFB0000FFBF0000FFDF0000FFEF0000AF
S31508008F30FFF700007FFF0000FFFD0000FFFE0000B6
S31508008F4080B582B000AF78600A00FB1C1A707A6898
S31508008F50A5239B00D35C012B01D1022316E07A6876
S31508008F60A5239B000121D1547B68FA1C12785A74F8
S31508008F707B681A68FB1C1B781900100006F016FDA2
S31508008F807A68A5239B000021D15400231800BD460A
S31508008F9002B080BD90B585B000AF78600C001000B7
S31508008FA01900FB1C221C1A703B00021C1A80BB1CF1
S31508008FB00A1C1A700B23FB1800221A70FB1C1B785C
S31508008FC05BB2002B10DAFB1C1B7807221A40130031
S31508008FD09B009B18DB0010337A68D3180433FB60B8
S31508008FE0FB6801225A7010E0FB1C1B7807221A4006
S31508008FF013009B009B18DB005133FF337A68D318A4
S315080090000433FB60FB6800225A70FB1C1B7807229E
S315080090101340DAB2FB681A703B001A88FB681A61BB
S31508009020FB68BA1C1278DA70BB1C1B78022B02D1BB
S31508009030FB6800221A717A68A5239B00D35C012B72
S3150800904001D1022313E07A68A5239B000121D1549C
S315080090507B681B68FA681100180004F023FF7A6819
S31508009060A5239B000021D1540B23FB181B7818005D
S31508009070BD4605B090BD80B584B000AF78600A00E3
S31508009080FB1C1A70FB1C1B785BB2002B10DAFB1C4E
S315080090901B7807221A4013009B009B18DB0010332D
S315080090A07A68D3180433FB60FB6801225A7010E013
S315080090B0FB1C1B7807221A4013009B009B18DB0039
S315080090C05133FF337A68D3180433FB60FB680022F8
S315080090D05A70FB1C1B7807221340DAB2FB681A7019
S315080090E07A68A5239B00D35C012B01D1022311E0EA
S315080090F07A68A5239B000121D1547B681B68FA680E
S315080091001100180005F002FA7A68A5239B000021D1
S31508009110D15400231800BD4604B080BD80B586B082
S3150800912000AFF8607A603B600B203B180A1C1A7087
S3150800913001007B181B7807221A4013009B009B1816
S31508009140DB005133FF33FA68D31804337B617B693C
S315080091507A685A617B693A689A617B690022DA61A2
S315080091607B6900225A707B181B7807221340DAB2F3
S315080091707B691A70FB681B687A691100180005F08C
S315080091802BFB00231800BD4606B080BD80B582B013
S3150800919000AF78600A00FB1C1A70FB1C1B780722BC
S315080091A01A407868B823590013009B009B18DB0007
S315080091B0C3185B181B681800BD4602B080BD80B591
S315080091C086B000AFF8607A603B600B203B180A1C3B
S315080091D01A703B181B7807221A4013009B009B182D
S315080091E0DB001033FA68D31804337B617B697A682D
S315080091F05A617B693A689A617B69242201219954EC
S315080092007B693A681A627B690022DA617B69012206
S315080092105A703B181B7807221340DAB27B691A701A
S31508009220FB681B687A691100180005F0D5FA002357
S315080092301800BD4606B080BD80B584B000AF786022
S315080092400A00FB1C1A70FB1C1B78072213407A685D
S315080092501279934201D9012348E0FB1C1B785BB2C3
S31508009260002B10DAFB1C1B7807221A4013009B0000
S315080092709B18DB0010337A68D3180433FB60FB684D
S3150800928001225A700EE0FB1C1A7813009B009B18EB
S31508009290DB005133FF337A68D3180433FB60FB686D
S315080092A000225A70FB6801229A70FB1C1B78072261
S315080092B01340DAB2FB681A707A68A5239B00D35C60
S315080092C0012B01D1022311E07A68A5239B00012115
S315080092D0D1547B681B68FA681100180006F092FAE8
S315080092E07A68A5239B000021D15400231800BD46A7
S315080092F004B080BD80B584B000AF78600A00FB1C5E
S315080093001A70FB1C1B780F2213407A681279934255
S3150800931001D901234AE0FB1C1B785BB2002B10DA4B
S31508009320FB1C1B7807221A4013009B009B18DB00C6
S3150800933010337A68D3180433FB60FB6801225A702D
S3150800934010E0FB1C1B7807221A4013009B009B1891
S31508009350DB005133FF337A68D3180433FB60FB68AC
S3150800936000225A70FB6800229A70FB1C1B780722A1
S315080093701340DAB2FB681A707A68A5239B00D35C9F
S31508009380012B01D1022311E07A68A5239B00012154
S31508009390D1547B681B68FA681100180006F074FA45
S315080093A07A68A5239B000021D15400231800BD46E6
S315080093B004B080BDB0B58EB000AF786055E37B6869
S315080093C01B685A6C22203B181A803B181B88DAB295
S315080093D021243B190F210A401A703B191B78002BD0
S315080093E000D02BE13B181B881022134040D17B6824
S315080093F01B681B68C54A1340BB607B681B68BA6854
S31508009400802109020A431A607B6814337B637B6BED
S315080094101B78DB00BE4A944663441B681B0C9B05FD
S315080094209A0D7B6BDA617B6B5A697B6BDB69D218A9
S315080094307B6B5A617B68002118000BF03FFC7B6848
S315080094405B7CDBB2002B00D10FE37B6B9B69002BA7
S3150800945000D00AE37B685B7CDBB28022524213436E
S31508009460DAB27B681B68DA647B6800225A74FCE20D
S315080094707B685533FF337B637B681B681A68322128
S315080094807B181A807B181A8880231B01134029D061
S315080094907B681A687B6B1B7819001000FFF7B4FA13
S315080094A003001A007B6BDA617B6818687B68A72261
S315080094B0920099187B6BDA887B6BDB699BB206F0A6
S315080094C01BFB7B681B681B68924A1340FB607B6822
S315080094D01B68FA6880210A431A607B6818000BF03B
S315080094E0B7FBC2E23223FB1800229B5E002B00DB8F
S315080094F0BBE27B681B681B68864A1340FB627B6875
S315080095001B68FA6A80210A431A607B681A687B6BB3
S315080095101B7819001000FFF777FA03001A007B6B17
S31508009520DA617B6BDB69002B1AD07B6B5B69002BDE
S3150800953016D07B6818687B6B59697B6BDA887B6BFE
S31508009540DB699BB206F0D8FA7B6B5A697B6BDB69E1
S31508009550D2187B6B5A617B68002118000BF08DFBD3
S315080095607B681B681A6832217B181A807B181A8850
S3150800957080231B01134000D077E27B181A88C0238A
S315080095809B011A40C0239B019A4200D16DE2604BB1
S315080095905A685F4B920192095A607B6B1B693E2B96
S315080095A016D97B6B1B695B097B617B6B1B691F2269
S315080095B0134002D17B69013B7B61554B5A687B6935
S315080095C09B061A43524B802109060A435A601EE03D
S315080095D07B6B1B69002B07D14D4B5A684C4B80217E
S315080095E009060A435A6012E07B6B1B695B087B61BC
S315080095F07B6B1B690122134002D07B6901337B61B7
S31508009600434B59687B699A06414B0A435A607B6803
S315080096101B681B68404A13403B613B698022520124
S3150800962053403B613B698022920153403B617B6812
S315080096301B683A6939490A431A6016E27B681B684F
S315080096401A0021217B181B789B00D3181A68322030
S315080096503B181A803B1800229B5E002B00DBE0E0DB
S315080096607B681B681A007B181B789B00D3181B683D
S31508009670284A1340FB617B681B681A0008007B18A0
S315080096801B789B00D318FA6980210A431A603B1895
S315080096901A7813009B009B18DB005133FF337A6856
S315080096A0D31804337B637B6B1B7B002B1CD17B6835
S315080096B01A687B6B1B7824257C1919001000FFF7A4
S315080096C0A3F9030023802C003B191B88002B00D12B
S315080096D07FE07B6818687B6B59697B6BDA883B1976
S315080096E01B8806F009FA74E07B6BDB78022B17D12E
S315080096F02423FC183223FB181A88796B7B68180018
S3150800970000F0C8F90300238063E0C0460F8FFF0707
S31508009710009800408F0FFF078FBFFF07808000006B
S315080097207B681B681A007B6B1B789B00D3181B6829
S31508009730D44A1340BB617B681B681A007B6B1B7895
S315080097409B00D318BA69D0490A431A607B681B681C
S315080097501A007B6B1B789B00D3181A688023DB01E1
S3150800976013401BD07B681A687B6B1B7824257C19F1
S3150800977019001000FFF76AF9030023802C003B1933
S315080097801B88002B25D07B6818687B6B59697B6B17
S315080097901A893B191B8806F0AFF91AE07B681A6824
S315080097A07B6B1B7824257C1919001000FFF770F9CC
S315080097B0030023802C003B191B88002B09D07B68EB
S315080097C018687B6B59697B6B5A893B191B8806F0AD
S315080097D093F97B6BDA6924217B181B88D2187B6B7B
S315080097E0DA617B6B5A697B181B88D2187B6B5A61C6
S315080097F07B6B9B69002B05D07B181A887B6B1B69D2
S315080098009A4207D27B6B1A787B68110018000BF016
S3150800981034FA06E07B681B687A6B1100180004F0BE
S31508009820DBFF32203B181B888022134000D11CE145
S3150800983021217B181A7813009B009B18DB00103334
S315080098407A68D31804337B637B681B681A007B1815
S315080098501B789B00D3181B688C4A1340BB627B6835
S315080098601B681A007B181B789B00D318BA6A8021DC
S3150800987009020A431A607B6BDB78012B00D0A3E050
S315080098807B6B00229A617B6B1B7B002B00D193E0DC
S315080098903B181B884022134047D07B6B5B78002B14
S315080098A021D17B6B1B78DB00794A944663441A689E
S315080098B07B6B1B78DB0076498C46634492019209E0
S315080098C01A607B6B1B78DB00714A944663441A68FE
S315080098D07B6B1B78DB006E498C4663448021090646
S315080098E00A431A6068E07B6B5B78012B64D17B6B5B
S315080098F01B78DB00664A944663441A687B6B1B78C0
S31508009900DB0063498C4663441204120C1A607B6BB5
S315080099101B78DB005E4A9A187B6B1B78DB005C4978
S315080099208C46634412681A6046E07B6B5B78002BB2
S3150800993021D17B6B1B78DB00554A944663445A68F1
S315080099407B6B1B78DB0052498C4663449201920973
S315080099505A607B6B1B78DB004D4A944663445A6811
S315080099607B6B1B78DB004A498C46634480210906D9
S315080099700A435A6020E07B6B5B78012B1CD17B6B1A
S315080099801B78DB00424A944663445A687B6B1B7813
S31508009990DB003F498C4663441204120C5A607B6B09
S315080099A01B78DB003A4A9A187B6B1B78DB00384930
S315080099B08C46634452685A607B6B1A787B68110040
S315080099C018000BF07BF950E03223FB181A88802325
S315080099D05B00134041D17B6B1B78DB002C4A944615
S315080099E063441B681B0C9AB226217B189205920DBC
S315080099F01A807B6B9A697B181B889A4207D97B6BFE
S31508009A009A697B181B88D21A7B6B9A6102E07B6B7A
S31508009A1000229A617B6B9B69002B07D17B6B1A78B6
S31508009A207B68110018000BF049F91EE07B6B5A6938
S31508009A3026217B181B88D2187B6B5A617B6BDA69E7
S31508009A407B181B88D2187B6BDA617B681B687A6B7C
S31508009A501100180004F0C0FE07E03223FB181A882C
S31508009A60796B7B68180000F0FFF87B681B685A6CF6
S31508009A7080231B02134000D0A1E400231800BD4632
S31508009A800EB0B0BD8F8FFF07C08000000F8FFF0795
S31508009A9000980040B0B58AB000AFF860B960BB1D49
S31508009AA01A80BB1D1A888023DB01134067D0FB6828
S31508009AB01A68BB681B781E257C1919001000FEF76A
S31508009AC0C5FF03002380BB689A697B191B889A42E5
S31508009AD007D3BB689A697B191B88D21ABB689A6137
S31508009AE002E0BB6800229A61BB689B69002B1AD109
S31508009AF0FB681B681A00BB681B789B00D3181B6899
S31508009B00554A1340BB61BB69802292015340BB6131
S31508009B10FB681B681A00BB681B789B00D318BA69D8
S31508009B204E490A431A60BB1D1B884022134015D0B4
S31508009B30FB681B681A00BB681B789B00D3181B6858
S31508009B40474A13407B61FB681B681A00BB681B7891
S31508009B509B00D3187A6943490A431A601E243B19A5
S31508009B601B88002B00D170E0FB681868BB68596930
S31508009B70BB681A893B191B8805F0BEFF65E0FB68C0
S31508009B801A68BB681B781E257C1919001000FEF799
S31508009B907FFF03002380BB689A697B191B889A425A
S31508009BA007D3BB689A697B191B88D21ABB689A6166
S31508009BB002E0BB6800229A61BB689B69002B1AD138
S31508009BC0FB681B681A00BB681B789B00D3181B68C8
S31508009BD0214A13407B627B6A8022920153407B6252
S31508009BE0FB681B681A00BB681B789B00D3187A6A47
S31508009BF01A490A431A60BB1D1B884022134015D117
S31508009C00FB681B681A00BB681B789B00D3181B6887
S31508009C10134A13403B62FB681B681A00BB681B7833
S31508009C209B00D3183A6A0F490A431A601E243B1947
S31508009C301B88002B09D0FB681868BB685969BB6884
S31508009C405A893B191B8805F057FF1E23FB181B88EA
S31508009C501800BD460AB0B0BD8FBFFF078080000060
S31508009C608F8FFF07C0800000B0B58EB000AFF860D8
S31508009C70B960BB1D1A80BB1D1B884022134000D14A
S31508009C80C3E1FB681A68BB681B781E257C19190096
S31508009C901000FEF7DBFE03002380BB689A697B1978
S31508009CA01B889A4207D9BB689A697B191B88D21AFE
S31508009CB0BB689A6102E0BB6800229A61BB689B692F
S31508009CC0002B00D0B2E0BB685B78002B21D1BB68C3
S31508009CD01B78DB00DA4A944663441A68BB681B782B
S31508009CE0DB00D7498C466344920192091A60BB6827
S31508009CF01B78DB00D24A944663441A68BB681B7813
S31508009D00DB00CF498C466344802109060A431A6062
S31508009D1020E0BB685B78012B1CD1BB681B78DB0095
S31508009D20C74A944663441A68BB681B78DB00C44973
S31508009D308C4663441204120C1A60BB681B78DB005D
S31508009D40BF4A9A18BB681B78DB00BD498C4663443A
S31508009D5012681A60BB685B78002B21D1BB681B7838
S31508009D60DB00B74A944663445A68BB681B78DB0035
S31508009D70B3498C466344920192095A60BB681B78C2
S31508009D80DB00AF4A944663445A68BB681B78DB001D
S31508009D90AB498C466344802109060A435A6020E091
S31508009DA0BB685B78012B1CD1BB681B78DB00A44A17
S31508009DB0944663445A68BB681B78DB00A0498C4606
S31508009DC063441204120C5A60BB681B78DB009C4A79
S31508009DD09A18BB681B78DB0099498C46634452681D
S31508009DE05A60BB681A78FB68110018000AF066FF0B
S31508009DF0BB1D1A888023DB01134000D1D5E2FB681E
S31508009E001B681A00BB681B789B00D3181B688D4A11
S31508009E1013407B63FB681B681A00BB681B789B00B2
S31508009E20D3187A6B88490A431A60BEE2BB1D1A88A2
S31508009E308023DB01134015D0FB681B681A00BB683A
S31508009E401B789B00D3181B687E4A1340BB62FB68CD
S31508009E501B681A00BB681B789B00D318BA6A7A4934
S31508009E600A431A60BB6824229B5C012B00D09CE243
S31508009E70BB685A691E217B181B88D218BB685A61B1
S31508009E80BB68DA697B181B88D218BB68DA61BB68BD
S31508009E901A6ABB681B699A4209D3BB681B697B624D
S31508009EA0BB681A6A7B6AD21ABB681A6216E0BB6874
S31508009EB01B6A002B08D11E23FB181B887B62BB6814
S31508009EC024220021995409E0BB68242200219954D0
S31508009ED0BB681B6A7B62BB6800221A62BB685B7838
S31508009EE0002B62D1BB681B78DB00554A9446634455
S31508009EF01A68BB681B78DB0051498C46634492019B
S31508009F0092091A607B6A3E2B1ED97B6A5B09FB6243
S31508009F107B6A1F22134002D1FB6A013BFB62BB68C6
S31508009F201B78DB00464A944663441A68FB6A9B061C
S31508009F301A43BB681B78DB0041498C466344802181
S31508009F4009060A431A6055E07B6A002B11D1BB68E3
S31508009F501B78DB003A4A944663441A68BB681B7848
S31508009F60DB0037498C466344802109060A431A6098
S31508009F7040E07B6A5B08FB627B6A0122134002D0E1
S31508009F80FB6A0133FB62BB681B78DB002C4A9446EC
S31508009F9063441968FB6A9A06BB681B78DB00284885
S31508009FA0844663440A431A6024E0BB685B78012B45
S31508009FB020D1BB681B78DB00214A944663441A68A3
S31508009FC0BB681B78DB001E498C4663441204120CDE
S31508009FD01A60BB681B78DB00194A94466344196803
S31508009FE07B6A1A04BB681B78DB0015488446634401
S31508009FF00A431A60FB681868BB685969BB681A89FE
S3150800A0007B6A9BB205F002FDCFE1FB681A68BB6864
S3150800A0101B781E257C1919001000FEF739FD030070
S3150800A0202380BB689A697B191B889A420ED3BB6842
S3150800A0309A697B191B88D21ABB689A6109E0C046DF
S3150800A040009800408F8FFF0780C00000BB68002281
S3150800A0509A61BB689B69002B00D0B2E0BB685B784D
S3150800A060002B21D1BB681B78DB00B54A94466344B4
S3150800A0701A68BB681B78DB00B1498C4663449201B9
S3150800A08092091A60BB681B78DB00AD4A94466344A4
S3150800A0901A68BB681B78DB00A9498C466344802193
S3150800A0A009060A431A6020E0BB685B78012B1CD1BD
S3150800A0B0BB681B78DB00A24A944663441A68BB68EF
S3150800A0C01B78DB009E498C4663441204120C1A6006
S3150800A0D0BB681B78DB009A4A9A18BB681B78DB00BA
S3150800A0E097498C46634412681A60BB685B78002BF4
S3150800A0F021D1BB681B78DB00914A944663445A68B1
S3150800A100BB681B78DB008E498C4663449201920932
S3150800A1105A60BB681B78DB00894A944663445A68D0
S3150800A120BB681B78DB0086498C4663448021090698
S3150800A1300A435A6020E0BB685B78012B1CD1BB68D8
S3150800A1401B78DB007E4A944663445A68BB681B78D2
S3150800A150DB007B498C4663441204120C5A60BB68C8
S3150800A1601B78DB00764A9A18BB681B78DB007449B3
S3150800A1708C46634452685A60BB681A78FB681100BB
S3150800A18018000AF09BFDBB1D1A888023DB011340CB
S3150800A19000D00AE1FB681B681A00BB681B789B00A5
S3150800A1A0D3181B68674A13403B62FB681B681A0092
S3150800A1B0BB681B789B00D3183A6A63490A431A603E
S3150800A1C0F3E0BB1D1A888023DB01134015D1FB6819
S3150800A1D01B681A00BB681B789B00D3181B68594A72
S3150800A1E013407B61FB681B681A00BB681B789B00E1
S3150800A1F0D3187A6954490A431A60BB6824229B5CBF
S3150800A200012B00D0D1E0BB685A691E217B181B8838
S3150800A210D218BB685A61BB68DA697B181B88D218E2
S3150800A220BB68DA61BB681A6ABB681B699A4209D3BC
S3150800A230BB681B697B62BB681A6A7B6AD21ABB68F1
S3150800A2401A6216E0BB681B6A002B08D11E23FB188E
S3150800A2501B887B62BB6824220021995409E0BB68ED
S3150800A2601B6A7B62BB6800221A62BB682422002133
S3150800A2709954BB685B78002B68D1BB681B78DB00F8
S3150800A2802F4A944663445A68BB681B78DB002C49FE
S3150800A2908C466344920192095A607B6A3E2B1ED90A
S3150800A2A07B6A5B09BB617B6A1F22134002D1BB69CB
S3150800A2B0013BBB61BB681B78DB00214A94466344BB
S3150800A2C05A68BB699B061A43BB681B78DB001C49A6
S3150800A2D08C466344802109060A435A605BE07B6A20
S3150800A2E0002B11D1BB681B78DB00154A94466344E2
S3150800A2F05A68BB681B78DB0011498C466344802189
S3150800A30009060A435A6046E07B6A5B08BB617B6ABA
S3150800A3100122134002D0BB690133BB61BB681B78BD
S3150800A320DB00074A944663445968BB699A06BB68CA
S3150800A3301B78DB000248844663440A435A602AE0D5
S3150800A340009800408F8FFF0780C00000BB685B78CD
S3150800A350012B20D1BB681B78DB00254A9446634451
S3150800A3605A68BB681B78DB0021498C466344120493
S3150800A370120C5A60BB681B78DB001D4A944663447E
S3150800A38059687B6A1A04BB681B78DB001848844640
S3150800A39063440A435A60FB681868BB685969BB6816
S3150800A3A05A897B6A9BB205F031FBFB681B681A0069
S3150800A3B0BB681B789B00D3181B680E4A13403B6387
S3150800A3C03B6B102253403B633B6B202253403B635D
S3150800A3D0FB681B681A00BB681B789B00D3183A6B8E
S3150800A3E005490A431A6000231800BD460EB0B0BDE1
S3150800A3F000980040BF8FFF078080000090B587B0A7
S3150800A40000AFF860080011007B600A243B19021CA3
S3150800A4101A800823FB180A1C1A8021007B181B883F
S3150800A420802213409BB2002B0DD07B181B88072275
S3150800A4301A4013009B009B18DB001033FA68D318E8
S3150800A44004337B610CE00A23FB181A8813009B006F
S3150800A4509B18DB005133FF33FA68D31804337B614A
S3150800A4600823FB181B88002B07D17B6900221A7367
S3150800A4707B689AB27B69DA800BE07B6901221A73E2
S3150800A4807B689AB27B691A817B681B0C9AB27B69D6
S3150800A4905A8100231800BD4607B090BD80B584B028
S3150800A4A000AF78607B681B68FB607A68B5239B0001
S3150800A4B00121D1507A68B3239B000021D154FB684F
S3150800A4C05B6D01221A43FB685A65FB685B6D0222C5
S3150800A4D01A43FB685A6500231800BD4604B080BDC0
S3150800A4E080B500AF044B5A68034B8021C9000A4364
S3150800A4F05A60C046BD4680BD0070004080B584B035
S3150800A50000AF7860194B1B68194A13401900174B9E
S3150800A5107A680A431A607A6880239B009A421FD198
S3150800A520144B1A6813005B009B185B00124918004D
S3150800A530F5F706FE03000133FB6008E0FB68002B15
S3150800A54003D0FB68013BFB6001E0032309E0074BEE
S3150800A5505A698023DB001A408023DB009A42EDD03B
S3150800A56000231800BD4604B080BDC04600700040F8
S3150800A570FFF9FFFFA000002040420F0080B500AFA2
S3150800A580034B9A68E023DB0113401800BD4680BDE3
S3150800A5900010024080B588B000AF78607B68002B59
S3150800A5A002D1012300F050FB7B681B68012213408F
S3150800A5B000D17CE0C34B9B6838221340BB61C14B7A
S3150800A5C0DB68032213407B61BB69102B02D17B69D0
S3150800A5D0032B02D0BB69082B0BD1BA4B1A68802310
S3150800A5E09B02134062D07B685B68002B5ED1012317
S3150800A5F02AE37B685A6880235B029A4207D1B14BEB
S3150800A6001A68B04B802149020A431A6020E07B6829
S3150800A6105A68A023DB029A420ED1AA4B1A68A94BA4
S3150800A6208021C9020A431A60A64B1A68A54B8021E5
S3150800A63049020A431A600BE0A24B1A68A14BA249C9
S3150800A6400A401A609F4B1A689E4BA0490A401A6036
S3150800A6507B685B68002B14D0FCF7B6F903003B61F6
S3150800A66008E0FCF7B1F902003B69D31A642B01D95B
S3150800A6700323E9E2934B1A6880239B021340F0D028
S3150800A68015E0FCF7A1F903003B6108E0FCF79CF92B
S3150800A69002003B69D31A642B01D90323D4E2894B00
S3150800A6A01A6880239B021340F0D100E0C0467B68FD
S3150800A6B01B680222134000D199E0824B9B6838221E
S3150800A6C01340BB617F4BDB68032213407B61BB6988
S3150800A6D0102B02D17B69022B02D0BB69002B35D126
S3150800A6E0784B1A688023DB00134005D07B68DB684B
S3150800A6F0002B01D10123A7E2724B5B68744A134011
S3150800A70019007B685B691A026E4B0A435A60BB697B
S3150800A710002B12D16B4B1B686E4A134019007B68DD
S3150800A7201A69684B0A431A60664B1B68DB0A0722DC
S3150800A7301340694ADA40694B1A60694B1B6818006E
S3150800A740FBF746FF031E51D001237DE27B68DB68D9
S3150800A750002B30D05B4B1B685E4A134019007B68A0
S3150800A7601A69584B0A431A60564B1A68554B80218A
S3150800A77049000A431A60FCF727F903003B6108E021
S3150800A780FCF722F902003B69D31A022B01D90323ED
S3150800A7905AE24C4B1A688023DB001340F0D0494B31
S3150800A7A05B684B4A134019007B685B691A02454B84
S3150800A7B00A435A601BE0434B1A68424B49490A4010
S3150800A7C01A60FCF701F903003B6108E0FCF7FCF8A6
S3150800A7D002003B69D31A022B01D9032334E2394B11
S3150800A7E01A688023DB001340F0D100E0C0467B687E
S3150800A7F01B680822134047D0324B9B683822134007
S3150800A800182B0AD12F4B1B6E022213403CD07B68B3
S3150800A8109B69002B38D1012316E27B689B69002BC4
S3150800A82019D0284B1A6E274B01210A431A66FCF7E2
S3150800A830CBF803003B6108E0FCF7C6F802003B6969
S3150800A840D31A022B01D90323FEE11E4B1B6E0222EB
S3150800A8501340F1D018E01B4B1A6E1A4B01218A439C
S3150800A8601A66FCF7B1F803003B6108E0FCF7ACF8A0
S3150800A87002003B69D31A022B01D90323E4E1114BE9
S3150800A8801B6E02221340F1D17B681B680422134019
S3150800A89000D1C7E01F23FB1800221A70094B9B68DA
S3150800A8A038221340202B1FD1064BDB6D02221340A2
S3150800A8B000D1B7E07B689B68002B00D0B2E001238B
S3150800A8C0C2E1C04600100240FFFFFEFFFFFFFBFF8C
S3150800A8D0FF80FFFFFFC7FFFF0024F400A000002051
S3150800A8E0A4000020FFFEFFFFB54BDA6B80235B0553
S3150800A8F0134001D1012300E00023002B11D0B04BF7
S3150800A900DA6BAF4B802149050A43DA63AC4BDA6B45
S3150800A91080235B051340FB60FB681F23FB1801229D
S3150800A9201A70A84B1A6880235B0013401AD1A54BEE
S3150800A9301A68A44B802149000A431A60FCF744F8B8
S3150800A94003003B6108E0FCF73FF802003B69D31AB5
S3150800A950022B01D9032377E19A4B1A6880235B00FF
S3150800A9601340F0D07B689B68012B06D1944BDA6DB7
S3150800A970934B01210A43DA651CE07B689B68052B2B
S3150800A9800CD18F4BDA6D8E4B04210A43DA658C4B5A
S3150800A990DA6D8B4B01210A43DA650BE0884BDA6DD9
S3150800A9A0874B01218A43DA65854BDA6D844B04218E
S3150800A9B08A43DA657B689B68002B14D0FCF704F899
S3150800A9C003003B6109E0FBF7FFFF02003B69D31A6E
S3150800A9D07D4A934201D9032336E1794BDB6D022286
S3150800A9E01340F0D013E0FBF7EFFF03003B6109E0EB
S3150800A9F0FBF7EAFF02003B69D31A734A934201D96F
S3150800AA00032321E16E4BDB6D02221340F0D11F2395
S3150800AA10FB181B78012B05D1694BDA6B684B6B4920
S3150800AA200A40DA637B681B682022134039D07B68AA
S3150800AA30DB69002B1BD0624B1A68614B8021C90366
S3150800AA400A431A60FBF7C0FF03003B6108E0FBF707
S3150800AA50BBFF02003B69D31A022B01D90323F3E09B
S3150800AA60574B1A6880231B041340F0D019E0544B47
S3150800AA701A68534B56490A401A60FBF7A5FF0300AC
S3150800AA803B6108E0FBF7A0FF02003B69D31A022BE3
S3150800AA9001D90323D8E04A4B1A6880231B041340C4
S3150800AAA0F0D17B681B6A002B00D1CCE0444B9B6835
S3150800AAB038221340102B00D17BE07B681B6A022BDF
S3150800AAC056D13F4B1A683E4B42490A401A60FBF77B
S3150800AAD07BFF03003B6108E0FBF776FF02003B695A
S3150800AAE0D31A022B01D90323AEE0354B1A6880230B
S3150800AAF09B041340F0D1324BDB68374A13401900E8
S3150800AB007B685A6A7B689B6A1A437B68DB6A1B0206
S3150800AB101A437B681B6B1A437B685B6B1A437B681B
S3150800AB209B6B1A43264B0A43DA60254B1A68244B5B
S3150800AB30802149040A431A60214BDA68204B802198
S3150800AB4049050A43DA60FBF73FFF03003B6108E06B
S3150800AB50FBF73AFF02003B69D31A022B01D90323FC
S3150800AB6072E0174B1A6880239B041340F0D06AE002
S3150800AB70134B1A68124B17490A401A60FBF724FF51
S3150800AB8003003B6108E0FBF71FFF02003B69D31A8D
S3150800AB90022B01D9032357E0094B1A6880239B042B
S3150800ABA01340F0D1064BDA68054B0C490A40DA60C7
S3150800ABB049E07B681B6A012B12D1012344E0C04699
S3150800ABC0001002400070004088130000FFFFFFEFEE
S3150800ABD0FFFFBFFFFFFFFFFE8C80C111FCFFFEEEEB
S3150800ABE01B4BDB687B617B6903221A407B685B6AC7
S3150800ABF09A4226D17B6970221A407B689B6A9A42E0
S3150800AC001FD17A69FE23DB011A407B68DB6A1B02C7
S3150800AC109A4216D17A69F8239B031A407B681B6B04
S3150800AC209A420ED17A69E0231B051A407B685B6B52
S3150800AC309A4206D17B695B0F5A077B689B6B9A42DF
S3150800AC4001D0012300E000231800BD4608B080BDEE
S3150800AC500010024080B584B000AF786039607B6828
S3150800AC60002B01D10123E9E0764B1B68072213402C
S3150800AC703A689A421ED9734B1B68072293431900F8
S3150800AC80704B3A680A431A60FBF79EFE0300FB60A6
S3150800AC9009E0FBF799FE0200FB68D31A6A4A934259
S3150800ACA001D90323CAE0674B1B68072213403A6899
S3150800ACB09A42EED17B681B680222134015D07B6846
S3150800ACC01B680422134006D0604B9A685F4BE0214C
S3150800ACD0C9010A439A605D4B9B685D4A1340190097
S3150800ACE07B689A68594B0A439A607B681B680122FD
S3150800ACF0134057D07B685B68012B07D1534B1A6802
S3150800AD0080239B0213402BD1012397E07B685B6865
S3150800AD10022B07D14D4B1A6880239B0413401FD181
S3150800AD2001238BE07B685B68002B07D1474B1A68C9
S3150800AD308023DB00134013D101237FE07B685B6827
S3150800AD40032B06D1414B1B6E0222134008D1012367
S3150800AD5074E03E4BDB6D0222134001D101236DE006
S3150800AD603A4B9B680722934319007B685A68374B0E
S3150800AD700A439A60FBF728FE0300FB6009E0FBF72D
S3150800AD8023FE0200FB68D31A2F4A934201D90323F4
S3150800AD9054E02E4B9B6838221A407B685B68DB00C0
S3150800ADA09A42ECD1274B1B68072213403A689A420D
S3150800ADB01ED2244B1B68072293431900214B3A687D
S3150800ADC00A431A60FBF700FE0300FB6009E0FBF785
S3150800ADD0FBFD0200FB68D31A1B4A934201D90323E1
S3150800ADE02CE0184B1B68072213403A689A42EED1AA
S3150800ADF07B681B680422134009D0144B9B68154ACC
S3150800AE00134019007B68DA68104B0A439A6000F011
S3150800AE1029F801000D4B9B681B0A0F221A400E4B9E
S3150800AE209200D3581F2213400A00DA400B4B1A60CF
S3150800AE300B4B1B681800FBF7CBFB03001800BD463D
S3150800AE4004B080BD002002408813000000100240B4
S3150800AE50FFF0FFFFFF8FFFFFE8A70108A000002013
S3150800AE60A400002080B586B000AF3C4B9B68382212
S3150800AE7013400FD1394B1B68DB0A07221340012206
S3150800AE809A4013003B6039683548F5F759F90300CD
S3150800AE903B615DE0314B9B6838221340082B02D199
S3150800AEA0304B3B6154E02D4B9B6838221340102BE6
S3150800AEB038D12A4BDB6803221340FB60274BDB683B
S3150800AEC01B09072213400133BB60FB68032B0DD116
S3150800AED0B9682448F5F734F9030019001F4BDB68F5
S3150800AEE01B0A7F2213404B437B610DE0B9681C485F
S3150800AEF0F5F726F903001900184BDB681B0A7F22B1
S3150800AF0013404B437B61C046144BDB685B0F07223B
S3150800AF10134001337B6079687869F5F711F9030006
S3150800AF203B6115E00D4B9B6838221340202B03D15B
S3150800AF3080231B023B610BE0084B9B6838221340B9
S3150800AF40182B03D1FA23DB013B6101E000233B61A7
S3150800AF503B691800BD4606B080BDC04600100240D9
S3150800AF600024F40000127A0080B500AF024B1B687B
S3150800AF701800BD4680BDC046A0000020B0B500AF91
S3150800AF80FFF7F2FF0400FFF7F9FA03001A0B054B67
S3150800AF909200D3581F221340DC4023001800BD46F8
S3150800AFA0B0BDC04628A8010880B582B000AF786059
S3150800AFB039607B6807221A600E4B9B6807221A4085
S3150800AFC07B685A600B4B9A68F0231B011A407B6812
S3150800AFD09A60084B9A68E023DB011A407B68DA60BE
S3150800AFE0054B1B6807221A403B681A60C046BD46D7
S3150800AFF002B080BD001002400020024080B586B035
S3150800B00000AF78601323FB1800221A701223FB186E
S3150800B01000221A707B681A6880239B02134000D1AD
S3150800B020ADE011203B1800221A70474BDA6B8023DB
S3150800B0305B05134010D1444BDA6B434B802149051D
S3150800B0400A43DA63404BDA6B80235B051340BB6027
S3150800B050BB683B1801221A703C4B1A683B4B80218F
S3150800B06049000A431A60FBF7AFFC0300FB600BE0DC
S3150800B070FBF7AAFC0200FB68D31A022B04D9132398
S3150800B080FB1803221A7005E0304B1A6880235B0010
S3150800B0901340EDD01323FB181B78002B5ED12A4BE7
S3150800B0A0DA6DC0239B0013407B617B69002B19D0A6
S3150800B0B07B681B6C7A699A4214D0234BDB6D244A51
S3150800B0C013407B61204BDA6D1F4B802149020A43EE
S3150800B0D0DA651D4BDA6D1C4B1E490A40DA651A4BB8
S3150800B0E07A69DA657B690122134016D0FBF76CFC96
S3150800B0F00300FB600CE0FBF767FC0200FB68D31A51
S3150800B100154A934204D91323FB1803221A7004E044
S3150800B1100D4BDB6D02221340EDD01323FB181B7871
S3150800B120002B0AD1084BDB6D094A134019007B68CE
S3150800B1301A6C054B0A43DA6516E01223FB1813222C
S3150800B140BA1812781A700FE000100240007000401A
S3150800B150FFFCFFFFFFFFFEFF881300001223FB180A
S3150800B1601322BA1812781A701123FB181B78012BB0
S3150800B17005D1B64BDA6BB54BB5490A40DA637B683D
S3150800B1801B680122134009D0B04B5B6D0322934321
S3150800B19019007B685A68AD4B0A435A657B681B6879
S3150800B1A00222134009D0A94B5B6D0C229343190068
S3150800B1B07B689A68A54B0A435A657B681B68042214
S3150800B1C0134009D0A14B5B6D3022934319007B686D
S3150800B1D0DA689E4B0A435A657B681B68102213403F
S3150800B1E009D09A4B5B6D9B4A134019007B681A6914
S3150800B1F0964B0A435A657B681A6880235B0113409D
S3150800B20009D0924B5B6D944A134019007B685A69C2
S3150800B2108E4B0A435A657B681A6880239B00134045
S3150800B22009D08A4B5B6D8D4A134019007B689A6A70
S3150800B230864B0A435A657B681A688023DB001340ED
S3150800B24009D0824B5B6D864A134019007B68DA6A1F
S3150800B2507E4B0A435A657B681B682022134009D037
S3150800B2607A4B5B6D7F4A134019007B689A69774B66
S3150800B2700A435A657B681B684022134009D0734B02
S3150800B2805B6D794A134019007B68DA696F4B0A438C
S3150800B2905A657B681A688023DB01134015D06B4B0F
S3150800B2A05B6D9B0099087B681A6B684B0A435A6565
S3150800B2B07B681A6B8023DB059A4206D1634BDA68F2
S3150800B2C0624B802149020A43DA607B681A68802348
S3150800B2D01B03134009D05D4B5B6D40229343190055
S3150800B2E07B685A6B594B0A435A657B681A688023F0
S3150800B2F09B03134016D0554B5B6D5C4A13401900EF
S3150800B3007B689A6B514B0A435A657B689A6B802314
S3150800B310DB039A4206D14D4BDA684C4B802149042F
S3150800B3200A43DA607B681A688023DB03134016D069
S3150800B330464B5B6D4E4A134019007B68DA6B434BEC
S3150800B3400A435A657B68DA6B80235B049A4206D106
S3150800B3503E4BDA683D4B802149040A43DA607B6834
S3150800B3601A6880231B01134014D0384B9B6D0322A7
S3150800B370934319007B681A6A344B0A439A657B68BB
S3150800B3801B6A012B06D1314BDA68304B8021490202
S3150800B3900A43DA607B681A6880239B01134014D03D
S3150800B3A02A4B9B6D0C22934319007B685A6A274BDC
S3150800B3B00A439A657B685B6A042B06D1234BDA68D5
S3150800B3C0224B802149020A43DA607B681A68802387
S3150800B3D05B04134016D01D4B9B6D224A134019007F
S3150800B3E07B685A6C194B0A439A657B685A6C8023AA
S3150800B3F09B019A4206D1154BDA68144B8021490401
S3150800B4000A43DA607B681A6880239B04134016D0C7
S3150800B4100E4B9B6D104A134019007B689A6C0B4BB8
S3150800B4200A439A657B689A6C80235B009A4206D128
S3150800B430064BDA68054B802149040A43DA60122371
S3150800B440FB181B781800BD4606B080BD00100240E8
S3150800B450FFFFFFEFFFF3FFFFFFFCFFFFFFFFF3FF19
S3150800B460FFFFCFFFFFCFFFFFFF3FFFFFFFFFBFFF3E
S3150800B470FFFFFFFE80B584B000AF78607B68002BC5
S3150800B48001D10123A8E07B685B6A002B09D17B68A0
S3150800B4905A6882235B009A4209D07B680022DA61E7
S3150800B4A005E07B6800221A617B6800225A617B6886
S3150800B4B000229A627B685D229B5CDBB2002B07D177
S3150800B4C07B685C22002199547B681800FAF7A4FF70
S3150800B4D07B685D22022199547B681B681A687B6821
S3150800B4E01B6840218A431A607B68DA68E023DB0020
S3150800B4F09A4202D90023FB6002E080235B01FB60CD
S3150800B5007B68DA68F0231B019A4208D07B68DA6800
S3150800B510E023DB009A4202D07B6800229A627B68AD
S3150800B5205A6882235B001A407B68996884231B0249
S3150800B5300B401A437B681B6902210B401A437B6840
S3150800B5405B6901210B401A437B68996980239B003C
S3150800B5500B401A437B68DB6938210B401A437B682A
S3150800B5601B6A80210B401A4311007B689A6A802364
S3150800B5709B011A407B681B680A431A607B689B69B3
S3150800B5801B0C04221A407B685B6A10210B401A4385
S3150800B5907B685B6B08210B401A437B68D968F023EC
S3150800B5A01B010B401A431100FA6880235B011A40FD
S3150800B5B07B681B680A435A607B681B68DA697B6884
S3150800B5C01B6807490A40DA617B6800221A667B68AD
S3150800B5D05D220121995400231800BD4604B080BDA0
S3150800B5E0FFF7FFFF80B582B000AF78607B68002B5D
S3150800B5F001D101234AE07B683D229B5CDBB2002B2C
S3150800B60007D17B683C22002199547B681800FAF719
S3150800B6104FFF7B683D22022199547B681A687B6834
S3150800B62004331900100000F0BFF97B684822012195
S3150800B63099547B683E22012199547B683F22012157
S3150800B64099547B684022012199547B684122012143
S3150800B65099547B684222012199547B68432201212F
S3150800B66099547B684422012199547B68452201211B
S3150800B67099547B684622012199547B684722012107
S3150800B68099547B683D220121995400231800BD4630
S3150800B69002B080BD80B584B000AF78607B683D227B
S3150800B6A09B5CDBB2012B01D0012347E07B683D227E
S3150800B6B0022199547B681B68DA687B681B6801213C
S3150800B6C00A43DA607B681B681E4A934214D07B687B
S3150800B6D01A688023DB059A420ED07B681B681A4AD3
S3150800B6E0934209D07B681B68184A934204D07B684A
S3150800B6F01B68174A934216D17B681B689B68154AD4
S3150800B7001340FB60FB68062B16D0FA6880235B02A1
S3150800B7109A4211D07B681B681A687B681B680121EE
S3150800B7200A431A6008E07B681B681A687B681B680E
S3150800B73001210A431A6000E0C04600231800BD46EE
S3150800B74004B080BD002C0140000400400008004001
S3150800B750004001400700010080B584B000AF786062
S3150800B7607B681B68DB68FB607B681B681B69BB60C2
S3150800B770BB680222134021D0FB68022213401DD069
S3150800B7807B681B68032252421A617B6801221A777A
S3150800B7907B681B689B690322134004D07B681800EA
S3150800B7A000F0EAF807E07B68180000F0DDF87B682F
S3150800B7B0180000F0E9F87B6800221A77BB680422B3
S3150800B7C0134022D0FB68042213401ED07B681B68F6
S3150800B7D0052252421A617B6802221A777B681B6827
S3150800B7E09A69C0239B00134004D07B68180000F0B8
S3150800B7F0C3F807E07B68180000F0B6F87B68180005
S3150800B80000F0C2F87B6800221A77BB68082213404A
S3150800B81021D0FB68082213401DD07B681B680922CB
S3150800B82052421A617B6804221A777B681B68DB69B7
S3150800B8300322134004D07B68180000F09DF807E047
S3150800B8407B68180000F090F87B68180000F09CF8F8
S3150800B8507B6800221A77BB681022134022D0FB6847
S3150800B860102213401ED07B681B68112252421A61AF
S3150800B8707B6808221A777B681B68DA69C0239B00F5
S3150800B880134004D07B68180000F076F807E07B6860
S3150800B890180000F069F87B68180000F075F87B68F6
S3150800B8A000221A77BB68012213400CD0FB680122DC
S3150800B8B0134008D07B681B68022252421A617B68D3
S3150800B8C01800FAF73DFCBB688022134004D1BA6819
S3150800B8D080239B0113400BD0FB688022134007D0BE
S3150800B8E07B681B681E4A1A617B68180000F0FCF822
S3150800B8F0BA6880235B0013400BD0FB688022134094
S3150800B90007D07B681B68174A1A617B68180000F025
S3150800B910F3F8BB68402213400CD0FB684022134062
S3150800B92008D07B681B68412252421A617B6818005E
S3150800B93000F032F8BB68202213400CD0FB682022A6
S3150800B940134008D07B681B68212252421A617B6823
S3150800B950180000F0C1F8C046BD4604B080BDC04618
S3150800B9607FDFFFFFFFFEFFFF80B582B000AF786084
S3150800B970C046BD4602B080BD80B582B000AF7860D3
S3150800B980C046BD4602B080BD80B582B000AF7860C3
S3150800B990C046BD4602B080BD80B582B000AF7860B3
S3150800B9A0C046BD4602B080BD80B584B000AF7860A1
S3150800B9B039607B681B68FB607B683F4A93420CD002
S3150800B9C07A688023DB059A4207D07B683B4A934214
S3150800B9D003D07B683A4A934208D1FB6870229343A6
S3150800B9E0FB603B685B68FA681343FB607B68324A16
S3150800B9F093421CD07A688023DB059A4217D07B686D
S3150800BA002E4A934213D07B682D4A93420FD07B6807
S3150800BA102C4A93420BD07B682B4A934207D07B680B
S3150800BA202A4A934203D07B68294A934208D1FB6885
S3150800BA30284A1340FB603B68DB68FA681343FB60DF
S3150800BA40FB68802293431A003B685B691343FB60DB
S3150800BA507B68FA681A603B689A687B68DA623B68B2
S3150800BA601A687B689A627B68134A93420BD07B6894
S3150800BA70154A934207D07B68144A934203D07B68E1
S3150800BA80134A934203D13B681A697B681A637B6839
S3150800BA9001225A617B681B6901221340012B06D1DA
S3150800BAA07B681B69012293431A007B681A61C046AA
S3150800BAB0BD4604B080BDC046002C014000040040CD
S3150800BAC000080040002000400040014000440140BA
S3150800BAD000480140FFFCFFFF80B582B000AF7860E8
S3150800BAE0C046BD4602B080BD80B582B000AF786062
S3150800BAF0C046BD4602B080BD80B582B000AF786052
S3150800BB00C046BD4602B080BD80B582B000AF786041
S3150800BB107B68002B01D1012346E07B6888229B586D
S3150800BB20002B07D17B688422002199547B68180072
S3150800BB30FAF7E6FC7B688822242199507B681B6803
S3150800BB401A687B681B6801218A431A607B689B6AAE
S3150800BB50002B03D07B68180000F032FF7B681800C2
S3150800BB6000F0D8FB0300012B01D101231CE07B6800
S3150800BB701B685A687B681B680D490A405A607B68CF
S3150800BB801B689A687B681B682A218A439A607B68C7
S3150800BB901B681A687B681B6801210A431A607B6860
S3150800BBA0180000F0C1FF03001800BD4602B080BDB2
S3150800BBB0FFB7FFFF80B588B000AFF860B960BB1D5E
S3150800BBC01A80FB688C229B58202B4FD1BB68002B10
S3150800BBD003D0BB1D1B88002B01D1012347E0FB685E
S3150800BBE09A6880235B019A4209D1FB681B69002B7E
S3150800BBF005D1BB680122134001D0012337E0FB6859
S3150800BC000022DA66FB681B681B4A934225D0FB684C
S3150800BC101B681A4A934220D0FB681B685A6880231F
S3150800BC201B04134019D0EFF310833B613B69FB619A
S3150800BC3001237B617B6983F31088C046FB681B6818
S3150800BC401A68FB681B688021C9040A431A60FB69E5
S3150800BC50BB61BB6983F31088C046BB1D1A88B968E7
S3150800BC60FB68180001F07AF8030000E002231800C8
S3150800BC70BD4608B080BDC046008000400084004034
S3150800BC80B0B5AAB000AF78607B681B68DB69A422F0
S3150800BC90B9180B607B681B681B68A02039180B60F5
S3150800BCA07B681B689B689C2439190B601100BB18BC
S3150800BCB01B68A24A13409822BD182B60BB181B6844
S3150800BCC0002B1AD17B181B682022134015D03B186D
S3150800BCD01B682022134005D13B191A6880235B058F
S3150800BCE013400AD07B685B6F002B00D1DCE27B68CF
S3150800BCF05B6F7A6810009847D6E29823FB181B6892
S3150800BD00002B00D122E19C23FB181B688C4A1340A8
S3150800BD1006D1A023FB181B688A4A134000D115E1F7
S3150800BD20A423FB181B680122134012D0A023FB187A
S3150800BD301A6880235B0013400BD07B681B680122BE
S3150800BD401A627B6890229B5801221A437B689021CD
S3150800BD505A50A423FB181B680222134011D09C23B7
S3150800BD60FB181B68012213400BD07B681B68022254
S3150800BD701A627B6890229B5804221A437B6890219A
S3150800BD805A50A423FB181B680422134011D09C2385
S3150800BD90FB181B68012213400BD07B681B68042222
S3150800BDA01A627B6890229B5802221A437B6890216C
S3150800BDB05A50A423FB181B680822134017D0A02347
S3150800BDC0FB181B682022134005D19C23FB181B680F
S3150800BDD05B4A13400BD07B681B6808221A627B6893
S3150800BDE090229B5808221A437B6890215A50A42314
S3150800BDF0FB181A6880231B01134013D0A023FB18D5
S3150800BE001A688023DB0413400CD07B681B688022E9
S3150800BE1012011A627B6890229B5820221A437B687B
S3150800BE2090215A507B6890229B58002B00D13DE206
S3150800BE30A423FB181B682022134015D0A023FB1847
S3150800BE401B682022134006D19C23FB181A688023FE
S3150800BE505B05134008D07B685B6F002B04D07B68BA
S3150800BE605B6F7A68100098477B6890229B589421EC
S3150800BE707A1813607B681B689B6840221340402B26
S3150800BE8004D07B181B68282213404CD07B68180006
S3150800BE9001F088F87B681B689B6840221340402B9A
S3150800BEA03CD1EFF310833B663B6E90203A18136043
S3150800BEB001237B667B6E83F31088C0467B681B680C
S3150800BEC09A687B681B6840218A439A603B181B68FE
S3150800BED0BB66BB6E83F31088C0467B6880229B587E
S3150800BEE0002B16D07B6880229B58174A9A637B687A
S3150800BEF080229B581800FBF713FB031E1CD07B6897
S3150800BF0080229B589B6B7A6880215258100098476C
S3150800BF1012E07B68180000F0E9F90DE07B6818006C
S3150800BF2000F0E4F908E07B68180000F0DFF97B68A8
S3150800BF30902200219950B9E1C046B7E10F080000E8
S3150800BF40010000102001000471D000087B68DB6E38
S3150800BF50012B00D03EE1A423FB181B6810221340D6
S3150800BF6000D137E1A023FB181B681022134000D12B
S3150800BF7030E17B681B6810221A627B681B689B6825
S3150800BF8040221340402B00D0A4E07B6880229B58B7
S3150800BF901B685A687E217B181A807B181B88002B21
S3150800BFA000D185E17B685C229B5A7A1812889A42EE
S3150800BFB000D37DE17B687A185E2112885A527B6825
S3150800BFC080229B581B681B682022134070D1EFF310
S3150800BFD010833B633B6BBB6701237B637B6B83F3FC
S3150800BFE01088C0467B681B681A687B681B68B4495A
S3150800BFF00A401A60BB6FBB63BB6B83F31088C046ED
S3150800C000EFF31083FB63FB6B7B6701233B643B6C9D
S3150800C01083F31088C0467B681B689A687B681B6830
S3150800C02001218A439A607B6F7B647B6C83F310885B
S3150800C030C046EFF31083BB64BB6C3B670123FB640C
S3150800C040FB6C83F31088C0467B681B689A687B681C
S3150800C0501B6840218A439A603B6F3B653B6D83F3BF
S3150800C0601088C0467B688C22202199507B68002264
S3150800C070DA66EFF310837B657B6DFB660123BB6590
S3150800C080BB6D83F31088C0467B681B681A687B689B
S3150800C0901B6810218A431A60FB6EFB65FB6D83F3F0
S3150800C0A01088C0467B6880229B581800FBF7D8F991
S3150800C0B07B6802221A677B685C229A5A7B685E2133
S3150800C0C05B5A9BB2D31A9AB27B681100180000F02B
S3150800C0D015F9EDE07B685C22995A7B685E229B5ACB
S3150800C0E09AB28E203B188A1A1A807B685E229B5A5F
S3150800C0F09BB2002B00D1DDE03B181B88002B00D13A
S3150800C100D8E0EFF31083FB60FB6888243A191360C4
S3150800C11001233B613B6983F31088C0467B681B6833
S3150800C1201A687B681B6867490A401A603B191B68CE
S3150800C1307B617B6983F31088C046EFF31083BB618C
S3150800C140BB6984243A1913600123FB61FB6983F3F5
S3150800C1501088C0467B681B689A687B681B685A49C2
S3150800C1600A409A603B191B683B623B6A83F3108856
S3150800C170C0467B688C22202199507B680022DA66AB
S3150800C1807B6800225A67EFF310837B627B6A802400
S3150800C1903A1913600123BB62BB6A83F31088C04651
S3150800C1A07B681B681A687B681B6810218A431A60BB
S3150800C1B03B191B68FB62FB6A83F31088C0467B68E1
S3150800C1C002221A673B181A887B681100180000F0CB
S3150800C1D095F86FE0A423FB181A6880235B031340C5
S3150800C1E010D09C23FB181A688023DB03134009D060
S3150800C1F07B681B68802252031A627B68180001F06C
S3150800C200A7FC5AE0A423FB181B688022134016D00B
S3150800C210A023FB181B688022134006D19C23FB1819
S3150800C2201A6880231B04134009D07B689B6F002B78
S3150800C23042D07B689B6F7A68100098473CE0A4233D
S3150800C240FB181B68402213400AD0A023FB181B6862
S3150800C2504022134004D07B68180000F020FF2CE031
S3150800C260A423FB181A6880231B0413400BD0A023B1
S3150800C270FB181A688023DB05134004D07B68180076
S3150800C28001F076FC19E0A423FB181A6880235B04E6
S3150800C290134012D0A023FB181B68002B0DDA7B680D
S3150800C2A0180001F05DFC08E0C04606E0C04604E060
S3150800C2B0C04602E0C04600E0C046BD462AB0B0BD52
S3150800C2C0FFFEFFFFDFFEFFFFFEFFFFEF80B582B038
S3150800C2D000AF7860C046BD4602B080BD80B582B06A
S3150800C2E000AF7860C046BD4602B080BD80B582B05A
S3150800C2F000AF7860C046BD4602B080BD80B582B04A
S3150800C30000AF78600A00BB1C1A80C046BD4602B062
S3150800C31080BD0000B0B590B000AF78621A23202225
S3150800C3209B18DB1900221A707B6A9A687B6A1B695C
S3150800C3301A437B6A5B691A437B6ADB691343FB63AF
S3150800C3407B6A1B681B68C14A134019007B6A1A6816
S3150800C350FB6B0B4313607B6A1B685B68BC4A134024
S3150800C36018007B6AD9687B6A1A6803000B43536016
S3150800C3707B6A9B69FB637B6A1B68B64A934209D052
S3150800C3807B6A1B68B44A934204D07B6A1B6AFA6BC1
S3150800C3901343FB637B6A1B689B68B04A134019000A
S3150800C3A07B6A1A68FB6B0B4393607B6A1B68DB6AC4
S3150800C3B00F22934318007B6A596A7B6A1A6803003E
S3150800C3C00B43D3627B6A1B68A54A934231D1A54BBE
S3150800C3D05B6D03221340032B1DD023D8022B0CD0F0
S3150800C3E020D8002B02D0012B0ED01BE01B232022C5
S3150800C3F09B18DB1900221A7054E11B2320229B1874
S3150800C400DB1902221A704DE11B2320229B18DB1927
S3150800C41004221A7046E11B2320229B18DB190822E6
S3150800C4201A703FE11B2320229B18DB1910221A7071
S3150800C43038E17B6A1B688C4A934231D1894B5B6D24
S3150800C4400C2213400C2B1DD023D8082B0CD020D837
S3150800C450002B02D0042B0ED01BE01B2320229B1896
S3150800C460DB1900221A701DE11B2320229B18DB19F9
S3150800C47002221A7016E11B2320229B18DB190422BC
S3150800C4801A700FE11B2320229B18DB1908221A7049
S3150800C49008E11B2320229B18DB1910221A7001E1E0
S3150800C4A07B6A1B68714A934231D16E4B5B6D3022B1
S3150800C4B01340302B1DD023D8202B0CD020D8002B8E
S3150800C4C002D0102B0ED01BE01B2320229B18DB1951
S3150800C4D000221A70E6E01B2320229B18DB19022291
S3150800C4E01A70DFE01B2320229B18DB1904221A701E
S3150800C4F0D8E01B2320229B18DB1908221A70D1E0EA
S3150800C5001B2320229B18DB1910221A70CAE07B6AAB
S3150800C5101B68574A934206D11B2320229B18DB1916
S3150800C52000221A70BEE07B6A1B68524A934206D103
S3150800C5301B2320229B18DB1900221A70B2E07B6AA3
S3150800C5401B684D4A934206D11B2320229B18DB19F0
S3150800C55000221A70A6E07B6A1B683E4A93423ED1C7
S3150800C560404B5A6DC0231B011340C022120193424F
S3150800C57027D0C022120193422AD880221201934260
S3150800C58011D080221201934222D8002B04D0802297
S3150800C590D20093420ED01BE01B2320229B18DB19E6
S3150800C5A000221A707EE01B2320229B18DB19022228
S3150800C5B01A7077E01B2320229B18DB1904221A70B5
S3150800C5C070E01B2320229B18DB1908221A7069E0E9
S3150800C5D01B2320229B18DB1910221A7062E07B6A43
S3150800C5E01B681D4A934257D11E4B5A6DC0239B00A8
S3150800C5F01340C0229200934240D0C0229200934238
S3150800C60043D880229200934211D08022920093420E
S3150800C6103BD8002B04D08022520093420ED034E03F
S3150800C6201B2320229B18DB1900221A703AE01B23D1
S3150800C63020229B18DB1902221A7033E01B232022C2
S3150800C6409B18DB1904221A702CE0C046F369FFCF49
S3150800C650FFCFFFFF0080004000840040FFF4FF1179
S3150800C66000380140001002400044004000480040E5
S3150800C670004C004000500040003C01401B23202293
S3150800C6809B18DB1908221A700CE01B2320229B1822
S3150800C690DB1910221A7005E01B2320229B18DB19D0
S3150800C6A010221A707B6A1B68C14A934205D07B6ABE
S3150800C6B01B68C04A934200D093E01B2320229B1894
S3150800C6C0DB191B78082B15D018DC042B0DD015DCCC
S3150800C6D0002B02D0022B05D010E0FEF74FFC03001A
S3150800C6E07B6314E0B44B7B6311E0FEF7BBFB0300EE
S3150800C6F07B630CE080231B027B6308E000237B63DB
S3150800C7001A2320229B18DB1901221A70C0467B6B5C
S3150800C710002B00D135E17B6A5A6AA84B5200D35ADE
S3150800C7201900786BF3F70CFD0300BB627B6A5A6845
S3150800C73013005B009B18BA6A9A4205D37B6A5B684A
S3150800C7401B03BA6A9A4206D91A2320229B18DB19B8
S3150800C75001221A7044E07B6BBB610023FB617B6A94
S3150800C7605A6A964B5200D35A3B6100237B613A6959
S3150800C7707B69B869F969F3F7D1FE02000B00110E5F
S3150800C7801D020D4314027B6A5B685B08BB600023CD
S3150800C790FB60B868F968001969417B6A5B683B60A9
S3150800C7A000237B603A687B68F3F7B8FE02000B004B
S3150800C7B013003B633A6BC0239B009A4209D33A6B3A
S3150800C7C080235B039A4204D27B6A1B683A6BDA6061
S3150800C7D006E01A2320229B18DB1901221A70D0E0E2
S3150800C7E0CFE07B6ADA6980231B029A4200D070E0A8
S3150800C7F01B2320229B18DB191B78082B15D018DC65
S3150800C800042B0DD015DC002B02D0022B05D010E02E
S3150800C810FEF7B4FB03007B6314E0674B7B6311E010
S3150800C820FEF720FB03007B630CE080231B027B637F
S3150800C83008E000237B631A2320229B18DB190122B8
S3150800C8401A70C0467B6B002B00D19AE07B6A5A6A45
S3150800C8505A4B5200D35A1900786BF3F771FC030050
S3150800C8605A007B6A5B685B08D2187B6A5B681900AA
S3150800C8701000F3F765FC03003B633B6B0F2B21D9D4
S3150800C8803A6B80235B029A421CD23B6B9AB20E200B
S3150800C89020240319DB190F218A431A803B6B5B0896
S3150800C8A09BB20722134099B20319DB190219D21950
S3150800C8B012880A431A807B6A1B680219D2191288E1
S3150800C8C0DA605EE01A2320229B18DB1901221A700F
S3150800C8D057E01B2320229B18DB191B78082B15D041
S3150800C8E018DC042B0DD015DC002B02D0022B05D04A
S3150800C8F010E0FEF743FB03007B6314E02E4B7B63DB
S3150800C90011E0FEF7AFFA03007B630CE080231B02FD
S3150800C9107B6308E000237B631A2320229B18DB191C
S3150800C92001221A70C0467B6B002B2AD07B6A5A6A92
S3150800C930224B5200D35A1900786BF3F701FC030017
S3150800C9401A007B6A5B685B08D2187B6A5B68190009
S3150800C9501000F3F7F5FB03003B633B6B0F2B0AD97B
S3150800C9603A6B80235B029A4205D23B6B9AB27B6A8A
S3150800C9701B68DA6005E01A2320229B18DB190122BE
S3150800C9801A707B6A6A22012199527B6A6822012100
S3150800C99099527B6A00225A677B6A00229A671A2391
S3150800C9A020229B18DB191B781800BD4610B0B0BDB5
S3150800C9B000800040008400400024F40058A80108C4
S3150800C9C080B582B000AF78607B689B6A0822134006
S3150800C9D00BD07B681B685B684A4A134019007B6862
S3150800C9E09A6B7B681B680A435A607B689B6A0122BC
S3150800C9F013400BD07B681B685B68434A13401900D9
S3150800CA007B68DA6A7B681B680A435A607B689B6A9C
S3150800CA10022213400BD07B681B685B683B4A1340B5
S3150800CA2019007B681A6B7B681B680A435A607B6827
S3150800CA309B6A042213400BD07B681B685B68344AE8
S3150800CA40134019007B685A6B7B681B680A435A6057
S3150800CA507B689B6A102213400BD07B681B689B6817
S3150800CA602C4A134019007B68DA6B7B681B680A43FB
S3150800CA709A607B689B6A202213400BD07B681B68F0
S3150800CA809B68254A134019007B681A6C7B681B68EB
S3150800CA900A439A607B689B6A402213401DD07B68D4
S3150800CAA01B685B681D4A134019007B685A6C7B68D3
S3150800CAB01B680A435A607B685A6C80235B039A4258
S3150800CAC00BD17B681B685B68154A134019007B68A5
S3150800CAD09A6C7B681B680A435A607B689B6A80224B
S3150800CAE013400BD07B681B685B680E4A134019001D
S3150800CAF07B68DA6C7B681B680A435A60C046BD4689
S3150800CB0002B080BDFF7FFFFFFFFFFDFFFFFFFEFFB7
S3150800CB10FFFFFBFFFFEFFFFFFFDFFFFFFFFFEFFF5B
S3150800CB20FFFF9FFFFFFFF7FF80B592B002AF786067
S3150800CB307B68902200219950F9F746FF0300FB63B2
S3150800CB407B681B681B6808221340082B2DD1FB6BDA
S3150800CB50802291037868474A0092002200F08EF8F6
S3150800CB60031E22D0EFF310837B627B6ABB6301232B
S3150800CB70BB62BB6A83F31088C0467B681B681A6869
S3150800CB807B681B6880218A431A60BB6BFB62FB6A61
S3150800CB9083F31088C0467B688822202199507B68D9
S3150800CBA0842200219954032360E07B681B681B6874
S3150800CBB004221340042B46D1FB6B8022D1037868EC
S3150800CBC02C4A0092002200F059F8031E3BD0EFF3DE
S3150800CBD01083FB60FB687B6301233B613B6983F33E
S3150800CBE01088C0467B681B681A687B681B682249E0
S3150800CBF00A401A607B6B7B617B6983F31088C046A9
S3150800CC00EFF31083BB61BB693B630123FB61FB69DF
S3150800CC1083F31088C0467B681B689A687B681B6824
S3150800CC2001218A439A603B6B3B623B6A83F3108817
S3150800CC30C0467B688C22202199507B68842200217B
S3150800CC409954032312E07B688822202199507B6837
S3150800CC508C22202199507B680022DA667B680022A4
S3150800CC601A677B6884220021995400231800BD4660
S3150800CC7010B080BDFFFFFF01DFFEFFFF80B584B067
S3150800CC8000AFF860B9603B60FB1D1A7051E0BB69E4
S3150800CC9001334ED0F9F798FE02003B68D31ABA69F9
S3150800CCA09A4202D3BB69002B01D1032351E0FB68EA
S3150800CCB01B681B68042213403BD0BB68802B38D006
S3150800CCC0BB68402B35D0FB681B68DB69082213401C
S3150800CCD0082B11D1FB681B6808221A62FB6818002A
S3150800CCE000F060F9FB68902208219950FB688422BD
S3150800CCF00021995401232CE0FB681B68DA6980231C
S3150800CD001B011A4080231B019A4212D1FB681B683B
S3150800CD10802212011A62FB68180000F043F9FB68CA
S3150800CD20902220219950FB688422002199540323DC
S3150800CD300FE0FB681B68DB69BA681340BA68D31A48
S3150800CD405A425341DBB21A00FB1D1B789A429ED009
S3150800CD5000231800BD4604B080BD000080B598B019
S3150800CD6000AFF860B960BB1D1A80FB68BA689A659F
S3150800CD70FB68BA1D5C2112885A52FB68BA1D5E21EF
S3150800CD8012885A52FB6800225A67FB689A68802301
S3150800CD905B019A420DD1FB681B69002B04D1FB6825
S3150800CDA060227B4999522EE0FB686022FF21995246
S3150800CDB029E0FB689B68002B0DD1FB681B69002BDB
S3150800CDC004D1FB686022FF2199521CE0FB686022AF
S3150800CDD07F21995217E0FB689A6880235B059A427F
S3150800CDE00DD1FB681B69002B04D1FB6860227F21EB
S3150800CDF0995208E0FB6860223F21995203E0FB68DC
S3150800CE00602200219952FB68902200219950FB6804
S3150800CE108C2222219950EFF310833B643B6CFB650F
S3150800CE2001237B647B6C83F31088C046FB681B6810
S3150800CE309A68FB681B6801210A439A60FB6DBB640C
S3150800CE40BB6C83F31088C046FB685A6E80239B052B
S3150800CE509A4250D1FB6868229B5ABA1D12889A4298
S3150800CE6049D3FB689A6880235B019A4207D1FB681D
S3150800CE701B69002B03D1FB68464A5A6702E0FB6828
S3150800CE80454A5A67FB681B69002B19D0EFF31083D4
S3150800CE907B637B6BBB650123BB63BB6B83F310882A
S3150800CEA0C046FB681B681A68FB681B688021490036
S3150800CEB00A431A60BB6DFB63FB6B83F31088C0469D
S3150800CEC0EFF31083BB62BB6A7B650123FB62FB6AD7
S3150800CED083F31088C046FB681B689A68FB681B6862
S3150800CEE0802149050A439A607B6D3B633B6B83F35C
S3150800CEF01088C04647E0FB689A6880235B019A421F
S3150800CF0007D1FB681B69002B03D1FB68234A5A67C4
S3150800CF1002E0FB68224A5A67FB681B69002B19D096
S3150800CF20EFF31083FB61FB69FB6401233B623B6AF9
S3150800CF3083F31088C046FB681B681A68FB681B6881
S3150800CF40902149000A431A60FB6C7B627B6A83F373
S3150800CF50108818E0EFF310833B613B693B650123BA
S3150800CF607B617B6983F31088C046FB681B681A6877
S3150800CF70FB681B6820210A431A603B6DBB61BB69CD
S3150800CF8083F31088C04600231800BD4618B080BD3C
S3150800CF90FF010000EDD70008A1D40008CDD2000893
S3150800CFA0F9D0000880B58EB000AF7860EFF3108333
S3150800CFB07B617B697B630123BB61BB6983F3108853
S3150800CFC0C0467B681B681A687B681B6826490A4046
S3150800CFD01A607B6BFB61FB6983F31088C046EFF32D
S3150800CFE010833B623B6A3B6301237B627B6A83F364
S3150800CFF01088C0467B681B689A687B681B681B4953
S3150800D0000A409A603B6BBB62BB6A83F31088C046D2
S3150800D0107B68DB6E012B18D1EFF31083BB60BB680E
S3150800D020FB620123FB60FB6883F31088C0467B68BC
S3150800D0301B681A687B681B6810218A431A60FB6A9A
S3150800D0403B613B6983F31088C0467B688C222021AC
S3150800D05099507B680022DA667B6800225A67C046C8
S3150800D060BD460EB080BDC046DFFEFFFFFEFFFFEFE8
S3150800D07080B584B000AF78607B689B6AFB60FB680C
S3150800D0805E2200219952FB68562200219952FB68BC
S3150800D0901800FFF72BF9C046BD4604B080BD80B521
S3150800D0A086B000AF7860EFF31083BB60BB687B6126
S3150800D0B00123FB60FB6883F31088C0467B681B6806
S3150800D0C01A687B681B6840218A431A607B693B6142
S3150800D0D03B6983F31088C0467B68882220219950D3
S3150800D0E07B6800229A677B681800FFF7EFF8C0464E
S3150800D0F0BD4606B080BD000080B594B000AF78602C
S3150800D1004E203B187A686021525A1A807B688C2216
S3150800D1109B58222B00D0C4E07B681B685A6A4C21B6
S3150800D1207B181A807B181B88DAB23B181B88D9B281
S3150800D1307B689B6D0A40D2B21A707B689B6D5A1C3D
S3150800D1407B689A657B685E229B5A9BB2013B99B2C3
S3150800D1507B685E2299527B685E229B5A9BB2002BA3
S3150800D16000D0A6E0EFF310837B627B6ABB640123E1
S3150800D170BB62BB6A83F31088C0467B681B681A6863
S3150800D1807B681B684D490A401A60BB6CFB62FB6AE8
S3150800D19083F31088C046EFF310833B633B6B7B64D5
S3150800D1A001237B637B6B83F31088C0467B681B680F
S3150800D1B09A687B681B6801218A439A607B6CBB630B
S3150800D1C0BB6B83F31088C0467B688C22202199505C
S3150800D1D07B6800225A677B6800221A677B681B688F
S3150800D1E0374A934224D07B681B68364A93421FD03D
S3150800D1F07B681B685A6880231B04134018D0EFF31A
S3150800D2001083BB61BB693B640123FB61FB6983F344
S3150800D2101088C0467B681B681A687B681B682A49A1
S3150800D2200A401A603B6C3B623B6A83F31088C0462F
S3150800D2307B68DB6E012B2FD17B680022DA66EFF361
S3150800D2401083FB60FB68FB6301233B613B6983F347
S3150800D2501088C0467B681B681A687B681B681021A3
S3150800D2608A431A60FB6B7B617B6983F31088C0462F
S3150800D2707B681B68DB6910221340102B03D17B687F
S3150800D2801B6810221A627B685C229A5A7B68110016
S3150800D2901800FFF733F80CE07B681800FFF71EF854
S3150800D2A007E07B681B689A697B681B6808210A4344
S3150800D2B09A61C046BD4614B080BDC046DFFEFFFF7A
S3150800D2C00080004000840040FFFFFFFB80B594B05B
S3150800D2D000AF78604E203B187A686021525A1A804F
S3150800D2E07B688C229B58222B00D0C4E07B681B6885
S3150800D2F05A6A4C217B181A807B689B6DBB647B1825
S3150800D3003A181B88128813409AB2BB6C1A807B683D
S3150800D3109B6D9A1C7B689A657B685E229B5A9BB2BA
S3150800D320013B99B27B685E2299527B685E229B5AC2
S3150800D3309BB2002B00D0A6E0EFF310833B623B6A5A
S3150800D3407B6401237B627B6A83F31088C0467B6813
S3150800D3501B681A687B681B684D490A401A607B6C13
S3150800D360BB62BB6A83F31088C046EFF31083FB6287
S3150800D370FB6A3B6401233B633B6B83F31088C0461F
S3150800D3807B681B689A687B681B6801218A439A60D8
S3150800D3903B6C7B637B6B83F31088C0467B688C226F
S3150800D3A0202199507B6800225A677B6800221A67F9
S3150800D3B07B681B68374A934224D07B681B68364AC9
S3150800D3C093421FD07B681B685A6880231B0413404E
S3150800D3D018D0EFF310837B617B69FB630123BB6184
S3150800D3E0BB6983F31088C0467B681B681A687B682C
S3150800D3F01B682A490A401A60FB6BFB61FB6983F3C9
S3150800D4001088C0467B68DB6E012B2FD17B68002213
S3150800D410DA66EFF31083BB60BB68BB630123FB606E
S3150800D420FB6883F31088C0467B681B681A687B68AC
S3150800D4301B6810218A431A60BB6B3B613B6983F307
S3150800D4401088C0467B681B68DB6910221340102BC6
S3150800D45003D17B681B6810221A627B685C229A5A81
S3150800D4607B6811001800FEF749FF0CE07B6818007E
S3150800D470FEF734FF07E07B681B689A697B681B68C0
S3150800D48008210A439A61C046BD4614B080BDC0460D
S3150800D490DFFEFFFF0080004000840040FFFFFFFB27
S3150800D4A080B5A0B000AF78607A23FB187A6860214F
S3150800D4B0525A1A807B681B68DB69FB677B681B68A6
S3150800D4C01B687B677B681B689B683B677B688C224D
S3150800D4D09B58222B00D06FE16E23FB187A686821CF
S3150800D4E0525A1A8016E17B681B685A6A6C217B18A7
S3150800D4F01A807B181B88DAB27A23FB181B88D9B2E4
S3150800D5007B689B6D0A40D2B21A707B689B6D5A1C69
S3150800D5107B689A657B685E229B5A9BB2013B99B2EF
S3150800D5207B685E2299527B681B68DB69FB67FB6F29
S3150800D5300722134049D0FB6F0122134010D07A6F9F
S3150800D54080235B0013400BD07B681B6801221A629C
S3150800D5507B6890229B5801221A437B6890215A5077
S3150800D560FB6F022213400FD03B6F012213400BD0F2
S3150800D5707B681B6802221A627B6890229B580422E9
S3150800D5801A437B6890215A50FB6F042213400FD030
S3150800D5903B6F012213400BD07B681B6804221A627A
S3150800D5A07B6890229B5802221A437B6890215A5026
S3150800D5B07B6890229B58002B07D07B681800FEF7E3
S3150800D5C095FE7B689022002199507B685E229B5AC3
S3150800D5D09BB2002B00D09DE0EFF31083BB63BB6BBF
S3150800D5E0BB660123FB63FB6B83F31088C0467B682D
S3150800D5F01B681A687B681B6875490A401A60BB6E07
S3150800D6003B643B6C83F31088C046EFF310837B645E
S3150800D6107B6C7B660123BB64BB6C83F31088C046B6
S3150800D6207B681B689A687B681B686A490A409A6027
S3150800D6307B6EFB64FB6C83F31088C0467B688C2288
S3150800D640202199507B6800225A677B6800221A6756
S3150800D6507B681B68604A934224D07B681B685F4AD4
S3150800D66093421FD07B681B685A6880231B041340AB
S3150800D67018D0EFF31083FB62FB6A3B6601233B631A
S3150800D6803B6B83F31088C0467B681B681A687B6807
S3150800D6901B6853490A401A603B6E7B637B6B83F3B6
S3150800D6A01088C0467B68DB6E012B2FD17B68002271
S3150800D6B0DA66EFF310833B623B6AFB6501237B6204
S3150800D6C07B6A83F31088C0467B681B681A687B6888
S3150800D6D01B6810218A431A60FB6DBB62BB6A83F321
S3150800D6E01088C0467B681B68DB6910221340102B24
S3150800D6F003D17B681B6810221A627B685C229A5ADF
S3150800D7007B6811001800FEF7F9FD03E07B68180036
S3150800D710FEF7E4FD6E23FB181B88002B04D0FB6F75
S3150800D7202022134000D0DEE65A203B187A685E2194
S3150800D730525A1A8001007B181B88002B44D07B683C
S3150800D74068229B5A7A1812889A423DD2EFF31083C0
S3150800D750BB60BB687B650123FB60FB6883F31088AD
S3150800D760C0467B681B689A687B681B681D490A4027
S3150800D7709A607B6D3B613B6983F31088C0467B6882
S3150800D780194A5A67EFF310837B617B693B6501236E
S3150800D790BB61BB6983F31088C0467B681B681A683F
S3150800D7A07B681B6820210A431A603B6DFB61FB6995
S3150800D7B083F31088C04607E07B681B689A697B6814
S3150800D7C01B6808210A439A61C046BD4620B080BD41
S3150800D7D0FFFEFFFFFEFFFFEF0080004000840040D1
S3150800D7E0FFFFFFFBFFFFFFEFF9D0000880B5A2B0EF
S3150800D7F000AF78608223FB187A686021525A1A8033
S3150800D8007B681B68DB698422BA1813607B681B680F
S3150800D8101B68FB677B681B689B68BB677B688C22F9
S3150800D8209B58222B00D079E17623FB187A68682169
S3150800D830525A1A801EE17B681B685A6A74217B1843
S3150800D8401A807B689B6D3B677B188222BA181B88F7
S3150800D850128813409AB23B6F1A807B689B6D9A1C9C
S3150800D8607B689A657B685E229B5A9BB2013B99B29C
S3150800D8707B685E2299527B681B68DB6984217A186B
S3150800D88013607B181B68072213404ED07B181B6851
S3150800D8900122134010D0FA6F80235B0013400BD08F
S3150800D8A07B681B6801221A627B6890229B580122BA
S3150800D8B01A437B6890215A508423FB181B6802225E
S3150800D8C013400FD0BB6F012213400BD07B681B6837
S3150800D8D002221A627B6890229B5804221A437B68AC
S3150800D8E090215A508423FB181B68042213400FD03A
S3150800D8F0BB6F012213400BD07B681B6804221A6297
S3150800D9007B6890229B5802221A437B6890215A50C2
S3150800D9107B6890229B58002B07D07B681800FEF77F
S3150800D920E5FC7B689022002199507B685E229B5A11
S3150800D9309BB2002B00D09DE0EFF31083FB63FB6BDB
S3150800D940FB6601233B643B6C83F31088C0467B6807
S3150800D9501B681A687B681B6876490A401A60FB6E62
S3150800D9607B647B6C83F31088C046EFF31083BB643B
S3150800D970BB6CBB660123FB64FB6C83F31088C04653
S3150800D9807B681B689A687B681B686B490A409A60C3
S3150800D990BB6E3B653B6D83F31088C0467B688C2263
S3150800D9A0202199507B6800225A677B6800221A67F3
S3150800D9B07B681B68614A934224D07B681B68604A6F
S3150800D9C093421FD07B681B685A6880231B04134048
S3150800D9D018D0EFF310833B633B6B7B6601237B63B5
S3150800D9E07B6B83F31088C0467B681B681A687B6864
S3150800D9F01B6854490A401A607B6EBB63BB6B83F392
S3150800DA001088C0467B68DB6E012B2FD17B6800220D
S3150800DA10DA66EFF310837B627B6A3B660123BB629F
S3150800DA20BB6A83F31088C0467B681B681A687B68E4
S3150800DA301B6810218A431A603B6EFB62FB6A83F3FC
S3150800DA401088C0467B681B68DB6910221340102BC0
S3150800DA5003D17B681B6810221A627B685C229A5A7B
S3150800DA607B6811001800FEF749FC03E07B68180084
S3150800DA70FEF734FC7623FB181B88002B06D084237C
S3150800DA80FB181B682022134000D0D4E65E203B1802
S3150800DA907A685E21525A1A8001007B181B88002B6F
S3150800DAA044D07B6868229B5A7A1812889A423DD2DB
S3150800DAB0EFF31083FB60FB68BB6501233B613B69A1
S3150800DAC083F31088C0467B681B689A687B681B6866
S3150800DAD01D490A409A60BB6D7B617B6983F3108898
S3150800DAE0C0467B68194A5A67EFF31083BB61BB6966
S3150800DAF07B650123FB61FB6983F31088C0467B685D
S3150800DB001B681A687B681B6820210A431A607B6DAC
S3150800DB103B623B6A83F31088C04607E07B681B6854
S3150800DB209A697B681B6808210A439A61C046BD4604
S3150800DB3022B080BDFFFEFFFFFEFFFFEF0080004022
S3150800DB4000840040FFFFFFFBFFFFFFEFCDD2000878
S3150800DB5080B582B000AF7860C046BD4602B080BDD1
S3150800DB6080B582B000AF7860C046BD4602B080BDC1
S3150800DB7080B582B000AF7860C046BD4602B080BDB1
S3150800DB8080B584B000AF78607B6884229B5C012BEB
S3150800DB9001D1022327E07B688422012199547B68FE
S3150800DBA08822242199507B681B681B68FB607B6868
S3150800DBB01B681A687B681B6801218A431A60FB6820
S3150800DBC00B4A1340FB607B6800225A667B681B6819
S3150800DBD0FA681A607B688822202199507B6884221B
S3150800DBE00021995400231800BD4604B080BDC046E4
S3150800DBF0FFFFFFDF80B584B000AF786039607B68CF
S3150800DC0084229B5C012B01D102232EE07B688422AF
S3150800DC10012199547B688822242199507B681B68C6
S3150800DC201B68FB607B681B681A687B681B68012198
S3150800DC308A431A607B681B689B68DB00D9087B6887
S3150800DC401B683A680A439A607B68180000F054F823
S3150800DC507B681B68FA681A607B68882220219950BD
S3150800DC607B6884220021995400231800BD4604B01D
S3150800DC7080BD000080B584B000AF786039607B68ED
S3150800DC8084229B5C012B01D102232FE07B6884222E
S3150800DC90012199547B688822242199507B681B6846
S3150800DCA01B68FB607B681B681A687B681B68012118
S3150800DCB08A431A607B681B689B680E4A13401900E2
S3150800DCC07B681B683A680A439A607B68180000F00C
S3150800DCD013F87B681B68FA681A607B68882220211B
S3150800DCE099507B6884220021995400231800BD4668
S3150800DCF004B080BDFFFFFFF1F0B585B000AF7860D6
S3150800DD007B685B6E002B08D17B686A2201219952D9
S3150800DD107B6868220121995243E00F26BB19082225
S3150800DD201A700E203B1808221A707B681B689B68BD
S3150800DD305B0EDAB20D243B1907210A401A707B687C
S3150800DD401B689B685B0FDAB20C257B1907210A4012
S3150800DD501A703B181B787A19127814498A5C5A4348
S3150800DD6010007B191B78124AD35C1900F2F772FA75
S3150800DD70030099B27B686A229952BB191B783A1933
S3150800DD8012780A498A5C5A4310003B191B78084ADC
S3150800DD90D35C1900F2F75EFA030099B27B68682231
S3150800DDA09952C046BD4605B0F0BDC04670A80108E8
S3150800DDB078A8010880B584B000AF78607B68002237
S3150800DDC05A64054BFB607B68FA681A6400231800DE
S3150800DDD0BD4604B080BDC04680BF000080B584B093
S3150800DDE000AF7860064BFB607B681B6CFA68D24311
S3150800DDF01A407B681A6400231800BD4604B080BD2B
S3150800DE0080BF000080B582B000AF78600A00FB1CB6
S3150800DE101A70FB1C1B78002B06D17B681B6C5B00F9
S3150800DE205A087B681A640DE0FB1C1B78012B07D186
S3150800DE307B681B6C802212061A437B681A6401E011
S3150800DE40012300E000231800BD4602B080BD84B05F
S3150800DE50B0B584B000AF7860042020240019C0193A
S3150800DE600160426083607B6801221A647B681B6CD0
S3150800DE70012293431A007B681A640F257C197B6874
S3150800DE8000211800FFF7BEFF030023707B680022FD
S3150800DE905A647B191B781800BD4604B0B0BC08BC90
S3150800DEA004B0184780B59EB000AF78603960772314
S3150800DEB0FB1800221A707A683B681B789B00D318F7
S3150800DEC01B68DC4A13403B673B68DB78032B0ED0A4
S3150800DED019DC022B1CD016DC002B02D0012B0CD02F
S3150800DEE011E03B6F8022920013433B6711E03B6FC2
S3150800DEF0C022D20013433B670BE03B6F8022D2005F
S3150800DF0013433B6705E07723FB1801221A7000E0EC
S3150800DF10C0467A683B681B789B00D3183A6FC64997
S3150800DF200A431A607A683B681B789B00D3181B68FB
S3150800DF30C24A13403A6812781343BB667A683B684C
S3150800DF401B789B00D318BA6EBB490A431A603B6814
S3150800DF501B7B002B00D055E13B685B78002B6ED00D
S3150800DF603B681B78DB00B64A944663441A683B68EC
S3150800DF701B78DB00B2498C466344120C12041A6003
S3150800DF803B681B78DB00AE4A9446634419683B68D5
S3150800DF90DB889B089BB29A003B681B78DB00A84885
S3150800DFA0844663440A431A607A683B681B789B0078
S3150800DFB0D3181B68BB61BB694022134011D07A682D
S3150800DFC03B681B789B00D3181B689C4A13407B61EF
S3150800DFD07A683B681B789B00D3187A6999490A4383
S3150800DFE01A603B68DB78012B16D07A683B681B7889
S3150800DFF09B00D3181B68944A1340FB60FB682022D9
S3150800E0005340FB607A683B681B789B00D318FA6814
S3150800E01089490A431A6061E27A683B681B789B0063
S3150800E020D3181B68884A13403B617A683B681B789B
S3150800E0309B00D3183A6980490A431A604EE23B6846
S3150800E0401B78DB007E4A944663445A683B681B7813
S3150800E050DB007B498C466344120C12045A603B6809
S3150800E0601B78DB00764A9446634459683B68DB882C
S3150800E0709B089BB29A003B681B78DB007048844675
S3150800E08063440A435A603B681B78DB006C4A944633
S3150800E09063445A683B681B78DB0069498C466344CD
S3150800E0A0920192095A603B681B693E2B20D93B684E
S3150800E0B01B695B09FB663B681B691F22134002D17B
S3150800E0C0FB6E013BFB663B681B78DB005C4A9446AB
S3150800E0D063445A68FB6E9B061A433B681B78DB0051
S3150800E0E057498C466344802109060A435A6032E040
S3150800E0F03B681B69002B11D13B681B78DB00504A33
S3150800E100944663445A683B681B78DB004C498C4646
S3150800E1106344802109060A435A601CE03B681B6970
S3150800E1205B08FB663B681B690122134002D0FB6E45
S3150800E1300133FB663B681B78DB00414A944663441F
S3150800E1405968FB6E9A063B681B78DB003C48844698
S3150800E15063440A435A607A683B681B789B00D31865
S3150800E1601B68BB62BA6A8023DB01134011D07A6848
S3150800E1703B681B789B00D3181B68304A13407B62A8
S3150800E1807A683B681B789B00D3187A6A2F490A433A
S3150800E1901A603B681B78002B1CD17A683B681B7891
S3150800E1A09B00D3181B682A4A1340FB61FB6980222F
S3150800E1B052015340FB61FB69802292015340FB6187
S3150800E1C07A683B681B789B00D318FA691A490A4390
S3150800E1D01A6083E17A683B681B789B00D3181B6832
S3150800E1E01B4A13403B623B6A8022920153403B62C2
S3150800E1F07A683B681B789B00D3183A6A0E490A432B
S3150800E2001A606BE13B68DB78022B25D17A683B689C
S3150800E2101B789B00D3181B68084A13403B667A682C
S3150800E2203B681B789B00D3183A6E0A490A431A6062
S3150800E23024E0C0468F89FF07808000008F8FFF0784
S3150800E24000980040C0800000BF8FFF0780C0000014
S3150800E2508FBFFF07808100007A683B681B789B00A8
S3150800E260D3181B68A14A13407B667A683B681B78FB
S3150800E2709B00D3187A6E9E490A431A603B681B783E
S3150800E280DB009C4A944663441A683B681B78DB00AB
S3150800E29098498C466344120C12041A603B681B7832
S3150800E2A0DB00944A9446634419683B681B899B08BB
S3150800E2B09BB29A003B681B78DB008E488446634411
S3150800E2C00A431A603B681B78DB008A4A9446634413
S3150800E2D05A683B681B78DB0086498C466344120CF7
S3150800E2E012045A603B681B78DB00824A94466344F2
S3150800E2F059683B685B899B089BB29A003B681B7808
S3150800E300DB007C48844663440A435A603B685B7872
S3150800E310002B69D17A683B681B789B00D3181B6869
S3150800E3203B643A6C8023DB01134011D07A683B6862
S3150800E3301B789B00D3181B686F4A1340FB637A68E7
S3150800E3403B681B789B00D318FA6B6C490A431A6022
S3150800E3507A683B681B789B00D3181B68BB63BB6B4A
S3150800E3604022134011D07A683B681B789B00D3186B
S3150800E3701B68614A13407B637A683B681B789B007D
S3150800E380D3187A6B5E490A431A607A683B681B7829
S3150800E3909B00D3181B685B4A13403B633B6B802288
S3150800E3A0520153403B633B6B8022920153403B63CF
S3150800E3B07A683B681B789B00D3183A6B4C490A432A
S3150800E3C01A607A683B681B789B00D3181B684E4A0C
S3150800E3D01340FB627A683B681B789B00D318FA6A7D
S3150800E3E043490A431A6079E07A683B681B789B00C0
S3150800E3F0D3181B68FB65FA6D8023DB01134011D027
S3150800E4007A683B681B789B00D3181B683A4A134006
S3150800E410BB657A683B681B789B00D318BA6D374989
S3150800E4200A431A607A683B681B789B00D3181B68F6
S3150800E4307B657B6D4022134011D07A683B681B7858
S3150800E4409B00D3181B682C4A13403B657A683B68C7
S3150800E4501B789B00D3183A6D29490A431A603B6812
S3150800E460DB78012B16D07A683B681B789B00D3189B
S3150800E4701B68254A1340BB64BB6C20225340BB640F
S3150800E4807A683B681B789B00D318BA6C18490A430C
S3150800E4901A6011E07A683B681B789B00D3181B68E2
S3150800E4A0194A1340FB647A683B681B789B00D318AB
S3150800E4B0FA6C0F490A431A607A683B681B789B0016
S3150800E4C0D3181B680F4A13407B647A683B681B782D
S3150800E4D09B00D3187A6C06490A431A607723FB18FF
S3150800E4E01B781800BD461EB080BDC0468F8EFF073C
S3150800E4F080800000009800408F8FFF0780C00000D2
S3150800E500C08000008FBFFF07BF8FFF0780B596B09A
S3150800E51000AF786039603B681B7B002B64D13B6891
S3150800E5205B78002B2FD07A683B681B789B00D31842
S3150800E5301B683B613B694022134011D07A683B68EF
S3150800E5401B789B00D3181B689D4A1340FB607A68AA
S3150800E5503B681B789B00D318FA689A490A431A60E5
S3150800E5607A683B681B789B00D3181B68964A134049
S3150800E570BB607A683B681B789B00D318BA689349D6
S3150800E5800A431A6017E17A683B681B789B00D31820
S3150800E5901B68FB61FA698023DB01134011D07A6896
S3150800E5A03B681B789B00D3181B68854A1340BB61E0
S3150800E5B07A683B681B789B00D318BA6984490A4372
S3150800E5C01A607A683B681B789B00D3181B68814AD7
S3150800E5D013407B617A683B681B789B00D3187A697D
S3150800E5E07A490A431A60E6E03B685B78002B71D1EA
S3150800E5F07A683B681B789B00D3181B68BB63BA6BA9
S3150800E6008023DB01134011D07A683B681B789B0096
S3150800E610D3181B686A4A13407B637A683B681B7881
S3150800E6209B00D3187A6B6A490A431A607A683B6872
S3150800E6301B789B00D3181B683B633B6B4022134037
S3150800E64011D07A683B681B789B00D3181B685C4A14
S3150800E6501340FB627A683B681B789B00D318FA6AFA
S3150800E66058490A431A607A683B681B789B00D31896
S3150800E6701B68534A1340BB627A683B681B789B0049
S3150800E680D318BA6A4F490A431A607A683B681B78F6
S3150800E6909B00D3181B684F4A13407B627A683B6815
S3150800E6A01B789B00D3187A6A48490A431A607A6825
S3150800E6B03B681B789B00D3181B68434A13403B6290
S3150800E6C07A683B681B789B00D3183A6A3F490A4325
S3150800E6D01A6070E07A683B681B789B00D3181B6841
S3150800E6E07B657A6D8023DB01134011D07A683B681D
S3150800E6F01B789B00D3181B68314A13403B657A6820
S3150800E7003B681B789B00D3183A6D31490A431A6057
S3150800E7107A683B681B789B00D3181B68FB64FB6C04
S3150800E7204022134011D07A683B681B789B00D318A7
S3150800E7301B68234A1340BB647A683B681B789B00B6
S3150800E740D318BA6C1F490A431A607A683B681B7863
S3150800E7509B00D3181B681A4A13407B647A683B6887
S3150800E7601B789B00D3187A6C19490A431A607A6891
S3150800E7703B681B789B00D3181B68134A13403B64FD
S3150800E7807A683B681B789B00D3183A6C0F490A4392
S3150800E7901A607A683B681B789B00D3181B680D4A79
S3150800E7A01340FB637A683B681B789B00D318FA6BA7
S3150800E7B006490A431A6000231800BD4616B080BDF4
S3150800E7C08F8FFF07C0800000BF8FFF078080000083
S3150800E7D080C000008FBFFF0790B597B000AF786084
S3150800E7E039603B685B78012B01D000F0BFFC3B68C1
S3150800E7F09A693B681B699A4203D93B681B697B6522
S3150800E80002E03B689B697B653B681B7B002B2BD131
S3150800E8103B6859693B68DA887B6D9BB2786801F07A
S3150800E820F5F83B681B78DB00CE4A944663441A68C1
S3150800E8303B681B78DB00CB498C4663441204120CF8
S3150800E8401A603B681B78DB00C64A9446634419681D
S3150800E8507B6D1A043B681B78DB00C2488446634418
S3150800E8600A431A6000F067FC3B68DB78022B00D08D
S3150800E8701AE33B681A6A3B681B699A4200D8C7E2E2
S3150800E8807A683B681B789B00D3181B68B64A134006
S3150800E8903B617A683B681B789B00D3183A69B34991
S3150800E8A00A431A603B681A6A7B6DD21A3B681A6279
S3150800E8B07A683B681B789B00D3181B684022134074
S3150800E8C000D155E13B685B78002B62D13B681B7829
S3150800E8D0DB00A44A944663445A683B681B78DB000D
S3150800E8E0A0498C466344920192095A607B6D3E2B7F
S3150800E8F01ED97B6D5B093B657B6D1F22134002D1D8
S3150800E9003B6D013B3B653B681B78DB00954A9446AB
S3150800E91063445A683B6D9B061A433B681B78DB00C9
S3150800E92090498C466344802109060A435A6055E09B
S3150800E9307B6D002B11D13B681B78DB00894A944616
S3150800E94063445A683B681B78DB0086498C466344F7
S3150800E950802109060A435A6040E07B6D5B083B65E7
S3150800E9607B6D0122134002D03B6D01333B653B684A
S3150800E9701B78DB007B4A9446634459683B6D9A06CC
S3150800E9803B681B78DB007748844663440A435A6031
S3150800E99024E03B685B78012B20D13B681B78DB00C1
S3150800E9A0704A944663445A683B681B78DB006D4995
S3150800E9B08C4663441204120C5A603B681B78DB00D1
S3150800E9C0684A9446634459687B6D1A043B681B7809
S3150800E9D0DB006448844663440A435A601A203B189D
S3150800E9E03A6852891A803B6859697B6D9CB23B1814
S3150800E9F01A887868230001F009F83B685A697B6D24
S3150800EA00D2183B685A613B681A6A3B681B699A4286
S3150800EA1006D93B681A6A7B6DD21A3B681A6205E00A
S3150800EA203B681B6A7B653B6800221A623B685B7819
S3150800EA30002B62D13B681B78DB004A4A9446634444
S3150800EA401A683B681B78DB0046498C46634492018A
S3150800EA5092091A607B6D3E2B1ED97B6D5B09FB64A0
S3150800EA607B6D1F22134002D1FB6C013BFB643B68A4
S3150800EA701B78DB003B4A944663441A68FB6C9B068A
S3150800EA801A433B681B78DB0036498C466344802171
S3150800EA9009060A431A6055E07B6D002B11D13B68C5
S3150800EAA01B78DB002F4A944663441A683B681B7838
S3150800EAB0DB002C498C466344802109060A431A6008
S3150800EAC040E07B6D5B08FB647B6D0122134002D03E
S3150800EAD0FB6C0133FB643B681B78DB00214A9446D8
S3150800EAE063441968FB6C9A063B681B78DB001D4873
S3150800EAF0844663440A431A6024E03B685B78012B2A
S3150800EB0020D13B681B78DB00164A944663441A6892
S3150800EB103B681B78DB0013498C4663441204120CCD
S3150800EB201A603B681B78DB000E4A944663441968F2
S3150800EB307B6D1A043B681B78DB000A4884466344ED
S3150800EB400A431A601A203B183A6812891A803B68E9
S3150800EB5059697B6D9CB23B181A887868230000F0C7
S3150800EB6055FFE8E2009800408F8FFF07808100007C
S3150800EB703B685B78002B62D13B681B78DB00C74A91
S3150800EB80944663441A683B681B78DB00C3498C4685
S3150800EB906344920192091A607B6D3E2B1ED97B6DE8
S3150800EBA05B09BB647B6D1F22134002D1BB6C013B22
S3150800EBB0BB643B681B78DB00B84A944663441A6812
S3150800EBC0BB6C9B061A433B681B78DB00B3498C4633
S3150800EBD06344802109060A431A6055E07B6D002BC1
S3150800EBE011D13B681B78DB00AC4A944663441A682B
S3150800EBF03B681B78DB00A9498C46634480210906DB
S3150800EC000A431A6040E07B6D5B08BB647B6D01229A
S3150800EC10134002D0BB6C0133BB643B681B78DB0036
S3150800EC209E4A944663441968BB6C9A063B681B78EF
S3150800EC30DB009A48844663440A431A6024E03B682A
S3150800EC405B78012B20D13B681B78DB00934A9446FE
S3150800EC5063441A683B681B78DB0090498C4663441A
S3150800EC601204120C1A603B681B78DB008B4A944628
S3150800EC70634419687B6D1A043B681B78DB00874878
S3150800EC80844663440A431A601A203B183A68128974
S3150800EC901A803B6859697B6D9CB23B181A8878685C
S3150800ECA0230000F0B3FE3B685A697B6DD2183B68B7
S3150800ECB05A613B681A6A3B681B699A4206D93B68DF
S3150800ECC01A6A7B6DD21A3B681A6205E03B681B6AB2
S3150800ECD07B653B6800221A623B685B78002B62D131
S3150800ECE03B681B78DB006D4A944663445A683B6868
S3150800ECF01B78DB0069498C466344920192095A6085
S3150800ED007B6D3E2B1ED97B6D5B097B647B6D1F2259
S3150800ED10134002D17B6C013B7B643B681B78DB00AC
S3150800ED205E4A944663445A687B6C9B061A433B6862
S3150800ED301B78DB0059498C466344802109060A433F
S3150800ED405A6055E07B6D002B11D13B681B78DB00C0
S3150800ED50524A944663445A683B681B78DB004F491D
S3150800ED608C466344802109060A435A6040E07B6D5D
S3150800ED705B087B647B6D0122134002D07B6C0133F8
S3150800ED807B643B681B78DB00444A944663445968B5
S3150800ED907B6C9A063B681B78DB00404884466344D4
S3150800EDA00A435A6024E03B685B78012B20D13B6814
S3150800EDB01B78DB00394A944663445A683B681B78DB
S3150800EDC0DB0036498C4663441204120C5A603B68D1
S3150800EDD01B78DB00314A9446634459687B6D1A04F4
S3150800EDE03B681B78DB002D48844663440A435A6017
S3150800EDF01A203B183A6852891A803B6859697B6D14
S3150800EE009CB23B181A887868230000F0FFFD92E14F
S3150800EE103B681B6A7B657A683B681B789B00D3183E
S3150800EE201B681F4A13407B617A683B681B789B0006
S3150800EE30D3187A691B490A431A603B681B78DB00BA
S3150800EE40164A944663441A683B681B78DB001349E4
S3150800EE508C4663441204120C1A603B681B78DB006C
S3150800EE600E4A9446634419687B6D1A043B681B78FE
S3150800EE70DB000A48844663440A431A601A203B1892
S3150800EE803A6812891A803B6859697B6D9CB23B18AF
S3150800EE901A887868230000F0B9FD4CE10098004014
S3150800EEA08F8EFF07808000003B681A6A7B6DD21A36
S3150800EEB03B681A627A683B681B789B00D3181B6804
S3150800EEC04022134000D19BE03B685B78002B62D15F
S3150800EED03B681B78DB00D64A944663445A683B680D
S3150800EEE01B78DB00D2498C466344920192095A602A
S3150800EEF07B6D3E2B1ED97B6D5B093B647B6D1F22A8
S3150800EF00134002D13B6C013B3B643B681B78DB003A
S3150800EF10C74A944663445A683B6C9B061A433B6847
S3150800EF201B78DB00C2498C466344802109060A43E4
S3150800EF305A6055E07B6D002B11D13B681B78DB00CE
S3150800EF40BB4A944663445A683B681B78DB00B84959
S3150800EF508C466344802109060A435A6040E07B6D6B
S3150800EF605B083B647B6D0122134002D03B6C013386
S3150800EF703B643B681B78DB00AD4A9446634459689A
S3150800EF803B6C9A063B681B78DB00A94884466344B9
S3150800EF900A435A6024E03B685B78012B20D13B6822
S3150800EFA01B78DB00A24A944663445A683B681B7880
S3150800EFB0DB009F498C4663441204120C5A603B6876
S3150800EFC01B78DB009A4A9446634459687B6D1A0499
S3150800EFD03B681B78DB009648844663440A435A60BC
S3150800EFE01A203B183A6852891A803B6859697B6D22
S3150800EFF09CB23B181A887868230000F007FD9AE04F
S3150800F0003B685B78002B62D13B681B78DB00884A3B
S3150800F010944663441A683B681B78DB0084498C462F
S3150800F0206344920192091A607B6D3E2B1ED97B6D53
S3150800F0305B09FB637B6D1F22134002D1FB6B013B0F
S3150800F040FB633B681B78DB00794A944663441A687D
S3150800F050FB6B9B061A433B681B78DB0074498C469E
S3150800F0606344802109060A431A6055E07B6D002B2C
S3150800F07011D13B681B78DB006D4A944663441A68D5
S3150800F0803B681B78DB006A498C4663448021090685
S3150800F0900A431A6040E07B6D5B08FB637B6D0122C7
S3150800F0A0134002D0FB6B0133FB633B681B78DB0024
S3150800F0B05F4A944663441968FB6B9A063B681B785B
S3150800F0C0DB005B48844663440A431A6024E03B68D5
S3150800F0D05B78012B20D13B681B78DB00544A9446A9
S3150800F0E063441A683B681B78DB0051498C466344C5
S3150800F0F01204120C1A603B681B78DB004C4A9446D3
S3150800F100634419687B6D1A043B681B78DB00484822
S3150800F110844663440A431A601A203B183A681289DF
S3150800F1201A803B6859697B6D9CB23B181A887868C7
S3150800F130230000F06BFC7A683B681B789B00D318A9
S3150800F1401B683C4A1340FB60FB6810225340FB6077
S3150800F150FB6820225340FB607A683B681B789B005B
S3150800F160D318FA6834490A431A6040E33B681B7BA4
S3150800F170002B00D07EE03B689A693B681B699A427F
S3150800F18009D93B681B697B653B689A697B6DD21A0E
S3150800F1903B689A6105E03B689B697B653B68002292
S3150800F1A09A613B681B78DB00214A944663445A6897
S3150800F1B03B681B78DB001E498C4663449201920922
S3150800F1C05A607B6D3E2B1ED97B6D5B09BB637B6DDD
S3150800F1D01F22134002D1BB6B013BBB633B681B7804
S3150800F1E0DB00134A944663445A68BB6B9B061A4372
S3150800F1F03B681B78DB000E498C4663448021090670
S3150800F2000A435A60D7E27B6D002B17D13B681B78FF
S3150800F210DB00074A944663445A683B681B78DB0060
S3150800F22003498C466344802109060A435A60C2E2B0
S3150800F23000980040BF8FFF07808000007B6D5B0849
S3150800F240BB637B6D0122134002D0BB6B0133BB63EA
S3150800F2503B681B78DB00C44A944663445968BB6B19
S3150800F2609A063B681B78DB00BF48844663440A431A
S3150800F2705A60A0E23B68DB78022B00D05FE13B686E
S3150800F2805B78002B68D13B681B78DB00B64A94464E
S3150800F29063441A683B681B78DB00B3498C466344B1
S3150800F2A0920192091A603B681B693E2B20D93B687C
S3150800F2B01B695B097B633B681B691F22134002D1EC
S3150800F2C07B6B013B7B633B681B78DB00A64A944655
S3150800F2D063441A687B6B9B061A433B681B78DB0002
S3150800F2E0A1498C466344802109060A431A6059E0FD
S3150800F2F03B681B69002B11D13B681B78DB009A4AD7
S3150800F300944663441A683B681B78DB0096498C462A
S3150800F3106344802109060A431A6043E03B681B6977
S3150800F3205B087B633B681B690122134002D07B6B39
S3150800F33001337B633B681B78DB008B4A9446634446
S3150800F34019687B6B9A063B681B78DB0086488446FF
S3150800F35063440A431A6025E03B685B78012B21D198
S3150800F3603B681B78DB00804A944663441A683B680E
S3150800F3701B78DB007C498C4663441204120C1A6025
S3150800F3803B681B78DB00784A9446634419683B68F7
S3150800F3901B691A043B681B78DB0073488446634480
S3150800F3A00A431A603B685B78002B68D13B681B7878
S3150800F3B0DB006D4A944663445A683B681B78DB0059
S3150800F3C069498C466344920192095A603B681B69F5
S3150800F3D03E2B20D93B681B695B093B633B681B696D
S3150800F3E01F22134002D13B6B013B3B633B681B78F2
S3150800F3F0DB005D4A944663445A683B6B9B061A4396
S3150800F4003B681B78DB0058498C4663448021090613
S3150800F4100A435A6059E03B681B69002B11D13B68C7
S3150800F4201B78DB00504A944663445A683B681B784D
S3150800F430DB004D498C466344802109060A435A601D
S3150800F44043E03B681B695B083B633B681B69012219
S3150800F450134002D03B6B01333B633B681B78DB00F0
S3150800F460414A9446634459683B6B9A063B681B7845
S3150800F470DB003D48844663440A435A6025E03B68FE
S3150800F4805B78012B21D13B681B78DB00364A944612
S3150800F49063445A683B681B78DB0033498C466344EF
S3150800F4A01204120C5A603B681B78DB002E4A9446FD
S3150800F4B0634459683B681B691A043B681B78DB0080
S3150800F4C02948844663440A435A603B68DB69002B33
S3150800F4D000D170E17A683B681B789B00D3181A68DC
S3150800F4E026217B181A807B181A888023DB01134093
S3150800F4F004D07B181B88402213400DD126217B1887
S3150800F5001A888023DB01134000D054E17B181B883E
S3150800F5104022134000D04EE17A683B681B789B0076
S3150800F520D3181B68114A13403B627A683B681B78FC
S3150800F5309B00D3183A6A0E490A431A603BE13B68B6
S3150800F540DB78012B00D034E13B689A693B681B697C
S3150800F5509A420FD93B681B697B653B689A697B6D44
S3150800F560D21A3B689A610BE0009800408F8FFF071C
S3150800F570C08000003B689B697B653B6800229A61F6
S3150800F5803B685B78002B62D13B681B78DB009A4AA4
S3150800F590944663441A683B681B78DB0096498C4698
S3150800F5A06344920192091A607B6D3E2B1ED97B6DCE
S3150800F5B05B09FB627B6D1F22134002D1FB6A013B8C
S3150800F5C0FB623B681B78DB008B4A944663441A68E7
S3150800F5D0FB6A9B061A433B681B78DB0086498C4608
S3150800F5E06344802109060A431A6055E07B6D002BA7
S3150800F5F011D13B681B78DB007F4A944663441A683E
S3150800F6003B681B78DB007C498C46634480210906ED
S3150800F6100A431A6040E07B6D5B08FB627B6D012242
S3150800F620134002D0FB6A0133FB623B681B78DB00A0
S3150800F630714A944663441968FB6A9A063B681B78C4
S3150800F640DB006D48844663440A431A6024E03B683D
S3150800F6505B78012B20D13B681B78DB00664A944611
S3150800F66063441A683B681B78DB0063498C4663442D
S3150800F6701204120C1A603B681B78DB005E4A94463B
S3150800F680634419687B6D1A043B681B78DB005A488B
S3150800F690844663440A431A603B685B78002B62D150
S3150800F6A03B681B78DB00544A944663445A683B68B7
S3150800F6B01B78DB0050498C466344920192095A60D4
S3150800F6C07B6D3E2B1ED97B6D5B09BB627B6D1F2252
S3150800F6D0134002D1BB6A013BBB623B681B78DB0067
S3150800F6E0454A944663445A68BB6A9B061A433B6874
S3150800F6F01B78DB0040498C466344802109060A438F
S3150800F7005A6058E07B6D002B11D13B681B78DB00F3
S3150800F710394A944663445A683B681B78DB00364985
S3150800F7208C466344802109060A435A6043E07B6D90
S3150800F7305B08BB627B6D0122134002D0BB6A0133B2
S3150800F740BB623B681B78DB002B4A944663445968C6
S3150800F750BB6A9A063B681B78DB00274884466344E5
S3150800F7600A435A6027E03B685B78012B23D13B6844
S3150800F7701B78DB00204A944663445A683B681B782A
S3150800F780DB001D498C4663441204120C5A603B6820
S3150800F7901B78DB00184A9446634459687B6D1A0443
S3150800F7A03B681B78DB001448844663440A435A6066
S3150800F7B001E001231CE07A683B681B789B00D3189C
S3150800F7C01B680E4A1340FB61FB69802252015340B5
S3150800F7D0FB61FB69802292015340FB617A683B68B2
S3150800F7E01B789B00D318FA6905490A431A60002357
S3150800F7F01800BD4617B090BD009800408FBFFF07A0
S3150800F8008080000080B584B000AF786039603B68BE
S3150800F8105B78002B16D07A683B681B789B00D31858
S3150800F8201B68164A1340BB60BB6810225340BB6076
S3150800F8307A683B681B789B00D318BA6810490A4354
S3150800F8401A6016E07A683B681B789B00D3181B6819
S3150800F8500C4A1340FB60FB68802252015340FB6050
S3150800F8607A683B681B789B00D318FA6804490A43F0
S3150800F8701A6000231800BD4604B080BDBF8FFF077D
S3150800F880808000008FBFFF0780B588B000AF786022
S3150800F89039603B681B7B002B00D075E03B685B78C2
S3150800F8A0002B37D07A683B681B789B00D3181B68F7
S3150800F8B03B613B694022134011D07A683B681B784C
S3150800F8C09B00D3181B68334A1340FB607A683B6871
S3150800F8D01B789B00D318FA682F490A431A603B68BD
S3150800F8E0DB78012B50D07A683B681B789B00D318CD
S3150800F8F01B682A4A1340BB60BB6820225340BB6082
S3150800F9007A683B681B789B00D318BA6824490A436F
S3150800F9101A6039E07A683B681B789B00D3181B6825
S3150800F920FB61FA698023DB01134011D07A683B68D2
S3150800F9301B789B00D3181B68164A1340BB617A686C
S3150800F9403B681B789B00D318BA6916490A431A60A4
S3150800F9507A683B681B789B00D3181B68124A1340C9
S3150800F9607B617B698022520153407B617B698022DF
S3150800F970920153407B617A683B681B789B00D318D9
S3150800F9807A6907490A431A6000231800BD4608B079
S3150800F99080BDC0468F8FFF07C0800000BF8FFF075E
S3150800F9A08080000080C000008FBFFF0780B582B04E
S3150800F9B000AF78600A00FB1C1A70FB1C1B78002B32
S3150800F9C002D17B688022DA6400231800BD4602B0A3
S3150800F9D080BD80B582B000AF78607B689B6D802261
S3150800F9E012021A437B689A6500231800BD4602B0C6
S3150800F9F080BD80B584B000AF78607B685B6CFB60C7
S3150800FA00FB681800BD4604B080BD000080B58AB00A
S3150800FA1000AFF860B9601900BB1D1A803B1D0A1CAF
S3150800FA201A803B1D1B8803339B08BB6116203B18B5
S3150800FA303A1D128803210A401A80BB683B613B18AD
S3150800FA401B88002B02D0BB69013BBB61BB1D1B8811
S3150800FA50284A94466344FB61BB693B621FE03B69E5
S3150800FA601A78597809020A43997809040A43DB780F
S3150800FA701B0613431A00FB691A60FB690433FB6112
S3150800FA803B6901333B613B6901333B613B690133A8
S3150800FA903B613B6901333B613B6A013B3B623B6A25
S3150800FAA0002BDCD11623FB181B88002B1ED0002345
S3150800FAB07B623B691B781A003B6ADB009A4013009D
S3150800FAC07A6A13437B623B6A01333B623B690133C3
S3150800FAD03B6116217B181A887B18013A1A807B1815
S3150800FAE01B88002BE5D1FB697A6A1A60C046BD46B9
S3150800FAF00AB080BD0098004090B58BB000AFF860A2
S3150800FB00B9601900BB1D1A803B1D0A1C1A803B1DD3
S3150800FB101B8803339B08FB611A203B183A1D128881
S3150800FB2003210A401A80BB687B61BB1D1B88394AC2
S3150800FB30944663443B623B181B88002B02D0FB6942
S3150800FB40013BFB61FB697B623CE03B6A1A687B69A7
S3150800FB50FF2111400C00197800200140081C211CC7
S3150800FB6001431970110AFF2001400C005978002042
S3150800FB700140081C211C01435970110CFF2001404B
S3150800FB800C00997800200140081C211C014399703B
S3150800FB90100EDA7800210A40111C021C0A43DA709A
S3150800FBA03B6A04333B627B6901337B617B690133C2
S3150800FBB07B617B6901337B617B6901337B617B6A8E
S3150800FBC0013B7B627B6A002BBFD11A23FB181B887B
S3150800FBD0002B1BD03B6A1B683B617B6ADBB2DB00F0
S3150800FBE03A69DA401300DAB27B691A707B6A013324
S3150800FBF07B627B6901337B611A217B181A887B1823
S3150800FC00013A1A807B181B88002BE6D1C046BD46F0
S3150800FC100BB090BD0098004080B584B000AF786006
S3150800FC200A00FB1C1A7087239B00180005F02CFBA2
S3150800FC300300FB60FB68002B0AD17A68B5239B009A
S3150800FC40D2587B68B03292000021D1500223E9E0F5
S3150800FC5087239A00FB680021180006F037FB7A68AC
S3150800FC60B5239B00D2587B68B0329200F968D15010
S3150800FC707A68B5239B00D2587B68B0329200D15877
S3150800FC807A68AF239B00D1507B681B7C002B3CD144
S3150800FC90664B197880239B007868022205F031F9B3
S3150800FCA0624B1B781A000F231A40796813009B00D1
S3150800FCB09B189B00CB18243301221A805C4B1978B9
S3150800FCC080239B007868022205F01BF9584B1B78A5
S3150800FCD01A000F231A407868B223590013009B00B4
S3150800FCE09B189B00C3185B1801221A80514B1B787E
S3150800FCF01A000F231A40796813009B009B189B0073
S3150800FD00CB18263310221A8039E0484B19787868C0
S3150800FD104023022205F0F5F8444B1B781A000F23FE
S3150800FD201A40796813009B009B189B00CB18243354
S3150800FD3001221A803E4B197878684023022205F082
S3150800FD40E0F83B4B1B781A000F231A407868B22359
S3150800FD50590013009B009B189B00C3185B180122CF
S3150800FD601A80344B1B781A000F231A40796813003F
S3150800FD709B009B189B00CB18263310221A802D4B0C
S3150800FD80197878680823032205F0BBF8294B1B78F5
S3150800FD901A000F231A40796813009B009B189B00D2
S3150800FDA0CB18243301221A80FA6881239B0000218C
S3150800FDB0D1507A68B5239B00D3587A68B0339B0034
S3150800FDC0D31804331B681B689847FA6885239B0079
S3150800FDD00021D150FA6886239B000021D150FA6889
S3150800FDE081239B00D358002B01D102231AE07B689C
S3150800FDF01B7C002B0BD10E4B1978FA6881239B00CC
S3150800FE00D25880239B00786805F0BEF909E0084BB4
S3150800FE101978FA6881239B00D2587868402305F040
S3150800FE20B3F900231800BD4604B080BD3301002095
S3150800FE30340100203501002080B582B000AF78601B
S3150800FE400A00FB1C1A70414B1A787B6811001800CF
S3150800FE5005F08EF83D4B1B781A000F231A40796877
S3150800FE6013009B009B189B00CB18243300221A8092
S3150800FE70374B1A787B681100180005F079F8344B6F
S3150800FE801B781A000F231A407868B223590013000A
S3150800FE909B009B189B00C3185B1800221A802D4BE9
S3150800FEA01A787B681100180005F062F8294B1B7850
S3150800FEB01A000F231A40796813009B009B189B00B1
S3150800FEC0CB18243300221A80224B1B781A000F23E2
S3150800FED01A40796813009B009B189B00CB182633A1
S3150800FEE000221A807A68B5239B00D2587B68B03204
S3150800FEF09200D358002B24D07A68B5239B00D35898
S3150800FF007A68B0339B00D31804331B685B6898473C
S3150800FF107A68B5239B00D2587B68B0329200D358D2
S3150800FF20180005F0BDF97A68B5239B00D2587B689E
S3150800FF30B03292000021D1507A68AF239B0000218D
S3150800FF40D15000231800BD4602B080BD3301002001
S3150800FF50340100203501002080B586B000AF7860F6
S3150800FF6039607A68B5239B00D2587B68B032920014
S3150800FF70D3583B610D23FB1800221A700A23FB187D
S3150800FF8000221A801723FB1800221A703B69002BDF
S3150800FF9001D10323D1E03B681B781A006023134084
S3150800FFA05BD0202B00D0BAE03B68DB88002B43D01F
S3150800FFB03B681B785BB2002B22DA7A68B5239B0074
S3150800FFC0D3587A68B0339B00D31804331B689B68F0
S3150800FFD03A68507839693A68D28898473B68DB8826
S3150800FFE00E22BA1899B2072900D90723138039694E
S3150800FFF00E23FB181A887B68180001F087FF99E022
S315080100003B6859783A6980239B00D1543B68DB8861
S315080100103F2B03D83B68DB88DAB200E040223B6914
S3150801002048495A5439693B69464A9B5C1A007B68B8
S31508010030180001F098FF7DE07A68B5239B00D35834
S315080100407A68B0339B00D31804331B689B683A68F7
S3150801005050783968002298476CE03B685B780B2B2F
S315080100603CD04DDC0A2B1FD04ADC002B02D0012BD9
S3150801007051D045E07A68A7239B00D35CDBB2032BFA
S3150801008007D10A23F9187B680222180001F03EFFFE
S3150801009044E03A687B681100180001F0AFFE1723A7
S315080100A0FB1803221A7039E07A68A7239B00D35CF0
S315080100B0DBB2032B07D10D23F9187B68012218003F
S315080100C001F024FF2AE03A687B681100180001F064
S315080100D095FE1723FB1803221A701FE07A68A723D7
S315080100E09B00D35CDBB2032B17D03A687B681100FF
S315080100F0180001F083FE1723FB1803221A700CE07F
S315080101003A687B681100180001F078FE1723FB187E
S3150801011003221A7002E0C0460CE0C0460AE03A68BB
S315080101207B681100180001F069FE1723FB180322EA
S315080101301A70C0461723FB181B781800BD4606B06F
S3150801014080BDC0460102000090B585B000AF786059
S315080101500A00FB1C1A707A68B2239B00D358FB600D
S315080101607A68B5239B00D2587B68B0329200D3587F
S31508010170002B01D1032372E07A68B5239B00D2587C
S315080101807B68B0329200D358BB60FB1C1B780F22E8
S315080101901A40796813009B009B189B00CB181833EB
S315080101A01B68002B31D0FB1C1B780F221A4079687B
S315080101B013009B009B189B00CB1818331868FB1C6F
S315080101C01B780F221A40F96813009B009B18DB0065
S315080101D0CB1824331B681900F0F738F80B1E14D115
S315080101E0FB1C1B780F221A40796813009B009B1889
S315080101F09B00CB18183300221A60FB1C1978786803
S315080102000023002204F090FF28E0BA6885239B00AA
S315080102100021D1507A68B5239B00D3587A68B03348
S315080102209B00D31804331B681B69002B16D07A6808
S31508010230B5239B00D3587A68B0339B00D31804338F
S315080102401B681C69BA6882239B00D058BB68842244
S3150801025092009918FB1C1B781A00A0470023180066
S31508010260BD4605B090BD80B584B000AF78600A0080
S31508010270FB1C1A707A68B5239B00D2587B68B0328A
S315080102809200D358FB607A68B5239B00D2587B68E5
S31508010290B0329200D358002B01D1032322E0FB1C74
S315080102A01A787B681100180004F09EFF0100FA68AD
S315080102B083239B00D1507A68B5239B00D3587A686B
S315080102C0B0339B00D31804331B68DA68F9688123B5
S315080102D09B00C858FB68832189008C466344190032
S315080102E0904700231800BD4604B080BD90B585B07F
S315080102F000AF78607A68B5239B00D2587B68B03224
S315080103009200D358FB60FB68002B01D103232BE035
S315080103107A68B5239B00D3587A68B0339B00D31803
S3150801032004331B68002B1ED0FA6880239B00D35C1C
S31508010330FF2B18D07A68B5239B00D3587A68B03357
S315080103409B00D31804331B689B68F96880229200C6
S31508010350885CF968FA68064C125D9847FA68802342
S315080103609B00FF21D15400231800BD4605B090BD5E
S315080103700102000080B586B000AF7860204B82216B
S31508010380180000F09CFD03007B611D4B012118003C
S3150801039000F095FD03003B61194B8121180000F01F
S315080103A08EFD0300FB607B69002B02D07B6910225E
S315080103B09A713B69002B0BD03B691A7900210A40D7
S315080103C0111C40220A431A715A7900210A405A71AE
S315080103D0FB68002B0BD0FB681A7900210A40111C17
S315080103E040220A431A715A7900210A405A717B68D8
S315080103F043221A80024B1800BD4606B080BDC0468E
S31508010400F000002080B586B000AF7860204B8221CD
S31508010410180000F054FD03007B611D4B01211800F3
S3150801042000F04DFD03003B61194B8121180000F0D6
S3150801043046FD0300FB607B69002B02D07B69102215
S315080104409A713B69002B0BD03B691A7900210A4046
S315080104501A715A7900210A40111C02220A435A715B
S31508010460FB68002B0BD0FB681A7900210A401A7128
S315080104705A7900210A40111C02220A435A717B68E3
S3150801048043221A80024B1800BD4606B080BDC046FD
S31508010490F000002080B586B000AF7860204B82213D
S315080104A0180000F00CFD03007B611D4B01211800AB
S315080104B000F005FD03003B61194B8121180000F08E
S315080104C0FEFC0300FB607B69002B02D07B691022CE
S315080104D09A713B69002B0BD03B691A7900210A40B6
S315080104E0111C40220A431A715A7900210A405A718D
S315080104F0FB68002B0BD0FB681A7900210A40111CF6
S3150801050040220A431A715A7900210A405A717B68B6
S3150801051043221A80024B1800BD4606B080BDC0466C
S31508010520F000002080B582B000AF78607B680A22AF
S315080105301A80024B1800BD4602B080BDAC000020EF
S3150801054080B582B000AF786039603B68002B01D175
S3150801055003230BE07A68B5239B00D3587A68B03336
S315080105609B00D31804333A681A6000231800BD4665
S3150801057002B080BD80B586B000AFF860B9607A6018
S31508010580FA68B5239B00D258FB68B0329200D3585B
S315080105907B617B69002B01D103230AE07A698223F7
S315080105A09B00B968D1507A6984239B007968D15038
S315080105B000231800BD4606B080BD80B584B000AFE3
S315080105C0786039607A68B5239B00D2587B68B03267
S315080105D09200D358FB60FB68002B01D1032305E089
S315080105E0FA6881239B003968D15000231800BD465B
S315080105F004B080BD90B585B000AF78607A68B52340
S315080106009B00D2587B68B0329200D358BB600F2347
S31508010610FB1801221A70BB68002B01D1032330E0B5
S31508010620BA6885239B00D358002B27D1BA6885233E
S315080106309B000121D150154B1B781A000F231A4034
S31508010640B96884239B00C958786813009B009B18D6
S315080106509B00C318183319600C4B1978BA688223A2
S315080106609B00D458BA6884239B00D3587868220023
S3150801067004F05AFD0F23FB1800221A700F23FB18EA
S315080106801B781800BD4605B090BDC0463301002051
S3150801069080B584B000AF78607A68B5239B00D258DC
S315080106A07B68B0329200D358FB607A68B5239B0009
S315080106B0D2587B68B0329200D358002B01D103235C
S315080106C01AE07B681B7C002B0BD10D4B1978FA6855
S315080106D081239B00D25880239B00786804F054FD3F
S315080106E009E0074B1978FA6881239B00D258786884
S315080106F0402304F049FD00231800BD4604B080BD1F
S3150801070034010020B0B586B000AFF860B960FB1DB2
S315080107101A70FB68002B01D1032329E0FA68AE237E
S315080107209B000021D150FA68B1239B000021D150CA
S31508010730FA68B4239B000021D150BB68002B04D072
S31508010740FA68AD239B00B968D150FA68A7239B00C4
S315080107500121D154FB68FA1D12781A7017257C19E4
S31508010760FB68180004F036FB030023707B191B781D
S315080107701800BD4606B0B0BD80B584B000AF78603C
S3150801078039600E23FB1800221A803B68002B01D121
S3150801079003232BE07A68AE239B003968D1507A6827
S315080107A0B5239B00D2587B68AE329200D358DB6AD8
S315080107B0002B11D07A68B5239B00D2587B68AE32DC
S315080107C09200D358DB6A0E22BA1810009847010026
S315080107D07A68B4239B00D1507A68B6239B00D35814
S315080107E0591C7A68B6239B00D15000231800BD46D0
S315080107F004B080BD80B582B000AF78607B68180010
S3150801080004F05AFB03001800BD4602B080BD80B54E
S3150801081082B000AF786000231800BD4602B080BDE3
S3150801082090B585B000AF78600A00FB1C1A700F21DD
S315080108307B1800221A707A68AE239B00D358002BC6
S315080108400CD07A68AE239B00D3581B687C18FA1C17
S3150801085011787A6810009847030023700F23FB1854
S315080108601B781800BD4605B090BD90B585B000AFA0
S3150801087078600A00FB1C1A700F243B1900221A70B3
S315080108807A68AE239B00D3585B68FA1C11787A689C
S3150801089010009847031E02D03B1903221A700F2332
S315080108A0FB181B781800BD4605B090BD90B585B0FC
S315080108B000AF786039607B68304A944663443A6889
S315080108C01100180001F05DFA7A68A5239B00012141
S315080108D0D1507A68AC239B00D35A19007A68A623AB
S315080108E09B00D1507B68254A9B5C1A001F23134045
S315080108F0022B1FD02BD8002B02D0012B0DD026E0BE
S315080109007B681E4A9A180F23FC187B681100180089
S3150801091000F05CFB0300237029E07B68174A9A18EC
S315080109200F23FC187B681100180000F0CDFB0300AB
S3150801093023701CE07B68114A9A180F23FC187B6800
S315080109401100180000F04DFC030023700FE07B68CE
S315080109500A4A9B5C7F229343DAB20F23FC187B6811
S315080109601100180004F02FFB03002370C0460F2363
S31508010970FB181B781800BD4605B090BDAA020000F9
S31508010980F0B587B000AFF8607A600B203B180A1CF7
S315080109901A701723FB1800221A703B181B78002BB4
S315080109A000D084E0FB685533FF333B61FA68A52321
S315080109B09B00D358032B00D0C0E03B699A683B697A
S315080109C0DB689A4214D93B699A683B69DB68D21A93
S315080109D03B699A603B69D9683B699A680B009342FF
S315080109E000D913007968F8681A0001F0DCFAA5E065
S315080109F0FB68554A9B5C1A001F231340022B18D02B
S31508010A0025D8002B02D0012B05D020E01623FB1890
S31508010A1000221A7020E0FB684C4A9B5ADAB2162368
S31508010A20FC18FB681100180000F031FA0300237066
S31508010A3012E0FB68454A9B5ADAB21623FC18FB6892
S31508010A401100180000F02FFA0300237004E01623A2
S31508010A50FB1800221A70C04616217B181B78002B3A
S31508010A6020D1FA68A7239B00D35CDBB2032B19D1EB
S31508010A707B181A78FB68AE329200D3581B69002B93
S31508010A8010D008007B181978FA68B5239B00D15055
S31508010A903B181A78FB68AE329200D3581B69FA687C
S31508010AA010009847FB68180001F08EFA46E00B26FD
S31508010AB0BB191B787F221340DAB216257C19FB680D
S31508010AC01100180000F0EFF90300237029007B18C4
S31508010AD01B78FF2B32D07B181B78002B2ED1FA6896
S31508010AE0A7239B00D35CDBB2032B1FD17B181A7893
S31508010AF0FB68AE329200D3589B69002B16D00800CA
S31508010B007B181978FA68B5239B00D1503B181A78D7
S31508010B10FB68AE329200D3589B691722BC18BA19E2
S31508010B201178FA6810009847030023701722BB183A
S31508010B301B78002B02D0BB181B7800E00023180095
S31508010B40BD4607B0F0BDC046AA020000AE020000CD
S31508010B50F0B587B000AFF8607A600B203B180A1C25
S31508010B601A703B181B78002B00D07DE0FB68143304
S31508010B703B61FA68A5239B00D358022B64D13B69D4
S31508010B809A683B69DB689A4214D93B699A683B695A
S31508010B90DB68D21A3B699A603B699A687968FB688F
S31508010BA0180001F0CFF9F86800230022002104F0AB
S31508010BB0EBFA49E03B69DA683B699B689A421FD1BF
S31508010BC03B695A683B69DB689A4219D33B695A689B
S31508010BD0F968A6239B00CB589A4211D2FB680022DA
S31508010BE00021180001F0AEF9FA68A6239B0000213E
S31508010BF0D150F86800230022002104F0C5FA23E049
S31508010C00FA68A7239B00D35CDBB2032B13D1FA68DE
S31508010C10AE239B00D358DB68002B0CD0FA68B523AA
S31508010C209B000021D150FA68AE239B00D358DB689C
S31508010C30FA6810009847FB688021180004F0C3F988
S31508010C40FB68180001F0D4F9FA68A8239B00D35C65
S31508010C50002B50D0FB681800FFF7D9FDFA68A823C6
S31508010C609B000021D15446E00B26BB191B78802234
S31508010C7052421343DAB217257C19FB681100180092
S31508010C8000F011F90300237029007B181B78FF2B4C
S31508010C9031D07B181B78002B2DD1FA68A7239B002E
S31508010CA0D35CDBB2032B26D17B181A78FB68AE32EC
S31508010CB09200D3585B69002B1DD008007B18197860
S31508010CC0FA68B5239B00D1503B181A78FB68AE32F7
S31508010CD09200D3585B6916257C19BA191178FA68F6
S31508010CE010009847030023707B191B78002B02D04C
S31508010CF07B191B7800E000231800BD4607B0F0BD3C
S31508010D0090B585B000AF78600F243B1900221A70A0
S31508010D107A68A7239B000121D1547A68A5239B00F1
S31508010D200021D1507B6800225A607A68A9239B006A
S31508010D300021D1507A68A8239B000021D1547A68F2
S31508010D40AE239B00D358002B16D07A68AE239B009E
S31508010D50D3585B68002B0FD07A68AE239B00D35813
S31508010D605A687B685B68D9B27B6818009047031E8E
S31508010D7002D03B1903221A70786840230022002109
S31508010D8004F0BFF87A68B2235B000121D1527A6870
S31508010D90B0235B004021D15078684023002280218E
S31508010DA004F0AFF87B6801229A847B6840221A62B4
S31508010DB00F23FB181B781800BD4605B090BD80B5FA
S31508010DC082B000AF78600A00FB1C1A707B68FA1CB7
S31508010DD012781A7400231800BD4602B080BD0000BF
S31508010DE080B582B000AF78607A68A7239B00D35C90
S31508010DF0D9B27B68054A99547A68A7239B000421CE
S31508010E00D15400231800BD4602B080BD9D020000E2
S31508010E1080B582B000AF78607A68A7239B00D35C5F
S31508010E20DBB2042B07D17B68054A9B5CD9B27A6889
S31508010E30A7239B00D15400231800BD4602B080BDEC
S31508010E409D02000080B582B000AF78607A68A7235A
S31508010E509B00D35CDBB2032B14D17A68AE239B00CB
S31508010E60D358002B0ED07A68AE239B00D358DB6982
S31508010E70002B07D07A68AE239B00D358DB697A68C2
S31508010E801000984700231800BD4602B080BD80B502
S31508010E9082B000AF78600A00FB1C1A7000231800A4
S31508010EA0BD4602B080BD80B582B000AF78600A0049
S31508010EB0FB1C1A7000231800BD4602B080BD80B520
S31508010EC086B000AF78600A00FB1C1A707B687B61EC
S31508010ED07B68FB6000233B61FB689A78DB781B0221
S31508010EE013439BB2FA68127893422AD9FB681B7896
S31508010EF01A000A23FB181A8016E00A23FA187B69D6
S31508010F001100180000F022F803007B617B695B7809
S31508010F10052B09D17B693B613B699B78FA1C1278E1
S31508010F209A420DD000233B61FB689A78DB781B0255
S31508010F3013439AB20A23FB181B889A42DDD800E0AC
S31508010F40C0463B691800BD4606B080BD80B584B071
S31508010F5000AF786039607B68FB603B681B88FA687C
S31508010F6012789B189AB23B681A80FB681B781A009C
S31508010F707B689B18FB60FB681800BD4604B080BD02
S31508010F8080B586B000AF78607B687B617B691A782B
S31508010F9012217B181A807B6901337B617B691A7878
S31508010FA010203B181A803B1800229B5E1B021AB2BE
S31508010FB07B1800215B5E13431AB20E217B181A8037
S31508010FC07B181B881800BD4606B080BD90B585B054
S31508010FD000AF786039600F23FB1800221A703B684E
S31508010FE01B781A0060231340402B04D05BD8002BD2
S31508010FF013D0202B57D17A68B5239B00D2587B682A
S31508011000AE329200D3589B680F22BC1839687A68A9
S3150801101010009847030023704CE03B685B78092B66
S3150801102039D89A00274BD3181B689F463A687B68BC
S315080110301100180000F0DAFA34E03A687B6811000A
S31508011040180000F0ADFC2DE00F23FC183A687B6808
S315080110501100180000F0FAFC0300237022E03A6838
S315080110607B681100180000F0BFFD1BE03A687B6839
S315080110701100180000F0F4FD14E03A687B681100CD
S31508011080180000F028FE0DE03A687B681100180088
S3150801109000F050FE06E03A687B681100180000F07F
S315080110A0ADFEC04606E03A687B681100180000F0FC
S315080110B0A5FEC0460F23FB181B781800BD4605B0D0
S315080110C090BDC04680A80108B0B584B000AF78606D
S315080110D039600F23FB1800221A703B681B781A0027
S315080110E060231340402B05D000D96CE0002B01D0BA
S315080110F0202B68D17A68A7239B00D35CDBB2013B1E
S31508011100022B57D83B689B88DBB2012B4BD83B682F
S315080111109B88DAB20E257C197B6811001800FFF747
S31508011120B6FE0300237029007B181B78FF2B28D0F5
S315080111307B181B78002B24D17B181A787B68AE3272
S315080111409200D3589B68002B16D008007B18197893
S315080111507A68B5239B00D1503B181A787B68AE3262
S315080111609200D3589B680F22BC1839687A68100018
S3150801117098470300237008E00F23FB1803221A700F
S3150801118003E00F23FB1803221A703B68DB88002B48
S3150801119017D10F23FB181B78002B12D17B68180077
S315080111A000F012FF0DE03A687B681100180000F0A4
S315080111B025FE06E03A687B681100180000F01EFE5D
S315080111C000E0C04606E03A687B681100180000F0A6
S315080111D015FEC0460F23FB181B781800BD4604B040
S315080111E0B0BDB0B584B000AF786039600F23FB1885
S315080111F000221A703B689A880E23FB181A703B68FE
S315080112001B781A0060231340402B06D000D9DEE173
S31508011210002B39D0202B00D0D9E10D257C190E23BE
S31508011220FB181A787B6811001800FFF73CFE0300CB
S3150801123023707B191B78FF2B00D1CFE17B191B7813
S31508011240002B00D0CAE17B1919787A68B5239B006F
S31508011250D15029007B181A787B68AE329200D35890
S315080112609B68002B00D1B9E17B181A787B68AE32EE
S315080112709200D3589B680F22BC1839687A68100007
S31508011280984703002370A9E13B685B78032B07D0D5
S3150801129000DD94E1002B00D1C9E0012B4DD08EE190
S315080112A07A68A7239B00D35CDBB2022B02D0032BFF
S315080112B01ED03AE00E22BB181B78002B11D0BB18A2
S315080112C01B78802B0DD0BB181A787B681100180083
S315080112D003F079FE7B688021180003F074FEC0468E
S315080112E02AE03A687B681100180000F087FD23E0C0
S315080112F03B685B88002B13D10E22BB181B78002B89
S315080113000ED0BB181B78802B0AD03B68DB88002BD4
S3150801131006D1BB181A787B681100180003F053FE32
S315080113207B68180000F050FE06E03A687B681100F9
S31508011330180000F063FDC04648E17A68A7239B00C0
S31508011340D35CDBB2022B02D0032B1ED066E00E2241
S31508011350BB181B78002B11D0BB181B78802B0DD01E
S31508011360BB181A787B681100180003F02CFE7B68FD
S315080113708021180003F027FEC04657E03A687B68CB
S315080113801100180000F03AFD50E03B685B88002B1D
S315080113904BD10E217B181B787F22134006D07B1870
S315080113A01A787B681100180003F038FE7B6818006C
S315080113B000F00AFE0D257C190E23FB181A787B68A6
S315080113C011001800FFF76FFD030023707B191B78C6
S315080113D0FF2B2AD07B191B78002B26D17B1919786C
S315080113E07A68B5239B00D15029007B181A787B6847
S315080113F0AE329200D3589B68002B16D07B181A7808
S315080114007B68AE329200D3589B680F22BC183968A4
S315080114107A68100098470300237006E03A687B68EB
S315080114201100180000F0EAFC00E0C046CEE07A6838
S31508011430A7239B00D35CDBB2022B02D0032B3CD043
S31508011440B5E00E22BB181B78002B0AD0BB181B78F7
S31508011450802B06D03A687B681100180000F0CEFC94
S31508011460ACE00E22BB181B785BB2002B0CDABB185A
S315080114701B787F221A4013009B009B189B00103390
S315080114807A68D31804330DE00E23FB181B787F22E4
S315080114901A4013009B009B189B005133FF337A684F
S315080114A0D3180433BB60BB6800221A60B9687B682D
S315080114B00222180000F02AFD80E00E22BB181B78D4
S315080114C05BB2002B14DABB181B780F221A40796815
S315080114D013009B009B189B00CB1824331B88002BF9
S315080114E01ED13A687B681100180000F087FC65E098
S315080114F00E23FB181B780F221A407868B22359006D
S3150801150013009B009B189B00C3185B181B88002BB4
S3150801151006D13A687B681100180000F06FFC4DE0AF
S315080115200E22BB181B785BB2002B0CDABB181B7892
S315080115307F221A4013009B009B189B0010337A6880
S31508011540D31804330DE00E23FB181B787F221A40AB
S3150801155013009B009B189B005133FF337A68D318FD
S315080115600433BB600E22BB181B78002B03D0BB18B3
S315080115701B78802B03D1BB6800221A6010E00E236A
S31508011580FB181A787B681100180003F072FD031E18
S3150801159003D0BB6801221A6002E0BB6800221A6008
S315080115A0B9687B680222180000F0B0FC06E03A68C8
S315080115B07B681100180000F021FCC04606E03A6875
S315080115C07B681100180000F019FCC04607E03A686C
S315080115D07B681100180000F011FC00E0C0460F23DB
S315080115E0FB181B781800BD4604B0B0BD80B584B0A1
S315080115F000AF786039600823FB1800221A8000239F
S31508011600FB600B23FB1800221A703B685B881B0AD8
S315080116109BB20F2B00D97BE19A00DD4BD3181B68CF
S315080116209F467A68AD239B00D358DB69002B0DD002
S315080116307A68AD239B00D358DB697A68127C082146
S315080116407918100098470300FB606EE13A687B68D9
S315080116501100180000F0D2FB0B217B181A787B18B1
S3150801166001321A7061E17A68AD239B00D3581B6871
S315080116707A68127C08217918100098470300FB60E4
S3150801168053E17B681B7C002B0FD17A68AE239B0044
S31508011690D3589B6A0822BA18100098470300FB60C2
S315080116A0FB68013302221A703FE17A68AE239B0078
S315080116B0D358DB6A0822BA18100098470300FB6062
S315080116C0FB68013302221A702FE13B685B88DBB2A3
S315080116D0052B00D9D0E09A00AE4BD3181B689F465C
S315080116E07A68AD239B00D3585B68002B0DD07A68C6
S315080116F0AD239B00D3585B687A68127C0821791858
S31508011700100098470300FB60C3E03A687B68110044
S31508011710180000F073FB0B217B181A787B1801322D
S315080117201A70B6E07A68AD239B00D3589B68002BE4
S315080117300DD07A68AD239B00D3589B687A68127CD2
S3150801174008217918100098470300FB60A1E03A6860
S315080117507B681100180000F051FB0B217B181A78E1
S315080117607B1801321A7094E07A68AD239B00D3582E
S31508011770DB68002B0DD07A68AD239B00D358DB6854
S315080117807A68127C08217918100098470300FB60D3
S315080117907FE03A687B681100180000F02FFB0B21E7
S315080117A07B181A787B1801321A7072E07A68AD23B1
S315080117B09B00D3581B69002B0DD07A68AD239B007B
S315080117C0D3581B697A68127C082179181000984742
S315080117D00300FB605DE03A687B681100180000F0C1
S315080117E00DFB0B217B181A787B1801321A7050E011
S315080117F07A68AD239B00D3585B69002B0DD07A68B4
S31508011800AD239B00D3585B697A68127C0821791845
S31508011810100098470300FB603BE03A687B681100BB
S31508011820180000F0EBFA0B217B181A787B180132A5
S315080118301A702EE07A68AD239B00D3589B69002B5A
S315080118400DD07A68AD239B00D3589B697A68127CC0
S3150801185008217918100098470300FB6019E03A68D7
S315080118607B681100180000F0C9FA0B217B181A7859
S315080118707B1801321A700CE03A687B68110018006F
S3150801188000F0BCFA0B217B181A787B1801321A7002
S31508011890C0464AE07B681B7C002B0BD17A68AE23D5
S315080118A09B00D3585B6B0822BA18100098470300AF
S315080118B0FB603AE03A687B681100180000F09EFA6E
S315080118C00B217B181A787B1801321A702DE07B6878
S315080118D01B7C002B0FD17A68AE239B00D3581B6B58
S315080118E00822BA18100098470300FB60FB68013309
S315080118F007221A7019E03A687B681100180000F08F
S315080119007DFA0B217B181A787B1801321A700CE0C4
S315080119103A687B681100180000F070FA0B217B18F1
S315080119201A787B1801321A70C0460B23FB181B78EC
S31508011930002B31D13B68DB88002B23D008217B188B
S315080119401B88002B17D03B68DA887B181B88181C64
S31508011950111C8AB283B29A4200D9011C8AB20821A3
S315080119607B181A807B181B881A00F9687B6818008F
S3150801197000F0CCFA11E03A687B681100180000F013
S315080119803DFA0AE07B68180000F01EFB05E0C04638
S31508011990A8A80108E8A80108C046BD4604B080BD4C
S315080119A090B585B000AF786039603B689B88002B9D
S315080119B03ED13B68DB88002B3AD13B685B887F2B9D
S315080119C036D83B685B88DAB20F23FB187F210A40B9
S315080119D01A707A68A7239B00D35CDBB2032B06D166
S315080119E03A687B681100180000F008FA27E07B685E
S315080119F00F243A19144912785A543B191A787B68F4
S31508011A001100180003F065FB7B68180000F0DCFA8A
S31508011A103B191B78002B05D07A68A7239B00022166
S31508011A20D1540CE07A68A7239B000121D15406E022
S31508011A303A687B681100180000F0E0F9C046C04614
S31508011A40BD4605B090BDC0469E020000B0B584B043
S31508011A5000AF786039600F23FB1800221A703B68C3
S31508011A605B88DAB25F4B1A705E4B1B78012B07D97C
S31508011A703A687B681100180000F0C0F90323ACE04E
S31508011A807A68A7239B00D35CDBB2022B02D0032B17
S31508011A9033D08DE0534B1B78002B29D0514B1B7843
S31508011AA01A007B685A604F4B1A780F257C197B6898
S31508011AB011001800FEF7B4FE030023707B191B788A
S31508011AC0002B0BD03A687B681100180000F096F9D4
S31508011AD07A68A7239B000221D1547BE07B68180012
S31508011AE000F072FA7A68A7239B000321D15471E0AA
S31508011AF07B68180000F068FA6CE03A4B1B78002BFB
S31508011B0015D17A68A7239B000221D154354B1B783E
S31508011B101A007B685A60334B1A787B6811001800E3
S31508011B20FEF7A3FE7B68180000F04EFA52E02D4B33
S31508011B301B781A007B685B689A4234D07B685B68BD
S31508011B40DAB27B6811001800FEF78FFE254B1B7869
S31508011B501A007B685A60234B1A780F257C197B6813
S31508011B6011001800FEF75CFE030023707B191B7831
S31508011B70002B13D03A687B681100180000F03EF973
S31508011B807B685B68DAB27B6811001800FEF76DFEA8
S31508011B907A68A7239B000221D1541BE07B681800B1
S31508011BA000F012FA16E07B68180000F00DFA11E051
S31508011BB03A687B681100180000F020F9094B1A7879
S31508011BC07B6811001800FEF750FE0F23FB1803224D
S31508011BD01A70C0460F23FB181B781800BD4604B0BF
S31508011BE0B0BDC0469809002080B582B000AF7860C4
S31508011BF039603B68DB88012B06D03A687B6811009F
S31508011C00180000F0FBF827E07A68A7239B00D35C4D
S31508011C10DBB2022B02DC002B03DC16E0032B0CD013
S31508011C2013E07B6800229A607B68083319007B6899
S31508011C300122180000F06AF90EE07B68191D7B681D
S31508011C400122180000F062F906E03A687B68110083
S31508011C50180000F0D3F8C046C046BD4602B080BDA4
S31508011C6080B582B000AF786039607A68A7239B0097
S31508011C70D35CDBB2013B022B22D83B68DB88022B03
S31508011C8006D03A687B681100180000F0B7F81EE024
S31508011C907B680022DA607A68A9239B00D358002B57
S31508011CA005D07B68DB6802221A437B68DA607B68A9
S31508011CB00C3319007B680222180000F027F906E0A8
S31508011CC03A687B681100180000F098F8C046C046CB
S31508011CD0BD4602B080BD80B582B000AF786039607C
S31508011CE03B685B88012B09D17A68A9239B000121EE
S31508011CF0D1507B68180000F067F917E03B685B88EC
S31508011D00022B0DD13B689B881B0A9BB2D9B27A6814
S31508011D10A8239B00D1547B68180000F055F905E00B
S31508011D203A687B681100180000F068F8C046BD469D
S31508011D3002B080BD80B582B000AF786039607A683C
S31508011D40A7239B00D35CDBB2013B022B0DD83B6872
S31508011D505B88012B10D17A68A9239B000021D150F9
S31508011D607B68180000F030F906E03A687B681100D4
S31508011D70180000F043F800E0C046C046BD4602B070
S31508011D8080BD80B584B000AF786039603B68FB6080
S31508011D90FB681A787B681A70FB680133FB60FB687D
S31508011DA01A787B685A70FB680133FB60FB68180078
S31508011DB0FFF7E6F803001A007B685A80FB680133CF
S31508011DC0FB60FB680133FB60FB681800FFF7D8F876
S31508011DD003001A007B689A80FB680133FB60FB6885
S31508011DE00133FB60FB681800FFF7CAF803001A0005
S31508011DF07B68DA80C046BD4604B080BD80B582B036
S31508011E0000AF786039607B688021180003F0DBF841
S31508011E107B680021180003F0D6F8C046BD4602B01B
S31508011E2080BD90B587B000AFF860B9607A601724B5
S31508011E303B1900221A70FB68002B44D0FB683B61F2
S31508011E403B69180000F043F8030001339BB2DB1825
S31508011E509AB27B681A803B191B78BA68D3187A68D4
S31508011E6012781A703B191A783B1901321A703B1904
S31508011E701B78BA68D31803221A703B191A783B19CA
S31508011E8001321A701AE017217B181B78BA68D31821
S31508011E903A6912781A703B6901333B617B181A78E3
S31508011EA07B1801321A707B181B78BA68D31800227E
S31508011EB01A707B181A787B1801321A703B691B78DD
S31508011EC0002BE0D100E0C046BD4607B090BD80B505
S31508011ED084B000AF78600F23FB1800221A707B6864
S31508011EE0BB6008E00F217B181A787B1801321A703B
S31508011EF0BB680133BB60BB681B78002BF2D10F238B
S31508011F00FB181B781800BD4604B080BD80B584B0A7
S31508011F1000AFF860B9607A60FA68A5239B000221D0
S31508011F20D150FB687A689A61FB687A68DA617B68DE
S31508011F30BA68F868002103F0F7F800231800BD46CF
S31508011F4004B080BD80B584B000AFF860B9607A602E
S31508011F507B68BA68F868002103F0E6F800231800E0
S31508011F60BD4604B080BD80B584B000AFF860B960E5
S31508011F707A60FA68A5239B000321D150FA68AC233D
S31508011F805B007968D150FA68AE235B007968D15055
S31508011F907B68BA68F868002103F0F6F80023180090
S31508011FA0BD4604B080BD80B584B000AFF860B960A5
S31508011FB07A607B68BA68F868002103F0E5F80023BF
S31508011FC01800BD4604B080BD80B582B000AF786008
S31508011FD07A68A5239B000421D15078680023002242
S31508011FE0002103F0A1F800231800BD4602B080BD08
S31508011FF080B582B000AF78607A68A5239B00052179
S31508012000D150786800230022002103F0BDF800238F
S315080120101800BD4602B080BD90B583B000AF02007E
S315080120203960FB1D1A70FB1D1B787F2B28D82F4A98
S31508012030FB1D1B785BB29B08C0339B009B58FA1D9E
S315080120401278110003220A40D200FF2191400A00AA
S31508012050D2431A4011003B689B01FF221A40FB1D1F
S315080120601B78180003230340DB009A401F48FB1D19
S315080120701B785BB29B080A43C0339B001A5031E0B8
S315080120801B4AFB1D1B7819000F230B40083B9B08B5
S3150801209006339B00D31804331B68FA1D1278110006
S315080120A003220A40D200FF2191400A00D2431A4076
S315080120B011003B689B01FF221A40FB1D1B78180083
S315080120C003230340DB009A400948FB1D1B781C00CB
S315080120D00F232340083B9B080A4306339B00C3187A
S315080120E004331A60C046BD4603B090BD00E100E066
S315080120F000ED00E080B500AF054B1B6801F02AFC36
S315080121000300012B01D002F007F9C046BD4680BD88
S3150801211010E000E080B500AF05235B4200211800FE
S31508012120FFF77AFFC046BD4680BD000080B582B084
S3150801213000AFEFF305833B603B68002B03D0062312
S315080121405B427B600CE0094B1B68002B05D1074BF2
S3150801215001221A6000237B6002E001235B427B6057
S315080121607B681800BD4602B080BDC0469C090020A8
S3150801217080B582B000AFEFF305833B603B68002B67
S3150801218003D006235B427B6010E00B4B1B68012BD7
S3150801219009D1FFF7BFFF084B02221A6000F0E6FFDC
S315080121A000237B6002E001235B427B607B681800A9
S315080121B0BD4602B080BDC0469C090020B0B58EB0B0
S315080121C004AFF860B9607A6000233B61EFF30583D9
S315080121D07B617B69002B00D081E0FB68002B00D175
S315080121E07DE080233B621823FB6100237B62012388
S315080121F05B42BB617B68002B44D07B681B68002B64
S3150801220002D07B681B687B627B689B69002B02D0C6
S315080122107B689B69FB61FB69002B07D0FB69382B3F
S3150801222004D87B685B680122134001D0002357E07C
S315080122307B685B69002B03D07B685B699B083B6203
S315080122407B689B68002B0ED07B68DB68A72B0AD9B5
S315080122507B681B69002B06D07B685B69002B02D063
S315080122600123BB6110E07B689B68002B0CD17B685E
S31508012270DB68002B08D17B681B69002B04D100237E
S31508012280BB6101E00023BB61BB69012B12D17B68ED
S315080122901A697B689B68BD683C6A796AF868029323
S315080122A00192FB6900932B00220000F09CFD0300BC
S315080122B03B6114E0BB69002B11D13B6A9AB2BC6839
S315080122C0796AF8681023FB180193FB6900932300C8
S315080122D000F0D0FD0300012B01D000233B613B69CF
S315080122E01800BD460AB0B0BD80B584B000AFF8602D
S315080122F0B9607A60FB68064A1A60BB68054A1A60C3
S315080123007B6880221A60C046BD4604B080BDC046BF
S31508012310A0090020480A002080B584B000AFF86003
S31508012320B9607A60FB68064A1A60BB68054A1A6092
S315080123307B68802252001A60C046BD4604B080BD43
S31508012340480C0020F00C002080B582B000AF786000
S315080123507B6808331A007B685A607B6801225242FF
S315080123609A607B6808331A007B68DA607B680833F1
S315080123701A007B681A617B6800221A60C046BD464E
S3150801238002B080BD80B582B000AF78607B6800225C
S315080123901A61C046BD4602B080BD80B584B000AFA3
S315080123A0786039607B685B68FB603B68FA685A60ED
S315080123B0FB689A683B689A60FB689B683A685A604A
S315080123C0FB683A689A603B687A681A617B681B6899
S315080123D05A1C7B681A60C046BD4604B080BD80B5EC
S315080123E084B000AF786039603B681B68BB60BB6826
S315080123F0013303D17B681B69FB600CE07B680833FA
S31508012400FB6002E0FB685B68FB60FB685B681B6856
S31508012410BA689A42F6D2FB685A683B685A603B68C2
S315080124205B683A689A603B68FA689A60FB683A683A
S315080124305A603B687A681A617B681B685A1C7B6814
S315080124401A60C046BD4604B080BD80B584B000AFF1
S3150801245078607B681B69FB607B685B687A68926851
S315080124609A607B689B687A6852685A60FB685B6801
S315080124707A689A4203D17B689A68FB685A607B68D6
S3150801248000221A61FB681B685A1EFB681A60FB6802
S315080124901B681800BD4604B080BD80B584B000AF86
S315080124A0786039607B68FB60FB68002B02D172B6E5
S315080124B0C046FDE701F0D4FEFB681A68FB68D96BD4
S315080124C0FB681B6C4B43D218FB689A60FB680022B9
S315080124D09A63FB681A68FB685A60FB681A68FB68A6
S315080124E0DB6B591EFB681B6C4B43D218FB68DA6021
S315080124F0FB684422FF219954FB684522FF21995420
S315080125003B68002B0DD1FB681B69002B13D0FB68B8
S315080125101033180001F082F8031E0CD001F090FE6A
S3150801252009E0FB6810331800FFF70EFFFB68243338
S315080125301800FFF709FF01F0A5FE01231800BD46A3
S3150801254004B080BD90B589B002AFF860B9607A6011
S315080125503B60FB68002B02D172B6C046FDE73B68BB
S31508012560002B02D172B6C046FDE77B68002B02D06C
S31508012570BB68002B01D0012300E00023002B02D108
S3150801258072B6C046FDE77B68002B02D1BB68002BFB
S3150801259001D1012300E00023002B02D172B6C04607
S315080125A0FDE750233B613B69502B02D072B6C0460A
S315080125B0FDE73B693B687B617B69002B0ED07B6934
S315080125C04622012199542823FB181C787A68B96890
S315080125D0F8687B690093230000F038F87B691800D6
S315080125E0BD4607B090BD90B58BB002AFF860B96033
S315080125F0FB1D1A70FB68002B02D172B6C046FDE7B7
S31508012600FB68BA685343FB61FB695033180001F054
S31508012610BFFE0300BB61BB69002B12D0BB697B619E
S315080126207B6950337B61BB69462200219954FB1DA6
S315080126301C787A69B968F868BB690093230000F0C9
S3150801264005F8BB691800BD4609B090BD80B584B0D0
S3150801265000AFF860B9607A601A00FB1C1A70BB6893
S31508012660002B03D1BB69BA691A6002E0BB697A68B3
S315080126701A60BB69FA68DA63BB69BA681A64BB6926
S3150801268001211800FFF709FFBB69FA1C4C211278D2
S315080126905A54C046BD4604B080BD80B582B000AF6D
S315080126A078607B68002B0ED07B6800229A607B6875
S315080126B000221A607B680022DA607868002300220B
S315080126C0002100F020F8C046BD4602B080BD80B5A5
S315080126D086B000AF0200FB1D1A7001237B6100233F
S315080126E03B61FB1D1A7839697B691800FFF77BFF87
S315080126F00300FB60FB681800FFF7CFFFFB681800B3
S31508012700BD4606B080BD80B58AB000AFF860B96035
S315080127107A603B6000237B62FB683B623B6A002B65
S3150801272002D172B6C046FDE7BB68002B03D13B6AEE
S315080127301B6C002B01D1012300E00023002B02D1E1
S3150801274072B6C046FDE73B68022B03D13B6ADB6BD9
S31508012750012B01D1012300E00023002B02D172B61F
S31508012760C046FDE701F0F6F8031E02D17B68002B8F
S3150801277001D1012300E00023002B02D172B6C04625
S31508012780FDE701F06DFD3B6A9A6B3B6ADB6B9A428A
S3150801279002D33B68022B1ED13A68B9683B6A180016
S315080127A000F0A8F90300FB613B6A5B6A002B09D0BC
S315080127B03B6A2433180000F031FF031E07D001F0ED
S315080127C03FFD04E0FB69002B01D001F039FD01F062
S315080127D059FD01235BE07B68002B03D101F052FD13
S315080127E0002354E07B6A002B06D11423FB1818003A
S315080127F000F072FF01237B6201F044FD00F016FD33
S3150801280001F02EFD3B6A44229B5C5BB2013303D186
S315080128103B6A4422002199543B6A45229B5C5BB280
S31508012820013303D13B6A45220021995401F02AFD5F
S315080128303A1D1423FB181100180000F061FF031E4E
S315080128401ED13B6A180000F05AFA031E11D03B6AE2
S3150801285010337A681100180000F098FE3B6A1800D8
S3150801286000F0D9F900F0EEFC031E8AD101F0E8FC6C
S3150801287087E73B6A180000F0CEF900F0E3FC80E731
S315080128803B6A180000F0C7F900F0DCFC00231800C9
S31508012890BD460AB080BD90B58BB000AFF860B9608F
S315080128A07A603B60FB683B623B6A002B02D172B6D9
S315080128B0C046FDE7BB68002B03D13B6A1B6C002BA6
S315080128C001D1012300E00023002B02D172B6C046D4
S315080128D0FDE73B68022B03D13B6ADB6B012B01D178
S315080128E0012300E00023002B02D172B6C046FDE7A2
S315080128F001F0E0FC0300FB613B6A9A6B3B6ADB6B08
S315080129009A4202D33B68022B31D11B243B193A6AFE
S315080129104521525C1A703B6A9B6B7B613A68B968C0
S315080129203B6A180000F0E6F83B191B785BB20133E5
S3150801293011D13B6A5B6A002B16D03B6A2433180017
S3150801294000F06CFE031E0FD07B68002B0CD07B6851
S3150801295001221A6008E01B23FB181B780133DBB23E
S3150801296059B23B6A4522995401237B6201E000234F
S315080129707B62FB69180001F0A3FC7B6A1800BD465F
S315080129800BB090BD80B58AB000AFF860B9607A60C7
S3150801299000237B62FB683B623B6A002B02D172B65D
S315080129A0C046FDE7BB68002B03D13B6A1B6C002BB5
S315080129B001D1012300E00023002B02D172B6C046E3
S315080129C0FDE700F0C7FF031E02D17B68002B01D18A
S315080129D0012300E00023002B02D172B6C046FDE7B1
S315080129E001F03EFC3B6A9B6BFB61FB69002B1AD02D
S315080129F0BA683B6A1100180000F0E7F8FB695A1E2D
S31508012A003B6A9A633B6A1B69002B08D03B6A103301
S31508012A10180000F003FE031E01D001F011FC01F0BD
S31508012A2031FC012362E07B68002B03D101F02AFC0B
S31508012A3000235BE07B6A002B06D11423FB181800E0
S31508012A4000F04AFE01237B6201F01CFC00F0EEFB5C
S31508012A5001F006FC3B6A44229B5C5BB2013303D15D
S31508012A603B6A4422002199543B6A45229B5C5BB22E
S31508012A70013303D13B6A45220021995401F002FC36
S31508012A803A1D1423FB181100180000F039FE031E25
S31508012A901ED13B6A180000F01CF9031E11D03B6ACF
S31508012AA024337A681100180000F070FD3B6A18009B
S31508012AB000F0B1F800F0C6FB031E91D101F0C0FB8E
S31508012AC08EE73B6A180000F0A6F800F0BBFB87E723
S31508012AD03B6A180000F09FF800F0B4FB3B6A180047
S31508012AE000F0F7F8031E00D17AE700231800BD4667
S31508012AF00AB080BD80B586B000AFF860B9607A606B
S31508012B0000237B61FB689B6B3B61FB681B6C002B9D
S31508012B100ED1FB681B68002B4ED1FB689B68180019
S31508012B2000F034FF03007B61FB6800229A6043E0F2
S31508012B307B68002B19D1FB685868FB681A6CBB685F
S31508012B40190003F0BFFCFB685A68FB681B6CD218B6
S31508012B50FB685A60FB685A68FB689B689A422BD3E4
S31508012B60FB681A68FB685A6026E0FB68D868FB6848
S31508012B701A6CBB68190003F0A5FCFB68DA68FB68E8
S31508012B801B6C5B42D218FB68DA60FB68DA68FB6883
S31508012B901B689A4207D2FB689A68FB681B6C5B4202
S31508012BA0D218FB68DA607B68022B05D13B69002BDA
S31508012BB002D03B69013B3B613B695A1CFB689A633E
S31508012BC07B691800BD4606B080BD80B582B000AFEE
S31508012BD0786039607B681B6C002B18D07B68DA68D3
S31508012BE07B681B6CD2187B68DA607B68DA687B685D
S31508012BF09B689A4203D37B681A687B68DA607B68AC
S31508012C00D9687B681A6C3B68180003F05BFCC04600
S31508012C10BD4602B080BD80B584B000AF786001F0D2
S31508012C201FFB0F23FB187A684521525C1A7013E0C3
S31508012C307B685B6A002B16D07B682433180000F08A
S31508012C40EDFC031E01D000F0ADFD0F217B181B78AA
S31508012C50013BDAB27B181A700F23FB181B785BB29B
S31508012C60002BE5DC00E0C0467B684522FF2199542C
S31508012C7001F008FB01F0F4FA0E23FB187A684421E7
S31508012C80525C1A7013E07B681B69002B16D07B68AF
S31508012C901033180000F0C2FC031E01D000F082FDBB
S31508012CA00E217B181B78013BDAB27B181A700E23AA
S31508012CB0FB181B785BB2002BE5DC00E0C0467B689D
S31508012CC04422FF21995401F0DDFAC046BD4604B0FD
S31508012CD080BD80B584B000AF786001F0C1FA7B6829
S31508012CE09B6B002B02D10123FB6001E00023FB60F3
S31508012CF001F0C8FAFB681800BD4604B080BD80B56E
S31508012D0084B000AF786001F0ABFA7B689A6B7B6898
S31508012D10DB6B9A4202D10123FB6001E00023FB60D1
S31508012D2001F0B0FAFB681800BD4604B080BD00008A
S31508012D3080B584B000AF786039600023FB6015E088
S31508012D400E4BFA68D200D358002B0CD10B4BFA68FC
S31508012D50D2003968D150094AFB68DB00D31804331D
S31508012D607A681A6006E0FB680133FB60FB68072B8B
S31508012D70E6D9C046C046BD4604B080BDF010002065
S31508012D8080B586B000AFF860B9607A60FB687B6190
S31508012D9001F066FA7B6944229B5C5BB2013303D17D
S31508012DA07B694422002199547B6945229B5C5BB26D
S31508012DB0013303D17B6945220021995401F062FA56
S31508012DC07B699B6B002B06D17B6924337A68B968CA
S31508012DD0180000F0FBFB7B691800FFF71CFFC046D3
S31508012DE0BD4606B080BD90B58DB004AFF860B96038
S31508012DF07A603B607B6B002B02D172B6C046FDE759
S31508012E00BB6B002B02D172B6C046FDE7A8237B61D6
S31508012E107B69A82B02D072B6C046FDE77B69BB6BFE
S31508012E20002B20D07B6B002B1DD0BB6BFB61FB6994
S31508012E307A6B1A63FB69A522022199543C687A6860
S31508012E40B968F86800230393FB6902931823FB18F2
S31508012E5001933B6B0093230000F058F8FB691800B7
S31508012E6000F0F6F801E00023BB61BB691800BD4616
S31508012E7009B090BD90B58DB004AFF860B9603B60FC
S31508012E80BB1D1A80BB1D1B889B00180001F080FA28
S31508012E9003007B617B69002B10D0A82001F078FA2A
S31508012EA00300FB61FB69002B03D0FB697A691A638E
S31508012EB006E07B69180001F01BFB01E00023FB61BA
S31508012EC0FB69002B1AD0FB69A52200219954BB1D69
S31508012ED01A883C68B968F86800230393FB6902936A
S31508012EE07B6B01933B6B0093230000F00FF8FB69A2
S31508012EF0180000F0ADF80123BB6102E001235B4233
S31508012F00BB61BB691800BD4609B090BD80B586B0E6
S31508012F1000AFF860B9607A603B60BB6A186B7B6882
S31508012F209B001A00A52103F0D1F9BB6A1A6B7B68CD
S31508012F3043498C4663449B00D3183B613B6907228E
S31508012F4093433B613B690722134002D072B6C046E0
S31508012F50FDE7BB68002B20D000237B6113E0BA682C
S31508012F607B69D3181878BA6A34217B69D3185B1838
S31508012F70021C1A70BA687B69D3181B78002B06D015
S31508012F807B6901337B617B690F2BE8D900E0C04679
S31508012F90BB6A43220021995403E0BB6A342200210B
S31508012FA099543B6A372B01D937233B62BB6A3A6A84
S31508012FB0DA62BB6A3A6ADA64BB6A00221A65BB6AD4
S31508012FC004331800FFF7DEF9BB6A18331800FFF758
S31508012FD0D9F9BB6ABA6A1A613B6A3822D21ABB6A3C
S31508012FE09A61BB6ABA6A5A62BB6AA02200219950E1
S31508012FF0BB6AA42200219954BB6A54334C2200218E
S31508013000180003F063F9BB6A0E4A9A65BB6A0E4A51
S31508013010DA65BB6A0D4A1A663A68F9683B691800A7
S3150801302001F084F80200BB6A1A607B6A002B02D0A1
S315080130307B6ABA6A1A60C046BD4606B080BDC046FC
S31508013040FFFFFF3F98C1002000C2002068C2002090
S3150801305080B582B000AF786001F002F92A4B1B688F
S315080130605A1C294B1A60294B1B68002B09D1274B7F
S315080130707A681A60244B1B68012B10D100F0ACFB4F
S315080130800DE0234B1B68002B09D1204B1B68DA6A1C
S315080130907B68DB6A9A4202D81C4B7A681A601D4B18
S315080130A01B685A1C1B4B1A601A4B1A687B685A64B0
S315080130B07B68DA6A184B1B689A4203D97B68DA6A15
S315080130C0154B1A607B68DA6A13009B009B189B00F4
S315080130D0124A9A187B68043319001000FFF75DF944
S315080130E001F0D0F80A4B1B68002B08D0074B1B6868
S315080130F0DA6A7B68DB6A9A4201D201F0A1F8C04616
S31508013100BD4602B080BDC04604160020301100201D
S3150801311010160020201600200C160020341100205D
S3150801312080B584B000AF78600023FB607B68002B14
S3150801313011D00D4B1B68002B02D072B6C046FDE7B5
S3150801314000F074F87B680021180000F07DFC00F09F
S3150801315079F80300FB60FB68002B01D101F070F8D8
S31508013160C046BD4604B080BD2C16002090B589B076
S3150801317004AF0023BB6000237B603A00391D082396
S31508013180FB181800FFF7B0F83C687B68BA681F4956
S315080131901F48029201930023009300232200FFF7A0
S315080131A022FE02001B4B1A601A4B1B68002B02D029
S315080131B00123FB6001E00023FB60FB68012B03D1BF
S315080131C000F096FC0300FB60FB68012B13D172B675
S315080131D0114B1B6854331A00104B1A60104B01220D
S315080131E052421A600F4B01221A600F4B00221A60D5
S315080131F001F002F805E0FB68013302D172B6C04658
S31508013200FDE7C046BD4605B090BDC04698A6010873
S31508013210B93701082816002030110020B001002016
S3150801322024160020101600200816002080B500AFCD
S31508013230034B1B685A1C024B1A60C046BD4680BD2B
S315080132402C16002080B584B000AF0023FB60002354
S31508013250BB603A4B1B68002B02D172B6C046FDE72C
S3150801326000F0FEFF354B1B685A1E344B1A60334B70
S315080132701B68002B5BD1324B1B68002B57D02FE004
S31508013280304BDB68DB68FB60FB6818331800FFF717
S31508013290DCF8FB6804331800FFF7D7F8FB68DA6A2D
S315080132A0294B1B689A4203D9FB68DA6A264B1A60CE
S315080132B0FB68DA6A13009B009B189B00234A9A183D
S315080132C0FB68043319001000FFF767F8FB68DA6A30
S315080132D01F4B1B68DB6A9A4202D31E4B01221A60F6
S315080132E0184B1B68002BCBD1FB68002B01D000F0D3
S315080132F013FB194B1B687B607B68002B0FD000F012
S315080133003BF8031E02D0134B01221A607B68013B6E
S315080133107B607B68002BF2D10F4B00221A600D4BA4
S315080133201B68002B03D00123BB6000F089FF00F066
S31508013330A9FFBB681800BD4604B080BD2C16002045
S3150801334004160020C41500200C1600203411002094
S3150801335030110020181600201416002080B582B0FE
S3150801336000AF044B1B687B607B681800BD4602B042
S3150801337080BDC0460816002080B586B000AF002380
S315080133807B614A4B1B68002B00D085E0484B1B68C4
S3150801339001333B61464B3A691A603B69002B18D1E8
S315080133A0444B1B681B68002B02D072B6C046FDE76A
S315080133B0404B1B68FB60404B1A683E4B1A603E4BFC
S315080133C0FA681A603D4B1B685A1C3C4B1A6000F0A0
S315080133D0A3FA3B4B1B683A699A4249D3354B1B689A
S315080133E01B68002B04D1364B012252421A603FE07A
S315080133F0304B1B68DB68DB68BB60BB685B687B605E
S315080134003A697B689A4203D22D4B7A681A602FE093
S31508013410BB6804331800FFF718F8BB689B6A002BD2
S3150801342004D0BB6818331800FFF70FF8BB68DA6ACF
S31508013430244B1B689A4203D9BB68DA6A214B1A6086
S31508013440BB68DA6A13009B009B189B001E4A9A18F0
S31508013450BB68043319001000FEF79FFFBB68DA6AE0
S315080134601A4B1B68DB6A9A42B8D301237B61B5E71D
S31508013470164B1B68DA6A144913009B009B189B00BC
S315080134805B58012B01D901237B61114B1B68002B6A
S3150801349007D001237B6104E00E4B1B685A1C0D4BB8
S315080134A01A607B691800BD4606B080BD2C1600203F
S315080134B008160020BC150020C01500201C16002087
S315080134C0241600200C16002034110020301100208B
S315080134D0181600201416002080B582B000AF254BBF
S315080134E01B68002B03D0244B01221A603EE0224BB5
S315080134F000221A60214B1B687B6008E07B68002B61
S3150801350002D172B6C046FDE77B68013B7B601C4968
S315080135107A6813009B009B189B005B58002BEDD023
S315080135207A6813009B009B189B00154A9B183B6001
S315080135303B685B685A683B685A603B685A683B68EF
S3150801354008339A4204D13B685B685A683B685A60FB
S315080135503B685B68DA680B4B1A60084B7A681A6035
S31508013560084B1B6854331A00074B1A60C046BD4600
S3150801357002B080BD2C160020181600200C1600205B
S315080135803411002030110020B001002080B582B02E
S3150801359000AF786039607B68002B02D172B6C046ED
S315080135A0FDE7094B1B6818331A007B6811001800E0
S315080135B0FEF715FF3B680121180000F045FAC046E1
S315080135C0BD4602B080BDC0463011002080B584B02A
S315080135D000AFF860B9607A60FB68002B02D172B659
S315080135E0C046FDE70C4B1B6818331A00FB6811002F
S315080135F01800FEF7D2FE7B68002B02D001235B423E
S31508013600BB607A68BB681100180000F01DFAC04655
S31508013610BD4604B080BDC0463011002080B584B0D7
S3150801362000AF78607B68DB68DB68BB60BB68002B32
S3150801363002D172B6C046FDE7BB6818331800FEF71B
S3150801364004FF1F4B1B68002B1DD1BB6804331800F0
S31508013650FEF7FBFEBB68DA6A1A4B1B689A4203D966
S31508013660BB68DA6A174B1A60BB68DA6A13009B00F3
S315080136709B189B00144A9A18BB680433190010005A
S31508013680FEF78BFE07E0BB6818331A000F4B1100D3
S315080136901800FEF782FEBB68DA6A0D4B1B68DB6A07
S315080136A09A4205D90123FB600A4B01221A6001E0FF
S315080136B00023FB60FB681800BD4604B080BDC04608
S315080136C02C1600200C16002034110020C4150020E9
S315080136D0301100201816002080B582B000AF78603E
S315080136E0054B1A687B681A60044B1A687B685A602E
S315080136F0C046BD4602B080BD1C1600200816002033
S3150801370080B586B000AF786039607B68002B02D13E
S3150801371072B6C046FDE73B68002B02D172B6C046B9
S31508013720FDE700F09DFD1D4B1B683B617B685B68EF
S315080137303A69D31AFB603B681B68013302D100233F
S315080137407B6124E07B681A68154B1B689A4207D08F
S315080137507B685B683A699A4202D301237B6116E06A
S315080137603B681B68FA689A420CD23B681A68FB6880
S31508013770D21A3B681A607B681800FFF7ADFF002371
S315080137807B6104E03B6800221A6001237B6100F03B
S3150801379079FD7B691800BD4606B080BD0816002074
S315080137A01C16002080B500AF024B01221A60C046E4
S315080137B0BD4680BD1816002080B582B000AF78607E
S315080137C000F04EF8034B1B68012BF9D900F038FDC0
S315080137D0F6E7C0463411002080B582B000AF002359
S315080137E07B600CE07A6813009B009B189B00144AC7
S315080137F09B181800FEF7A8FD7B6801337B607B6880
S31508013800372BEFD90F4B1800FEF79EFD0E4B18000C
S31508013810FEF79AFD0D4B1800FEF796FD0C4B1800A6
S31508013820FEF792FD0B4B1800FEF78EFD0A4B054A73
S315080138301A600A4B044A1A60C046BD4602B080BDEA
S315080138403411002094150020A8150020C415002065
S31508013850D8150020F0150020BC150020C015002041
S3150801386080B582B000AF1AE000F0FAFC104BDB68B5
S31508013870DB687B607B6804331800FEF7E6FD0D4BB9
S315080138801B685A1E0B4B1A600B4B1B685A1E0A4BB8
S315080138901A6000F0F7FC7B68180000F00FF8064B79
S315080138A01B68002BE0D1C046C046BD4602B080BDAC
S315080138B0D815002004160020EC15002080B582B02A
S315080138C000AF78607B685433180002F01DFD7B68F1
S315080138D0A5229B5C002B09D17B681B6B180000F0A5
S315080138E007FE7B68180000F003FE11E07B68A5223D
S315080138F09B5C012B04D17B68180000F0F9FD07E0F9
S315080139007B68A5229B5C022B02D072B6C046FDE7F6
S31508013910C046BD4602B080BD80B582B000AF0B4B34
S315080139201B681B68002B04D1094B012252421A60FD
S3150801393008E0064B1B68DB68DB687B607B685A68B6
S31508013940034B1A60C046BD4602B080BDBC150020B7
S315080139502416002080B582B000AF0A4B1B68002BE5
S3150801396002D101237B6008E0074B1B68002B02D1BB
S3150801397002237B6001E000237B607B681800BD465B
S3150801398002B080BD101600202C16002080B584B028
S3150801399000AF78607B68BB600023FB607B68002B07
S315080139A046D0264B1B68BA689A4202D072B6C04600
S315080139B0FDE7BB681B6D002B02D172B6C046FDE759
S315080139C0BB681B6D5A1EBB681A65BB68DA6ABB6899
S315080139D0DB6C9A422CD0BB681B6D002B28D1BB68C7
S315080139E004331800FEF731FDBB68DA6CBB68DA628E
S315080139F0BB68DB6A3822D21ABB689A61BB68DA6A85
S31508013A000F4B1B689A4203D9BB68DA6A0C4B1A60DA
S31508013A10BB68DA6A13009B009B189B00094A9A182F
S31508013A20BB68043319001000FEF7B7FC0123FB60DD
S31508013A30FB681800BD4604B080BDC04630110020A1
S31508013A400C1600203411002080B584B000AF7860D0
S31508013A503960214B1B68FB60204B1B680433180037
S31508013A60FEF7F3FC7B6801330BD13B68002B08D0CA
S31508013A701A4B1B681A1D1A4B11001800FEF78DFC0C
S31508013A8026E0FA687B68D318BB60144B1B68BA68D2
S31508013A905A60BA68FB689A4209D2124B1A680F4BE8
S31508013AA01B68043319001000FEF799FC10E00E4B51
S31508013AB01A680A4B1B68043319001000FEF78FFCBD
S31508013AC00A4B1B68BA689A4202D2084BBA681A604E
S31508013AD0C046BD4604B080BD08160020301100203E
S31508013AE0F0150020C0150020BC1500202416002062
S31508013AF090B589B004AF0023FB6000F0D5FA184BE6
S31508013B001B68002B20D00023BB6000237B603A0092
S31508013B10391D0823FB181800FEF7FEFB3C687B6875
S31508013B20BA681049104802920193022300930023B0
S31508013B302200FFF758F902000C4B1A600B4B1B6861
S31508013B40002B01D00123FB60FB68002B02D172B662
S31508013B50C046FDE7FB681800BD4605B090BDC046E6
S31508013B6060160020A0A60108953C010864160020ED
S31508013B7090B58BB000AFF860B9607A603B600023FE
S31508013B807B62FB68002B02D172B6C046FDE71D4B6E
S31508013B901B68002B30D014243B19BA681A603B19EC
S31508013BA07A685A603B19FA689A60BB68052B19DC72
S31508013BB0FFF7D0FE0300022B09D1124B1868BA6B26
S31508013BC039190023FEF79FFD03007B6214E00D4BB4
S31508013BD018681423F91800230022FEF794FD030040
S31508013BE07B6209E0074B18683A681423F918002321
S31508013BF0FEF751FE03007B627B6A1800BD460BB0D7
S31508013C0090BDC0466016002080B586B002AF7860C8
S31508013C1039601F4B1B68DB68DB68FB60FB68043394
S31508013C201800FEF712FCFB6828229B5C1A00042385
S31508013C3013401AD0FB689A697B68D1187B683A6881
S31508013C40F86800F0C7F8031E18D07A68F8680023E8
S31508013C50009300230021FFF78BFF0300BB60BB68BD
S31508013C60002B0BD172B6C046FDE7FB6828229B5C88
S31508013C7001229343D9B2FB6828229954FB681B6A2F
S31508013C80FA6810009847C046BD4604B080BDC046D4
S31508013C905816002080B584B000AF78600823FB1859
S31508013CA0180000F055F80300FB60BA68FB681100BC
S31508013CB0180000F005F800F0CFF8C046EEE700005E
S31508013CC080B584B000AF78603960FFF7AFFA082392
S31508013CD0FB18180000F05EF80300FB60BB68002BB8
S31508013CE02BD13B68002B0CD17A68FB689A4208D81D
S31508013CF0FFF7A8FAFA687B6811001800FFF784FF36
S31508013D001DE03B68002B08D00F4B1B681B68002B76
S31508013D1001D1012300E000233B600C4B18687A6847
S31508013D20FB68D31A3A681900FFF72AF8FFF78AFAE7
S31508013D30031E04D100F084FA01E0FFF783FAC046B6
S31508013D40BD4604B080BDC0465C1600206016002042
S31508013D5080B584B000AF78600D4B1B681B68002BDB
S31508013D6001D1012200E000227B681A607B681B688A
S31508013D70002B05D1064B1B68DB681B68FB6001E05D
S31508013D800023FB60FB681800BD4604B080BDC04631
S31508013D905816002080B584B000AF7860FFF7DEFAC8
S31508013DA00300FB600A4B1B68FA689A4205D200F0C9
S31508013DB01DF97B6801221A6002E07B6800221A60FD
S31508013DC0034BFA681A60FB681800BD4604B080BD4B
S31508013DD06816002080B586B000AFF860B9607A60D1
S31508013DE03B6000237B61FB68BA685A60FB68FA6826
S31508013DF01A61BA687B689A4212D87A683B68D21AFD
S31508013E00FB689B699A4202D301237B611BE0104B35
S31508013E101A68FB68043319001000FEF7E0FA12E08D
S31508013E207A683B689A4206D2BA683B689A4202D3D4
S31508013E3001237B6107E0074B1A68FB680433190005
S31508013E401000FEF7CCFA7B691800BD4606B080BDA6
S31508013E505C1600205816002090B58DB002AFB1E06F
S31508013E600822BB181B68002B10DABB1804337B62C7
S31508013E707B6A002B02D172B6C046FDE77B6A1A68D7
S31508013E807B6A58687B6A9B68190090470822BB18A9
S31508013E901B68002B00DA95E0BB189B683B623B6AFE
S31508013EA05B69002B04D03B6A04331800FEF7CDFA90
S31508013EB03B1D1800FFF76EFF0300FB610823FB1883
S31508013EC01B68092B00D97AE09A00464BD3181B6860
S31508013ED09F463B6A28229B5C01221343D9B23B6A5F
S31508013EE02822995408243B195A683B6A9B69D118B8
S31508013EF03B195B68FA69386AFFF76CFF031E60D0E5
S31508013F003B6A1B6A3A6A100098473B6A28229B5CFF
S31508013F101A000423134054D03B195A683B6A9B691B
S31508013F20D218386A0023009300230021FFF720FEE8
S31508013F300300BB61BB69002B43D172B6C046FDE7DE
S31508013F403B6A28229B5C01229343D9B23B6A282209
S31508013F50995437E03B6A28229B5C01221343D9B264
S31508013F603B6A282299540823FB185A683B6A9A61C6
S31508013F703B6A9B69002B02D172B6C046FDE73B6AD4
S31508013F809A69FB69D118FB69FA69386AFFF722FF52
S31508013F9018E03B6A28229B5C1A000223134004D1CD
S31508013FA03B6A180000F0A4FA0CE03B6A28229B5CE5
S31508013FB001229343D9B23B6A2822995402E0C046AA
S31508013FC000E0C046084B1B680822B91800221800F1
S31508013FD0FEF7D8FC031E00D042E7C046C046BD46E0
S31508013FE00BB090BD00A901086016002080B588B005
S31508013FF002AF42E02A4B1B68DB681B683B61284B12
S315080140001B68DB68DB68FB60FB6804331800FEF796
S315080140101CFAFB681B6AFA6810009847FB68282295
S315080140209B5C1A000423134027D0FB689B693A69F5
S31508014030D318BB60BA683B699A420ED9FB68BA685D
S315080140405A60FB68FA681A61154B1A68FB680433EB
S3150801405019001000FEF7C3F90FE03A69F868002362
S31508014060009300230021FFF783FD03007B607B6833
S31508014070002B02D172B6C046FDE7094B1B681B68C7
S31508014080002BB7D1064B1B687B61064B1A68044B9C
S315080140901A60044B7A691A60C046BD4606B080BDEF
S315080140A0581600205C16002080B582B002AF00F0D9
S315080140B0D7F8164B1B68002B23D1154B1800FEF7B2
S315080140C043F9144B1800FEF73FF9134B104A1A60CF
S315080140D0124B104A1A60124B124A00210091102104
S315080140E00A20FEF72FFA0200084B1A60074B1B68D5
S315080140F0002B06D0054B1B680B4A11001800FEF76A
S3150801410017FE00F0BFF8C046BD4680BD6016002008
S315080141103016002044160020581600205C16002090
S315080141200C1700206C160020A8A6010880B584B0DB
S3150801413000AFF860B9607A60FB68043BFB60FB6816
S31508014140802252041A60FB68043BFB60BA68FB686C
S315080141501A60FB68043BFB60084AFB681A60FB6847
S31508014160143BFB607A68FB681A60FB68203BFB60BE
S31508014170FB681800BD4604B080BDC04681410108F0
S3150801418080B582B000AF00237B60084B1B68013302
S3150801419002D072B6C046FDE772B6C0467B68002BF0
S315080141A0FCD0C046C046BD4602B080BD38010020DD
S315080141B080B500AFC046BD4680BD000000000000C6
S315080141C00B4A13681868203080F30988022080F3A7
S315080141D01488BFF36F8F3FBCAE4608BC04BC62B6F9
S315080141E01847C046C046C046C046C046C046C04637
S315080141F030110020C046C04680B500AF0E4B1A6884
S315080142000D4BFF2109040A431A600B4B1A680A4B26
S31508014210FF2109060A431A6000F098F8074B0022A5
S315080142201A60FFF7CDFFFFF757F9FFF7A9FF00233C
S315080142301800BD4680BDC04620ED00E038010020CB
S3150801424080B500AF054B802252051A60BFF34F8F28
S31508014250BFF36F8FC046BD4680BDC04604ED00E082
S3150801426080B500AF72B6064B1B685A1C044B1A6020
S31508014270BFF34F8FBFF36F8FC046BD4680BDC046A3
S315080142803801002080B500AF094B1B68002B02D10D
S3150801429072B6C046FDE7064B1B685A1E044B1A60E8
S315080142A0034B1B68002B00D162B6C046BD4680BDD4
S315080142B038010020EFF3108072B67047C046180027
S315080142C080F310887047C046000000000000000017
S315080142D0EFF309800E4B1A6820381060F0C0444687
S315080142E04D4656465F46F0C008B572B6FFF7F4F874
S315080142F062B60CBC116808681030F0C8A046A94619
S31508014300B246BB4680F309882038F0C81847C0462C
S3150801431030110020C046C04680B582B000AFFFF715
S31508014320C9FF03007B60FFF727F8031E03D0064B7E
S31508014330802252051A607B681800FFF7C1FFC04644
S31508014340BD4602B080BDC04604ED00E080B500AFB1
S315080143500B4B00221A600B4B00221A600A4B1B6892
S31508014360FA2291001800EBF7EBFE03001A00074B3F
S31508014370013A1A60024B07221A60C046BD4680BD43
S3150801438010E000E018E000E0A000002014E000E0E2
S3150801439080B586B000AF78600023FB60FEF746FF64
S315080143A04D4B1B68002B01D100F0F2F84B4B1B68F3
S315080143B07A68134000D080E07B68002B13D008226E
S315080143C07B689B187B607B68072213400BD07B6850
S315080143D00722934308337B607B680722134002D088
S315080143E072B6C046FDE77B68002B66D03C4B1B685E
S315080143F07A689A4261D83B4B3B613A4B1B687B61B1
S3150801440004E07B693B617B691B687B617B695B684F
S315080144107A689A4203D97B691B68002BF1D12E4B26
S315080144201B687A699A4248D03B691B6808229B181F
S31508014430FB607B691A683B691A607B695A687B6805
S31508014440D21A08235B009A4217D97A697B68D3186E
S31508014450BB60BB680722134002D072B6C046FDE7AF
S315080144607B695A687B68D21ABB685A607B697A6825
S315080144705A60BB68180000F0EBF8194B1A687B699B
S315080144805B68D21A164B1A60154B1A68164B1B68CD
S315080144909A4203D2124B1A68134B1A607B695A68FF
S315080144A00E4B1B681A437B695A607B6900221A60A6
S315080144B00E4B1B685A1C0D4B1A60FEF7C3FEFB68B0
S315080144C00722134002D072B6C046FDE7FB68180002
S315080144D0BD4606B080BDC04664A7002078A7002067
S315080144E068A700205CA700206CA7002070A7002001
S315080144F080B584B000AF78607B68FB607B68002B71
S315080145003CD008235B42FA68D318FB60FB68BB60A2
S31508014510BB685A681B4B1B68134002D172B6C0466A
S31508014520FDE7BB681B68002B02D072B6C046FDE7E3
S31508014530BB685A68134B1B6813401FD0BB681B68BE
S31508014540002B1BD1BB685A680E4B1B68DB431A400C
S31508014550BB685A60FEF76AFEBB685A680A4B1B6855
S31508014560D218094B1A60BB68180000F071F8074B9E
S315080145701B685A1C054B1A60FEF764FEC046BD4609
S3150801458004B080BD78A7002068A7002074A7002082
S3150801459080B584B000AF90231B02BB60264BFB603D
S315080145A0FB68072213400CD0FB680733FB60FB68E6
S315080145B007229343FB60BA68FB68D21A1E4BD318CD
S315080145C0BB60FB687B601D4B7A681A601B4B002237
S315080145D05A607B68BA68D318FB600822FB689B1A85
S315080145E0FB60FB6807229343FB60FA68144B1A6069
S315080145F0134B1B6800225A60114B1B6800221A6074
S315080146007B683B603B68FA68D21A3B685A600C4B78
S315080146101A683B681A603B685A680A4B1A603B6815
S315080146205A68094B1A60094B802212061A60C0465D
S31508014630BD4604B080BDC0465C1700205CA70020BB
S3150801464064A700206CA7002068A7002078A700208F
S3150801465080B584B000AF7860274BFB6002E0FB6849
S315080146601B68FB60FB681B687A689A42F7D8FB6887
S31508014670BB60FB685B68BA68D3187A689A4208D146
S31508014680FB685A687B685B68D218FB685A60FB68E6
S315080146907B607B68BB607B685B68BA68D218FB681D
S315080146A01B689A4218D1FB681A68144B1B689A4210
S315080146B00DD07B685A68FB681B685B68D2187B68F3
S315080146C05A60FB681B681A687B681A6008E00B4B1E
S315080146D01A687B681A6003E0FB681A687B681A60C7
S315080146E0FA687B689A4202D0FB687A681A60C04603
S315080146F0BD4604B080BDC0465CA7002064A7002063
S3150801470080B500AF1449154B00221800FBF7FAFFD4
S31508014710031E01D0F1F726FD114A104B11001800AE
S31508014720FCF72AF8031E01D0F1F71CFD0D4A0B4BC5
S3150801473011001800FBF704FF031E01D0F1F712FD63
S31508014740064B1800FCF756F8031E01D0F1F70AFDCF
S31508014750C046BD4680BDC046500100207CA700204A
S31508014760B80000203C01002080B500AF0749084B7E
S3150801477000221800FBF7FEFE064A054B1100180039
S31508014780FBF71BFF00231800BD4680BD98B2002029
S315080147907CA7002098AA002080B500AF0023180046
S315080147A0BD4680BD80B582B000AF39601100FB1DE2
S315080147B0021C1A703B1D0A1C1A80FB1D1B78232B31
S315080147C004D89A00044BD3181B689F46C046002399
S315080147D01800BD4602B080BD28A9010890B585B06C
S315080147E000AF786039607A68124B11001800FBF740
S315080147F0E4FE104B1800FBF74BFF031E14D13B6870
S315080148001A680F243B191A703B191A7879680A4BEA
S31508014810180001F057FE3B191A787B680021180029
S3150801482001F054FD002300E003231800BD4605B03E
S3150801483090BDC0467CA7002058AA0020B0B584B018
S3150801484000AF78600A00BB1C1A800F23FB180022F0
S315080148501A70114AAF239B00D358BB60BA688523E7
S315080148609B00D358002B01D0012310E0BB1C1A88EA
S315080148707968094B1800FBF77DFE0F257C19064B55
S315080148801800FBF7B7FE030023707B191B78180085
S31508014890BD4604B0B0BDC0467CA7002080B586B031
S315080148A000AFF860B960FB1D1A7017217B1800224A
S315080148B01A707B181B785BB21800BD4606B080BD1E
S315080148C080B5C4B000AF7860184B882252009B1897
S315080148D0DB19180080235B001A00002101F0F6FCA1
S315080148E00023FB600C23FA181023FB18110018008B
S315080148F0FFF774FF031E13D10D4B1B787E2B0FD1C7
S315080149007A680B4B1000190040231A0001F0DAFDF2
S31508014910074B40220021180001F0D8FC002300E0D3
S3150801492001231800BD4644B080BDC04600FFFFFF05
S3150801493058AA002080B582B000AF02003960FB1D7D
S315080149401A703B6812221A80024B1800BD4602B043
S3150801495080BDC0467001002080B582B000AF02005C
S315080149603960FB1D1A703B6804221A80024B180035
S31508014970BD4602B080BDC0468401002080B582B024
S3150801498000AF02003960FB1D1A70FB1D1B78002B56
S3150801499006D13A680849094B1800FDF742FA05E0BD
S315080149A03A680549054B1800FDF73BFA024B180012
S315080149B0BD4602B080BDC04698BA0020B0A601081F
S315080149C080B582B000AF02003960FB1D1A703A68E3
S315080149D00449054B1800FDF724FA024B1800BD4699
S315080149E002B080BD98BA0020C8A6010880B582B079
S315080149F000AF02003960FB1D1A703B681A221A8043
S31508014A0000F04CF8024B1800BD4602B080BDC04606
S31508014A108801002080B582B000AF02003960FB1D15
S31508014A201A70FB1D1B78002B06D13A680849094BF9
S31508014A301800FDF7F6F905E03A680549054B18002F
S31508014A40FDF7EFF9024B1800BD4602B080BDC0461E
S31508014A5098BA0020DCA6010880B582B000AF020032
S31508014A603960FB1D1A70FB1D1B78002B06D13A68AD
S31508014A700849094B1800FDF7D4F905E03A680549D4
S31508014A80054B1800FDF7CDF9024B1800BD4602B0DB
S31508014A9080BDC04698BA0020E8A6010880B584B052
S31508014AA000AF104B1B68FB600F4B1B68BB600F4BBD
S31508014AB01B687B60FA687B68D318FB60FB68002B70
S31508014AC00BD00B49FB680822180000F015F80949B4
S31508014AD0BB680422180000F00FF8C046BD4604B0B2
S31508014AE080BDC0469075FF1F9475FF1F9875FF1FFF
S31508014AF08A0100209A01002080B586B000AFF860CF
S31508014B00B960FB1D1A7017217B1800221A707B18D1
S31508014B1000221A702FE0FB681B0F092B0DD8FB68C2
S31508014B201B0FDAB21723FB181B785B001900BB6849
S31508014B305B183032D2B21A700CE0FB681B0FDAB27E
S31508014B401723FB181B785B001900BB685B18373203
S31508014B50D2B21A70FB681B01FB6017217B181B7800
S31508014B605B000133BA68D31800221A707B181A78C9
S31508014B707B1801321A701723FA18FB1D12781B7855
S31508014B809A42C8D3C046C046BD4606B080BD00009D
S31508014B9090B599B000AF786014243B1918004C23DE
S31508014BA01A00002101F092FB7B681B68254A934293
S31508014BB043D13B19802252041A603B1900225A64D8
S31508014BC03B191800F6F71AFA031E01D0F1F7CAFACB
S31508014BD01D4BDA6B1C4B802189010A43DA631A4B98
S31508014BE0DA6B80239B0113403B613B69164BDA6BF9
S31508014BF080235B05134016D1134BDA6B124B8021C8
S31508014C0049050A43DA63104BDA6B80235B051340C7
S31508014C10FB60FB68F5F764FC0B4BDA6B0A4B0B4937
S31508014C200A40DA6301E0F5F75BFC0022032108205C
S31508014C30F2F7F0FB0820F2F702FCC046BD4619B0B0
S31508014C4090BDC046005C004000100240FFFFFFEF28
S31508014C5080B582B000AF78607A68B7239B00D258D6
S31508014C607B68A72189008C46634419001000FBF76D
S31508014C701DFEC046BD4602B080BD90B583B000AFEB
S31508014C8078600A00FB1C1A707A68B7239B00D4580F
S31508014C90FB1C1A787868B423590013009B009B18EB
S31508014CA0DB00C3185B181A68FB1C1B781900200067
S31508014CB0FBF766FEC046BD4603B090BD80B582B01F
S31508014CC000AF78600A00FB1C1A707A68B7239B004C
S31508014CD0D058FB1C1A78796813009B009B18DB00D7
S31508014CE0CB1828331A68FB1C1B781900FBF730FF11
S31508014CF0C046BD4602B080BD80B582B000AF7860BF
S31508014D007A68B7239B00D3581800FCF79BF8C0466E
S31508014D10BD4602B080BD80B584B000AF78600F2370
S31508014D20FB1801221A707B68DB79022B01D0F1F797
S31508014D3019FA7A68B7239B00D2580F23FB181B78F8
S31508014D4019001000FCF73BF87A68B7239B00D35883
S31508014D501800FBF7D5FFC046BD4604B080BD00006C
S31508014D6080B582B000AF78607A68B7239B00D358C4
S31508014D701800FCF735F87B68DB7A002B05D0054B64
S31508014D801A69044B06210A431A61C046BD4602B098
S31508014D9080BDC04600ED00E080B582B000AF786006
S31508014DA07B68DB7A002B07D0094B1A69084B062169
S31508014DB08A431A6100F07CFA7A68B7239B00D358B4
S31508014DC01800FCF725F8C046BD4602B080BDC046AE
S31508014DD000ED00E080B582B000AF7860344AB723B1
S31508014DE09B007968D1507A68B2239B003049D1502B
S31508014DF02F4B304A1A602E4B08221A712C4B082267
S31508014E005A712B4B0222DA71294B02225A72284B0C
S31508014E1000229A72264B0022DA72254B00221A7357
S31508014E20234B00225A73224B00229A73204B0022ED
S31508014E30DA731F4B00221A741D4B1800F3F74AFE4A
S31508014E40031E01D0F1F78EF97A68B2239B00D05878
S31508014E50182300220021F5F7D1FA7A68B2239B00BC
S31508014E60D058582300228021F5F7C8FA7A68B22368
S31508014E709B00D058C02300228121F5F7BFFA7A6832
S31508014E80B2239B00D05888235B0000220121F5F745
S31508014E90B5FA7A68B2239B00D05880235B000022BA
S31508014EA08221F5F7ABFA00231800BD4602B080BD92
S31508014EB098BC0020005C0040F0B585B000AF786072
S31508014EC00F217B1800221A700E26BB1900221A70B0
S31508014ED07A68B2239B00D3580D007C181800F3F7A3
S31508014EE0F3FE03002370BC197B191B78180000F028
S31508014EF0E6F903002370BB191B781800BD4605B0F7
S31508014F00F0BDF0B585B000AF78600C00100019004F
S31508014F10FB1C221C1A70BB1C021C1A703B000A1CC3
S31508014F201A800F26BB1900221A700E257B1900223A
S31508014F301A707A68B2239B00D058BC19BB1C1D781D
S31508014F403B001A88FB1C19782B00F4F723F8030099
S31508014F5023700E257C19BB191B78180000F0AFF9D0
S31508014F60030023707B191B781800BD4605B0F0BDF8
S31508014F70F0B585B000AF78600A00FB1C1A700F21E6
S31508014F807B1800221A700E26BB1900221A707A683D
S31508014F90B2239B00D2580D007C18FB1C1B78190004
S31508014FA01000F4F768F803002370BC197B191B7805
S31508014FB0180000F084F903002370BB191B78180048
S31508014FC0BD4605B0F0BDF0B585B000AF78600A0002
S31508014FD0FB1C1A700F217B1800221A700E26BB19AA
S31508014FE000221A707A68B2239B00D2580D007C18E9
S31508014FF0FB1C1B7819001000F4F71EF90300237037
S31508015000BC197B191B78180000F059F903002370A5
S31508015010BB191B781800BD4605B0F0BDF0B585B0C3
S3150801502000AF78600A00FB1C1A700F217B1800225A
S315080150301A700E26BB1900221A707A68B2239B00D1
S31508015040D2580D007C18FB1C1B7819001000F4F7C8
S3150801505051F903002370BC197B191B78180000F05D
S315080150602EF903002370BB191B781800BD4605B03D
S31508015070F0BD80B584B000AF78600A00FB1C1A70D9
S315080150807A68B2239B00D358FB60FB1C1B785BB282
S31508015090002B0CDAFB1C1B787F221A40F9681300D7
S315080150A09B009B18DB00CB1816331B780DE0FB1C05
S315080150B01B787F221A40F868AB23590013009B001E
S315080150C09B18DB00C3185B181B781800BD4604B093
S315080150D080BDF0B585B000AF78600A00FB1C1A7078
S315080150E00F217B1800221A700E26BB1900221A708E
S315080150F07A68B2239B00D2580D007C18FB1C1B78DA
S3150801510019001000F3F71CFF03002370BC197B1963
S315080151101B78180000F0D3F803002370BB191B781D
S315080151201800BD4605B0F0BDF0B587B000AFF86010
S315080151307A603B600B23FB180A1C1A701726BB19E9
S3150801514000221A7016257B1900221A70FA68B223F2
S315080151509B00D058BC193D687A680B23FB1819784F
S315080151602B00F4F72CF80300237016257C19BB19BC
S315080151701B78180000F0A3F8030023707B191B782D
S315080151801800BD4607B0F0BDF0B587B000AFF860AE
S315080151907A603B600B23FB180A1C1A701726BB1989
S315080151A000221A7016257B1900221A70FA68B22392
S315080151B09B00D058BC193D687A680B23FB181978EF
S315080151C02B00F3F7ABFF0300237016257C19BB19D7
S315080151D01B78180000F073F8030023707B191B78FD
S315080151E01800BD4607B0F0BD80B582B000AF786043
S315080151F00A00FB1C1A707A68B2239B00D258FB1C62
S315080152001B7819001000F3F7C1FF03001800BD460B
S3150801521002B080BD80B582B000AF78600A00FB1C81
S315080152201A70FB1C1B78002B02D0012B14D025E029
S315080152307B68DB7A002B07D000F03AF8114B1A6924
S31508015240104B06218A431A617A68B7239B00D35803
S315080152501800FBF7DDFD11E07A68B7239B00D358E8
S315080152601800FBF7BDFD7B68DB7A002B05D0054BE3
S315080152701A69044B06210A431A61C046C046BD464F
S3150801528002B080BD00ED00E080B582B000AF786065
S31508015290024B1800BD4602B080BDC04678BF00204B
S315080152A080B582B000AF7860C046BD4602B080BD09
S315080152B080B500AFF0F74EFCC046BD4680BD80B54F
S315080152C084B000AF0200FB1D1A700F23FB180022E1
S315080152D01A70FB1D1B78032B17D01BDC022B0FD072
S315080152E018DC002B02D0012B05D013E00F23FB1885
S315080152F000221A7013E00F23FB1803221A700EE01E
S315080153000F23FB1801221A7009E00F23FB18032249
S315080153101A7004E00F23FB1803221A70C0460F23E4
S31508015320FB181B781800BD4604B080BDF0B51F00F8
S31508015330002316008BB09F4204DA802109067B18E8
S315080153401F002D23129A149D1370202303229D43B7
S31508015350462D07D02B00453B59424B411099013A3E
S31508015360CB18109309AB049308AB0393139B0092D4
S315080153700293109B320001933B0001F037F90400B8
S31508015380472D1BD1119BDB0711D5109BC31807931A
S315080153900022002330003900EBF758F8002801D025
S315080153A0079B09933022099B07998B4220D320003A
S315080153B0099B159A1B1B13600BB0F0BD109BC318F4
S315080153C00793462DE4D10378302B0CD10022002314
S315080153D030003900EBF73AF8002804D10123109A76
S315080153E09B1A139A1360139B079A1B68D318CEE767
S315080153F0591C09911A70D6E7F0B52B2385B005001B
S315080154000C1E027001DA4C4202336B70092C2CDD3A
S3150801541002ABDE1D20000A21EBF702F83700303116
S31508015420013E200031700A210194EAF713FF019B1E
S315080154300400632BEEDCBA1EA81C010013003034ED
S31508015440147002AC07349C420AD80023944203D351
S31508015450093302AA9B18DB1BC018401B05B0F0BD17
S315080154601C7801330C700131EBE73023E418AB707B
S31508015470281DEC70F1E70000F0B597B00D000A920F
S315080154801C9C0B93099000F029FF036818000D93E3
S31508015490EAF73AFE00230F9014932B7E07220C930A
S315080154A02B680E930E992368C90545D59B18934316
S315080154B01A000832226001221E685F687B005B08B9
S315080154C011931096AE64EF6410981199A74B524246
S315080154D0EDF754FE002831D1109811990122A34BFA
S315080154E05242EAF7C3FF002828D1002200233000E0
S315080154F03900EAF7B1FF002803D02B002D224333E8
S315080155001A700C9B9A4F472B00D89A4F03230024F5
S315080155100E9A2B6101339A432A600B9B290000934B
S3150801552009980A9B15AA00F0E5F9013000D09EE01A
S315080155300120404217B0F0BD0733B8E732003B00FF
S3150801554030003900EDF71AFE00280BD0002F03DAD8
S315080155502B002D2243331A700C9B874F472BD5D826
S31508015560864FD3E720220C9C6B6894435A1C46D17C
S3150801557007336B6080230E9ADB00134300222B60EE
S31508015580069214AA05920C9A0AA9049213AA0392DE
S3150801559023225218029201936B68320000930998EC
S315080155A03B00FFF7C3FE139A0700472C2DD1D31CE6
S315080155B002DB6B689A4247DD0C9B023BDBB20C931C
S315080155C0280013990C9A013950301391FFF714FFEB
S315080155D0149A040013182B61012A02DC2A68D207DF
S315080155E001D501332B6123230AAA9B181B78002BAB
S315080155F000D192E72B002D2243331A708DE7472CF1
S31508015600B8D1002BB6D10133B3E70C9B652BD7D99B
S315080156100C9B662B1AD16B68002A09DD2A61002BBF
S3150801562002D12968C9070BD501339B182B6107E0FD
S31508015630002B03D101222968114200D09A1C2A6144
S31508015640139B0024AB65CEE767230C931399149B30
S31508015650994206DB2B682961DB07F1D501312961FE
S31508015660EEE701220029E0DC9218521ADDE72A68E2
S31508015670530508D42B693A000A9909980B9CA04747
S31508015680013029D154E70C9B652B00D8DBE0A86CC7
S31508015690E96C00220023EAF7D9FE002833D001235A
S315080156A0374A0A9909980B9CA047013000D13FE770
S315080156B0149E139BB34202DB2B68DB070CD50B9CAC
S315080156C00F9B0D9A0A990998A0470024013000D129
S315080156D02EE7731EA3420ADC2B689B0700D506E159
S315080156E0159BE868984200DB24E7180022E72A00A0
S315080156F001230A9909980B9F1A32B847013000D13C
S3150801570016E70134E5E7139B002B3BDC01231C4A12
S315080157100A9909980B9CA047013000D108E7149E05
S31508015720139B334302D12B68DB07D5D50F9B0D9A03
S315080157300A9909980B9CA0470023013000D1F7E686
S315080157400C93139B0C9A5B42934201DC330092E75C
S315080157502A0001230A9909980B9C1A32A04701309D
S3150801576000D1E5E60C9B0133EAE7C046FFFFEF7F70
S31508015770BCA90108B8A90108C4A90108C0A901085A
S31508015780C8A90108149BAE6D0C939E4200DD1E004C
S31508015790002E31DCF3430024DB1733400E93AE6D44
S315080157A00E9BF31AA34230DC139B0C9A9A4238DCFF
S315080157B02B68DB0735D4139C0C9B0C9A9B1B141B7B
S315080157C09C4200DD1C00002C34DCE3430026DB1779
S315080157D01C40139B0C9AD31A1B1BB34200DC7BE7B4
S315080157E02A0001230A9909980B9F1A32B8470130F2
S315080157F000D19DE60136ECE733003A000A9909988B
S315080158000B9CA0470130C5D192E62A0001230A99CB
S3150801581009980B9E1A32B047013000D188E6013447
S31508015820BDE70F9B0D9A0A9909980B9CA047013071
S31508015830C1D17DE6BA1923000A9909980B9EB0478A
S315080158400130C2D174E6149B0C93012B02DC0123AF
S315080158501A4239D001233A000A9909980B9EB04792
S31508015860013000D164E60F9B0D9A0A9909980B9E9F
S31508015870B047013000D15BE6A86CE96C0C9B0022AD
S31508015880013B0C930023EAF7E1FD00281AD10C9B92
S315080158907A1C0A9909980B9EB04701300ED147E642
S315080158A02A0001230A9909980B9F1A32B847013031
S315080158B000D13DE601360C9B9E42F1DB2A0023000E
S315080158C05032D9E60026F6E73A00E2E72A00012334
S315080158D00A9909980B9E1932B047013000D127E67B
S315080158E00134EB68159A9B1AA342EFDCF8E600240B
S315080158F0F7E7C046F7B5160001938A680B690C00ED
S315080159000090934200DA1300220033604332127882
S31508015910002A01D00133336023689B0602D5336818
S31508015920023333602268062315001D401A4227D028
S31508015930230043331B785A1E93412268920630D4BA
S31508015940220001990098089D4332A847013025D0C5
S315080159500622236800251340042B05D13368E56820
S31508015960ED1AEB43DB171D40A3682269934201DD5B
S315080159709B1AED180026B54220D1002010E001350A
S31508015980E36832689B1AAB42D2DD220001230199F2
S315080159900098089F1932B8470130F0D101204042DA
S315080159A0FEBD3020E1184331087021005A1C4531EB
S315080159B00978A218433202331170C1E72200012384
S315080159C001990098089F1A32B8470130E6D0013686
S315080159D0D1E70000F0B58BB006920A00433207936F
S315080159E0059003920A7E0C00109B782A09D8622A30
S315080159F00BD8002A00D1BAE07A490491582A00D175
S31508015A008EE0250042352A7022E0100063381528F9
S31508015A10F7D8EAF78BFB16001F00F6FFF6FFF6FF2D
S31508015A20F6FF1F00F6FFF6FFF6FFF6FF9F003600AA
S31508015A307E00F6FFF6FFB000F6FF3600F6FFF6FF2A
S31508015A40820025001A684235111D196013682B70EA
S31508015A5001239EE018680968021D0D060BD5066824
S31508015A601A60002E03DA2D23039A764213705D4BD2
S31508015A700A27049318E006681A604906F1D536B272
S31508015A80EFE70868196840C9050602D4400600D53B
S31508015A90B6B21960534B0A2704936F2A00D1023F05
S31508015AA02300002243331A706368A360002B06DBC8
S31508015AB004212268039D8A43226033430CD0039D47
S31508015AC030003900EAF7C2FB049B013D5B5C2B7091
S31508015AD0330006009F42F3D9082F09D12368DB0753
S31508015AE006D5626823699A4202DC3023013D2B7090
S31508015AF0039B5B1B2361079B210000930598069B6B
S31508015B0009AAFFF7F7FE013048D1012040420BB040
S31508015B10F0BD202209680A4322607822324904919D
S31508015B20210045310A701968226840C9100602D455
S31508015B30500600D5B6B21960D30702D52023134300
S31508015B402360002E01D01027AAE720222368934359
S31508015B502360F8E71A680D68101D4969186013680B
S31508015B602E0601D5196002E06D06FBD519800023C2
S31508015B70039D2361BFE71A68111D19601568002185
S31508015B802800626800F093FC002801D0401B606081
S31508015B90636823610023039A1370ACE72A0023691B
S31508015BA006990598079DA8470130AED023689B073B
S31508015BB015D4099BE0689842A9DA1800A7E72200DC
S31508015BC0012306990598079E1932B04701309CD0E2
S31508015BD00135E368099A9B1AAB42F0DCE9E700252F
S31508015BE0F7E7C046CAA90108DBA90108F0B58BB0D9
S31508015BF016000390AE22002007938B680C00591EED
S31508015C0052000690914205D95E3BFF3B06935E23FF
S31508015C10FF33A360F0232268DB00134323602300CC
S31508015C2000251C331F0004930295099508950195D3
S31508015C300595A268002A0AD033681B784E2B44D8EA
S31508015C401800402B2CD82B38C1B20E292AD9019B12
S31508015C50002B03D02368A64A13402360029B013B0D
S31508015C60012B00D9FEE0BE256D00049B9F4200D999
S31508015C70EEE001200BB0F0BD180061380D28E6D81A
S31508015C80EAF754FA8900E5FFE5FFE5FFBB00A7003F
S31508015C90E5FFE5FF8F00E5FFE5FFE5FFE5FF6B00A3
S31508015CA04138EBE70E28D2D8EAF740FA4F00D1FF80
S31508015CB04F009D00D1FF21004100410041004100F4
S31508015CC0410041004100410041006E2B0AD8602B7A
S31508015CD0D2D8542B00D181E0592BB8D1072DB6D192
S31508015CE008252FE0742B79D0792BF7D0AFE72168F7
S31508015CF0C8051CD580239943019B21600133019373
S31508015D00069B002B03D0013B01320693A260A368D0
S31508015D10013BA3602369013323617368013B736007
S31508015D20002B00DC8AE033680133336081E7029A8D
S31508015D305119002900D08AE70D0022686D480291A1
S31508015D40024022603B700137E1E7802122680A425E
S31508015D5000D17CE78A432260F4E7029A002A0FD130
S31508015D60019A002A0FD12268E0211000C9000840D3
S31508015D70884208D160490A40226001220292E1E77D
S31508015D80029A022A58D0012D02D0042D00D05EE7CE
S31508015D900135EDB2D6E7029A012A00D057E7022269
S31508015DA0ECE7002D10D1019A002A00D052E72268AB
S31508015DB0E0211000C9000840884200D01BE14E4985
S31508015DC001350A402260BDE7FD21EA1E0A42DFD0FD
S31508015DD03DE7022D00D03AE70325B3E7062D00D0AB
S31508015DE035E70725AEE72268910500D42FE7434931
S31508015DF00A402260019A0592A4E7A0218020226820
S31508015E00C9001140C000814206D0024200D11EE7F6
S31508015E100199002900D1EEE0910504D4019905986C
S31508015E200997091A089134490A40C02149000A43C9
S31508015E3022600022019285E703229FE7C0235B00C7
S31508015E403100E35803989847002800D1F1E6FEE6A9
S31508015E50013F635932003978039898472369013B12
S31508015E60236102E76B1E062B0ED80297022D20D955
S31508015E70EB1BDBB20693029B069A9B18DBB2032B3C
S31508015E8027D1033DEDB27F1B2368DA0553D55B05A0
S31508015E9036D5BE256D00049B9F4200D8E9E6013F31
S31508015EA0635932003978039898472369013B23617E
S31508015EB0F1E7BE256D00049B9F4200D8D9E6013F54
S31508015EC0635932003978039898472369013B23615E
S31508015ED0F1E7029B3200013B19780293BE235B006E
S31508015EE0E358039898472369013B2361C3E7C046F2
S31508015EF0FFFEFFFF7FFEFFFF7FF8FFFF7FFDFFFF2E
S31508015F0023697D1E2978013B236165290CD0452922
S31508015F100AD0BE235B00E3583200039898472369E9
S31508015F20BD1E013B29782361BE235B003200E3587D
S31508015F30039898472F00216810230A001A4019422E
S31508015F4001D0002096E6C0213A702368C9000B40AB
S31508015F508021C9008B4226D1059B019A93420CD018
S31508015F609A1A23007033FF339F4202D327006F37F3
S31508015F70FF373800214900F019F9002204990398DE
S31508015F8002F002FD079B226806000F001B689107B5
S31508015F9016D507991A1D0A601B681E605F60E368BB
S31508015FA00133E360CDE7089B002BE6D0099B0398F4
S31508015FB0591C0A2302F07AFD089B099FC21AD0E7E9
S31508015FC0191D520702D5079A1160E5E7079A3000AD
S31508015FD011601D6832003B003900EDF7CFF8002843
S31508015FE004D0074800F078FA2860D8E7300039006D
S31508015FF0EDF7BCF9F8E7002301932FE6ECA90108B0
S315080160002DAB0108002310B50400036043608360CB
S3150801601081814366C2810361436183611900082254
S315080160205C3000F053F90B4B246263620A4BA3629E
S315080160300A4BE3620A4B23630A4B9C4205D00A4B7F
S315080160409C4202D0094B9C4203D12000583000F0F3
S315080160502BFA10BDF16101081962010851620108A4
S315080160607D62010898C1002000C2002068C2002094
S3150801607010B5034A0349044800F06CF810BDC04640
S31508016080A401002005910108B401002041680B4BC9
S3150801609010B50400994201D003F034F8A168084B01
S315080160A0994202D0200003F02DF8E168054B994288
S315080160B002D0200003F026F810BDC04698C1002082
S315080160C000C2002068C2002010B5094B094A042104
S315080160D01A6009480022FFF795FF0122092107489E
S315080160E0FFF790FF022212210548FFF78BFF10BD2B
S315080160F0D0C200207160010898C1002000C20020AA
S3150801610068C2002010B5024800F0CFF910BDC0469C
S31508016110D9C2002010B5024800F0C8F910BDC04622
S31508016120D9C2002010B50400FFF7ECFF236A002B43
S3150801613002D0FFF7EFFF10BD044B2362044B1B6827
S31508016140002BF6D1FFF7C0FFF3E7C0468D600108C3
S31508016150D0C20020F7B51400002600900191A56869
S315080161606768013F04D52468002CF8D13000FEBDCC
S31508016170AB89012B08D90E22AB5E013304D0290065
S315080161800098019B984706436835EAE70FB407B5B7
S31508016190054904AB086804CB8168019302F010FE37
S315080161A003B008BC04B01847B00100200EB410B5FE
S315080161B000240C499DB01FAB0290069007910491EB
S315080161C009480A4904CB0591006802A901931B9461
S315080161D002F0D0FC029B1C701DB010BC08BC03B0B9
S315080161E01847C046FFFFFF7FB00100200802FFFFE6
S315080161F070B50C000E25495F00F004F9002803DB91
S31508016200636D1B18636570BDA389024A1340A38198
S31508016210F9E7C046FFEFFFFFF8B51F008B890500B8
S315080162200C001600DB0505D50E23C95E00220223E4
S3150801623000F0D4F8A389054A28001340A381320047
S315080162400E23E15E3B0000F0F1F8F8BDFFEFFFFF1A
S3150801625070B50C000E25495F00F0C0F8A389421CF1
S3150801626003D1054A1340A38170BD8022520113430D
S31508016270A3816065F8E7C046FFEFFFFF10B50E235F
S31508016280C95E00F02FF810BD10B500249AB0009130
S3150801629004910649199405910291054903916946A4
S315080162A002F068FC009B1C701AB010BDFFFFFF7F4F
S315080162B00802FFFF10B5044C13000A00010020680C
S315080162C0FFF7E2FF10BDC046B001002003008218A7
S315080162D0934200D1704719700133F9E700487047B6
S315080162E0F0020020002370B5064D040008002B605B
S315080162F0F0F7A6FA431C03D12B68002B00D02360C4
S3150801630070BDC046D4C20020334B70B51B6804006B
S3150801631083425FD0C369002B27D0DB68002B0DD0E1
S315080163200025E369DB685959002918D10435802D00
S31508016330F7D1E3692000D96800F048FFE3691968D5
S31508016340002902D0200000F041FFE3699D68002D75
S315080163500BD0290020002D6800F038FFF7E70E68FA
S31508016360200000F033FF3100DEE76169002902D021
S31508016370200000F02BFFE169002902D0200000F07F
S3150801638025FF216B002902D0200000F01FFF616B59
S31508016390002902D0200000F019FFA16B002902D0C4
S315080163A0200000F013FFA16C002902D0200000F0A4
S315080163B00DFF616C002902D0200000F007FFE16A99
S315080163C0002902D0200000F001FF236A002B01D02A
S315080163D02000984770BDC046B001002070B5040082
S315080163E0080011001A000023054D2B60F0F749FA41
S315080163F0431C03D12B68002B00D0236070BDC04617
S31508016400D4C2002070B50400080011001A00002348
S31508016410054D2B60F0F7DBF9431C03D12B68002BE4
S3150801642000D0236070BDC046D4C2002070B50400F8
S31508016430080011001A000023054D2B60F0F7E4F956
S31508016440431C03D12B68002B00D0236070BDC046C6
S31508016450D4C20020014B18687047C046B00100201D
S3150801646070B500260C4C0D4D641BA410A64209D12B
S31508016470002603F03DFC0A4C0A4D641BA410A642F3
S3150801648005D170BDB300EB5898470136EEE7B30066
S31508016490EB5898470136F2E7ECAD0108ECAD010877
S315080164A0F0AD0108ECAD0108704770477047C9B2F5
S315080164B08218904201D10020704703788B42FBD0A5
S315080164C00130F6E7002310B59A4200D110BDCC5C25
S315080164D0C4540133F8E70000004870470000C07F44
S315080164E0F0B503690C6989B0039006910020A342AF
S315080164F063DB0B00013C1433A50004935B19059378
S31508016500039B143301935D19059B2F681E68380098
S3150801651001363100E9F714FE0290B74227D3049BEE
S3150801652000279C46019E0797624608CA306894462A
S31508016530029A99B251431B0C5343C9190A0C9B1869
S3150801654089B282B2521A07991F0C5218000C9BB2D3
S315080165501114C31A5B18191492B21B041A43059B2A
S31508016560079104C66345DFD22B68002B2BD0069909
S31508016570039801F003FA00281EDB0026019D049901
S3150801658001C92B6887B29AB2D21B9219000C1B0C4F
S315080165901B1A10141B181E1492B21B041A43059BCE
S315080165A004C58B42ECD2019AA300D3181A68002AB3
S315080165B014D0029B01330293029809B0F0BD2B68EF
S315080165C0002B04D1013C019B043DAB42F7D3039B4D
S315080165D01C61CCE71A68002A04D1013C019A043BE4
S315080165E09A42F7D3039B1C61E3E70000F0B5140058
S315080165F01D00C6699DB00A940B95259F0390002E30
S315080166000FD1102000F02CFE039B021ED86104D185
S31508016610EF21C74BC74802F07DFE466086600660DB
S31508016620C660039BDB69196800290BD05A680123E8
S3150801663093404A608B60039800F012FF0022039B87
S31508016640DB691A60002D1EDA01233B606B005B08CB
S315080166500B930B9FB84BB84A3B40934216D1B74BA5
S31508016660249A13603B031B0B234301D100F080FDE1
S31508016670B34B269A0893002A02D0B24B269A136086
S3150801668008981DB0F0BD00233B60E2E70A9A0B9B10
S31508016690129213931298139900220023E9F7D6FE52
S315080166A0061E0BD00123249A1360269B002B02D0C9
S315080166B0A54B269A1360A54B0893E1E71AAB0193FC
S315080166C01BAB00930398129A139B01F079FA7A008F
S315080166D00590520D00D17BE0139B189619039C4B2C
S315080166E0090B0B439B495718129813991900002255
S315080166F0994BECF739F9994A994BEBF74FFE994AB9
S31508016700994BEAF74BFE040038000D00ECF794FDAF
S31508016710964A974BEBF742FE02000B002000290030
S31508016720EAF73CFE04000D00ECF74AFD002204904E
S31508016730002320002900E9F78FFE00280BD00498D2
S31508016740ECF77AFD2B002200E9F780FE4342584117
S31508016750049B1B1A049301231593049B162B10D82B
S3150801676012981399049A834BD2009B181A685B688E
S31508016770E9F772FE002847D0049B013B04930023E6
S31508016780159300221A9B0692DB1B5A1E3ED501223F
S31508016790D31A069300230D93049B002B38DB049A26
S315080167A00D9B944663440D93002314920F93229BE9
S315080167B00124092B62D8052B02DD0024043B229310
S315080167C0229B981E032863D8E9F7A6FC5456382B52
S315080167D01B9B1A9EF618684BF218202A0FDD4023D8
S315080167E09B1A9F40654B3800F318DC402043ECF7B1
S315080167F051FD0122624B771ECB18189276E72023AA
S3150801680020009B1A9840F2E71590BAE70D92C3E764
S31508016810069B049A9B1A069353420F9300231493DB
S31508016820C5E70123239A10939446049B63440E9368
S3150801683001330993002B08DC012306E00123109399
S31508016840239B002B28DD0E930993039A0021D06917
S315080168500422150014359D4223D94160039800F09E
S31508016860BBFD089000281FD1B021464B3148089A34
S31508016870FF31D0E60023E2E70023D3E70023109493
S315080168802293013B00220E93099313332392DCE7EB
S3150801689001231093023BF5E701231A000E9309938E
S315080168A0F4E701315200D4E7039B089ADB691A60C1
S315080168B0099B0E2B00D9D6E0002C00D1D3E0049B0E
S315080168C0002B63DD0F21049A2A4B0A40D2009B183C
S315080168D01E685F68049B02241D11DB050AD52A4B35
S315080168E00D401A6A5B6A12981399EBF71DF90A901B
S315080168F00B910134244B0C93002D08D10A980B995E
S3150801690032003B00EBF710F90A900B9159E001238D
S315080169101D4209D0E4180C9B30001A685B683900DF
S31508016920EBF73CFD06000F000C9B6D100833E2E700
S31508016930FEA9010815AA01080000F07F0F2700002B
S31508016940FAA90108FDA90108C9A90108C8A90108E8
S315080169500000F03F01FCFFFF0000F83F61436F6351
S31508016960A787D23FB3C8608B288AC63FFB799F5059
S315080169701344D33FC8AB01083204000012040000D7
S31508016980000010FE6DAA0108A0AB0108049B0224B1
S31508016990002B16D0129813990F225D422A40D54B27
S315080169A0D2009B181A685B68EBF7F8FC01270023ED
S315080169B00A900B91D04E2D11002D00D095E0002B99
S315080169C0A2D10A9E0B9F159B002B00D198E00022AD
S315080169D030003900C94BE9F73FFD002800D18FE0A7
S315080169E0099B002B00D18BE00E9B002B37DD049B06
S315080169F00022013B0C933000C14B3900EBF7CEFC6A
S31508016A000A900B910E9B013420001193ECF714FCAC
S31508016A100A9A0B9BEBF7C2FCBA4B0022EAF7BEFCBB
S31508016A20B94B0600CF18119B002B6DD10A980B990B
S31508016A300022B64BEBF798FF32003B0004000D002D
S31508016A40E9F71EFD002800D0B6E2802109067B1869
S31508016A50320020002900E9F7FFFC002828D1129B03
S31508016A60139C0A930B941B9B002B00DA74E1049A7E
S31508016A700E2A00DD70E19F4BD2009B185C681B68EB
S31508016A8006930794239B002B00DBE7E0099B002B69
S31508016A9000DDE3E00CD10698079900229B4BEBF742
S31508016AA07DFC0A9A0B9BE9F7F5FC002800D186E2E2
S31508016AB000263700239B089CDB430C930497002789
S31508016AC03100039800F0CCFC049B002B00D1BBE0FD
S31508016AD0002F05D09F4203D03900039800F0C0FC6F
S31508016AE00499039800F0BCFCAEE03D4205D032683B
S31508016AF07368EBF753FC3B0001346D1008365BE70E
S31508016B00049B0C93099B7FE7119A7A4B013AD200B1
S31508016B1010999B181A685B6800294CD000207C499B
S31508016B20EBF702F832003B00EBF71EFF089A060066
S31508016B3094460F00089B1693119B634411930A9878
S31508016B400B99ECF73DFB0500ECF776FB02000B0011
S31508016B500A980B99EBF708FF169B30355C1C1D70DC
S31508016B6032003B000A900B91E9F776FC00286BD1BD
S31508016B700A9A0B9B00206149EBF7F6FE32003B00AF
S31508016B80E9F76AFC002800D0C6E0119BA34200D1B0
S31508016B9065E7002230003900594BEBF7FFFB00226D
S31508016BA006000F000A980B99554BEBF7F7FB16945D
S31508016BB00A900B91C3E730003900EBF7EFFB089D0C
S31508016BC0119A2B00944616901791634419930A98C3
S31508016BD00B99ECF7F5FA0400ECF72EFB0B00020013
S31508016BE00A980B99EBF7C0FE3034199B2C700135C6
S31508016BF006000F00AB422AD116981799089B119CDB
S31508016C009C460022424B6444EAF7C8FB02000B008B
S31508016C1030003900E9F734FC002800D07CE0169AE8
S31508016C20179B00203A49EBF79FFE02000B00300044
S31508016C303900E9F711FC002800D110E72300013CCF
S31508016C402278302AFAD01C000C9B049342E00022D9
S31508016C502B4BEBF7A3FB0A900B91B8E7099B089D11
S31508016C60013B5B190A9E0B9F0A93069A079B300004
S31508016C703900EAF759FFECF7A3FA0990ECF7DCFAC1
S31508016C80069A079BEBF78AFB02000B0030003900D6
S31508016C90EBF76AFE2B00099A013530321A700A9A07
S31508016CA02C009A424BD102000B00EAF777FB069AB1
S31508016CB0079B06000F00E9F7E3FB00282AD1069A8D
S31508016CC0079B30003900E9F7C1FB002802D0099B70
S31508016CD0DD071FD40599039800F0C2FB0023237032
S31508016CE0049B249A01331360269B002B00D1C7E429
S31508016CF01C60C5E4C8AB0108A0AB01080000F03F61
S31508016D000000244000001C400000C0FC00001440A4
S31508016D100000E03F049B0C9323001C00013B1A78FA
S31508016D20392A08D1089A9A42F7D10C9A0899013258
S31508016D300C9230220A701A7801321A7084E70022FE
S31508016D40C64BEBF72BFB0022002306000F00E9F7E1
S31508016D507DFB002889D0BDE7109F0F9D069C002F5B
S31508016D6014D0229A012A00DDE4E0189A002A00D1FB
S31508016D70DAE0BB4A9B18069A0121D21806920D9AA7
S31508016D800398D3180D9300F06FFC0700002C0ED062
S31508016D900D9B002B0BDD0D9A2300944200DD130099
S31508016DA0069AE41AD21A06920D9AD31A0D930F9BD4
S31508016DB0002B21D0109B002B00D1D3E0059E002D7E
S31508016DC014D039002A00039800F010FD059A010035
S31508016DD00700039800F060FC06000599039800F087
S31508016DE03FFB0F9B05965B1B0F9305D031000F9A4E
S31508016DF0039800F0FBFC05900121039800F034FC90
S31508016E00149B0600002B00D1BCE11A00010003986F
S31508016E1000F0ECFC229B06000025012B16DC002560
S31508016E200A9BAB420ED10B9B1B03AB420AD18D4B7E
S31508016E300B9A134206D0069B0135013306930D9B27
S31508016E4001330D93149B0120002B08D033690333BA
S31508016E509B00F318586800F0B7FB2023181A0D9BFE
S31508016E60181802001F231A40184200D181E0013385
S31508016E709B1A042B79DD1C239B1A069AE418D2184F
S31508016E8006920D9AD3180D93069B002B05DD1A0061
S31508016E900599039800F006FD05900D9B002B05DD6D
S31508016EA031001A00039800F0FDFC0600159B002B23
S31508016EB061D03100059800F061FD00285BDA049B7A
S31508016EC00A22013B0C9305990023039800F0ECFA7A
S31508016ED0109B0590002B00D15BE1002339000A22A3
S31508016EE0039800F0E1FA0E9B0700002B4DDC229B6C
S31508016EF0022B46DD0E9B002B00D0DBE53100052277
S31508016F00039800F0D1FA06000100059800F036FD55
S31508016F10002800DCCEE5089B089A5C1C3123137017
S31508016F200C9B01330C93C9E536231A9A0F9D9B1ABC
S31508016F30069C20E7099B5D1E0F9BAB4208DB5D1B88
S31508016F40099B002BF4DA069B099A9C1A002312E77F
S31508016F500F9B149AEB1AD31814930F95069C0025C8
S31508016F60099B08E70F9A059942E7042B8CD01C3335
S31508016F7083E71300FBE7049B0C93099B0E93002BF5
S31508016F80B5DD109B002B00D107E1002C05DD39008A
S31508016F902200039800F086FC07000497002D20D0F4
S31508016FA07968039800F018FA041E0CD122002E4BBA
S31508016FB02E482F49FFF72FFB119E3700ABE7049B9D
S31508016FC0099E0C93F9E739003A690C3102329200AD
S31508016FD00C30FFF777FA01222100039800F062FCD2
S31508016FE00490089B0E9A0693013B9B1801220F9366
S31508016FF00A9B13400E9331000598FFF771FA390081
S3150801700005000A90059800F0B9FC049A0D90310024
S31508017010039800F0CFFC0122C368040030350992B9
S31508017020002B04D10100059800F0A8FC0990210065
S31508017030039800F015FA069B229A5C1C099B1343D8
S315080170400E9A134316D1392D2FD00D9B002B01DD36
S315080170500A9D3135069B1D7032E5C0460000244065
S31508017060330400000000F07F6DAA010815AA010883
S31508017070EF0200000D9B002B04DB229A13430E9AA4
S3150801708013431ED1099B002BE4DD059901220398C0
S3150801709000F008FC3100059000F070FC002802DCC5
S315080170A0D8D1EB07D6D5392DD2D13923069A137003
S315080170B023001C00013B1A78392A50D001321A7074
S315080170C0FEE4099B002B03DD392DEED00135C1E71E
S315080170D0069B069A1D700F9B93422BD000230A220A
S315080170E00599039800F0E0F9049B05909F4209D1A0
S315080170F0390000230A22039800F0D6F90700049004
S31508017100069478E7390000230A22039800F0CCF99F
S31508017110002307000A220499039800F0C5F9049090
S31508017120EEE70E9B0124002B00DD1C0004970027C7
S31508017130089B1C1905990122039800F0B3FB31003D
S31508017140059000F01BFC0028B2DC01D1ED07AFD495
S3150801715023001C00013B1A78302AFAD0B0E4089AB9
S315080171609A42A6D10C9B01330C9331231370A7E4E1
S31508017170144B269A0893144B002A01D0FFF77EFA7E
S31508017180FFF77EFA229B012B00DC48E60120149DBD
S3150801719065E60E9B002B00DCA9E600243100059864
S315080171A0FFF79EF9089B303018550E9B01340500F0
S315080171B0A342B6DD00230A220599039800F074F963
S315080171C00590EBE7F1A90108F9A9010870B50500D1
S315080171D00C1E10D0043C2368002B00DAE4182800A2
S315080171E000F0EAF81D4A1368002B05D163601460A4
S315080171F0280000F0E9F870BDA34208D920682118D3
S315080172008B42F3D119685B6809182160EEE71A0009
S315080172105B68002B01D0A342F9D911685018A04226
S315080172200BD120680918501811608342E0D11868FB
S315080172305B68411811605360DAE7A04202D90C2352
S315080172402B60D5E7206821188B4203D119685B6842
S315080172500918216063605460CAE7C046E0C200208D
S3150801726010B5034B0100186800F026F810BDC0469A
S31508017270B001002070B50F4E0D00316804000029D9
S3150801728002D102F02FF830602900200002F02AF816
S31508017290431C03D101256D42280070BD0323C51C7B
S315080172A09D43A842F8D0291A200002F01BF80130A4
S315080172B0F2D1EFE7DCC20020F7B50322CB1C9343DA
S315080172C0083305001F000C2B34D20C27B94233D8DA
S315080172D0280000F071F8374E33681C00002C2FD1B6
S315080172E039002800FFF7C6FF0400431C5FD1346844
S315080172F00094009B002B4AD1002C52D02368280009
S31508017300E3180099019301F0EDFF019B834248D1EF
S3150801731023682800FF1A3900FFF7ACFF013040D077
S315080173202368DB19236033685A68002A33D1009B26
S31508017330336019E0002BC9DA0C232B600020FEBD4F
S315080173402168C91B20D40B290AD9E2192760A3424F
S3150801735004D1326063681160536005E05A60F9E749
S315080173606268A3420ED13260280000F02DF8200091
S3150801737007220B30231D9043C21A9842DFD01B1AED
S31508017380A350DCE75A60EFE723006468A6E7009C90
S3150801739063680093ADE71A005B68A342FBD100233B
S315080173A0DAE70C2328002B6000F00EF8C6E7076021
S315080173B0DAE7C046E0C2002010B50248FFF775F8C3
S315080173C010BDC046D8C2002010B50248FFF76EF8B6
S315080173D010BDC046D8C2002070B5C56906000C00AC
S315080173E0002D0ED11020FFF73BFF021EF06104D1DC
S315080173F06B21194B194801F08DFF456085600560C1
S31508017400C560F569EB68002B13D0F369A200DB6848
S315080174109B181868002818D101210D00A5406A1D7E
S315080174203000920001F094FF00280CD0446085607A
S315080174300DE021220421300001F08AFFF369E8609A
S31508017440DB68002BE1D1002070BD02681A600023B9
S315080174500361C360F8E7C046FEA901087EAA0108D0
S3150801746070B5C66905000C00002E0ED11020FFF775
S31508017470F7FE021EE86104D18F21094B094801F084
S3150801748049FF466086600660C660002C07D0EB6936
S315080174906268DB6892009B181A6822601C6070BDDE
S315080174A0FEA901087EAA0108F7B50F0001900C0094
S315080174B01E0000200D6914373B68013099B251430B
S315080174C01B0C534389190E0C9B191E0C89B21B04FC
S315080174D05B1808C78542EFDC002E22D0A368AB42B1
S315080174E019DC616801980131FFF776FF071E05D19E
S315080174F03A00BA210C4B0D4801F00CFF2100226914
S315080175000C31023292000C30FEF7DCFF21000198A3
S31508017510FFF7A6FF3C002B1D9B00E31801355E60B3
S3150801752025612000FEBDC0466DAA01087EAA010894
S31508017530F7B5070018000C0008300921019315005A
S31508017540E8F788FE0123002183420ADB3800FFF7AA
S3150801755043FF011E08D10A00194B1A48D33101F01D
S31508017560D9FE5B000131EFE7089B43610123036103
S31508017570092D18DD230009331E0000936419337899
S315080175800A223800303BFFF78FFF01360100A64279
S31508017590F5D12C00009B083C1C192E00019B9E422C
S315080175A004DB0800FEBD09250A34F6E7631B9B5D6B
S315080175B00A223800303BFFF777FF01360100EDE775
S315080175C06DAA01087EAA0108802203005202002042
S315080175D0934201D21B04103080225204934201D2F5
S315080175E008301B0280225205934201D204301B0146
S315080175F08022D205934201D202309B00002B03DB85
S315080176000130134200D12020704703680100072288
S315080176101800104013420DD0063A0020134205D136
S315080176200230034203D0D34010000B6070479B0819
S315080176300B60FBE79AB2002A01D110201B0CDAB2C3
S31508017640002A01D108301B0A1A0701D104301B0987
S315080176509A0701D102309B08DA07E9D401305B08A1
S31508017660E6D12020E2E7000010B50C000121FFF762
S31508017670B3FE002807D14621054C0200054B200020
S31508017680FF3101F047FE01234461036110BDC04685
S315080176907EAA01086DAA0108F0B514000A692369D2
S315080176A00D0089B09A4202DB23000C001D002769F0
S315080176B02E696168BB190093A368BA19934200DA67
S315080176C00131FFF789FE8446002806D1B1216246B9
S315080176D0444B4548490001F01DFE0200BB1914320E
S315080176E09B00D3180193002113000198834228D3E4
S315080176F02300BF00143304931435DB19B600029333
S31508017700AB1907930423059323000299153399426C
S3150801771005D30C1B153CA4080134A3000593079B4C
S315080177209D4210D3009B002B05DD019B043B019371
S315080177301B68002B52D063466046009A1A6109B04D
S31508017740F0BD02C3D1E72C68A4B2002C1FD00023D8
S315080177501700049E039308CE396806936B461B8B64
S3150801776088B263431B180398090C1B180698000C6A
S3150801777060434018190C4118080C9BB209041943B7
S31508017780029B039002C7B342E5D8059BD0502C68EB
S31508017790240C20D0002110001368049E039131683F
S315080177A0076889B261433F0CC919039F9BB2C9197E
S315080177B00F041F43076080CE43683F0C67439BB2A3
S315080177C0090CFB185B18190C039102990430B14294
S315080177D0E5D80599535004350432A0E7009B013BCF
S315080177E000939FE76DAA01087EAA0108F7B503234E
S315080177F0150007000E001A401D4208D02549013A16
S315080178009200525800233100FFF74EFE0600AD10D4
S315080178103DD0FC69002C0FD11020FFF721FD021E77
S31508017820F86105D1B4211C4B1C48FF3101F072FDEA
S31508017830446084600460C460FB699C680193002C01
S3150801784008D138001649FFF70FFF019B040098601D
S315080178500023036001231D420AD0310022003800AB
S31508017860FFF71AFF310001903800FFF7F9FD019E75
S315080178706D100CD02068002807D12200210038009D
S31508017880FFF70AFF0023206003600400E2E73000E7
S31508017890FEBDC04690AB0108FEA901087EAA0108F3
S315080178A071020000F0B50C0016002369571185B066
S315080178B0FB180193013300934968A3680290009A63
S315080178C0934210DB0298FFF787FD002301000500AC
S315080178D01A00143198420CD1EF212A00254B26486B
S315080178E0490001F017FD01315B00E8E798000A50ED
S315080178F00133BB42FADBFB43DB171F40BF00230002
S315080179001F20C91937002269143392009A180740B3
S31508017910064229D00130C01B03908C4600201E6800
S31508017920BE400643604640C08446039E01CBF040F4
S315080179309A42F4D8260015360423B24204D3131BFF
S31508017940153B9B0801339B00C850002802D0019BB8
S3150801795002330093009B0298013B21002B61FFF73C
S315080179607FFD280005B0F0BD01CB01C19A42FBD8C5
S31508017970F0E7C0466DAA01087EAA010830B50B6971
S3150801798004690200E01A9C420FD114329B0014319B
S315080179901400C918D218043A043915680B689D42AF
S315080179A004D001209D4200D2023830BD9442F2D360
S315080179B0FBE70000F0B50C0087B00090110020002D
S315080179C01700FFF7DBFF051E10D101000098FFF72E
S315080179D003FD021E04D1404B4048414901F09AFC7F
S315080179E0012345610361100007B0F0BD0026B042CE
S315080179F003DA23003C001F00013661680098FFF78F
S31508017A00EBFC021E03D1344B34483649E6E72369B9
S31508017A10143400939B00E318210001943C0002935F
S31508017A203B6914349B00E31803930300C6608C4634
S31508017A300020143304930593634620CBA9B20E00A4
S31508017A409C4608CC2D0C99B2711A09181B0C0814FE
S31508017A50EB1A1B18181489B21B041943059B02C398
S31508017A600593039BA342E7D83900039C15310423E8
S31508017A708C4204D3E31B153B9B0801339B000199F8
S31508017A80CD1804992E00CB181F0002998E4211D3E6
S31508017A90029CE91E00208C4204D321000331491BB4
S31508017AA0890888001B18043B1968002910D0009B17
S31508017AB0136198E7844602CE88B2604400140C0C20
S31508017AC004196144201489B22404214302C7DCE75E
S31508017AD0009901390091E6E76DAA01087EAA010815
S31508017AE0370200004502000010B500240C4B0D4A70
S31508017AF00B409B18A34206DC5B421A15132A05DCC8
S31508017B0080231B0313411900200010BD143A0124D8
S31508017B101E2A02DC80242406D4400023F3E7C0464B
S31508017B200000F07F0000C0FCF7B5060003691436B3
S31508017B309B00F3181D1F2C680F0020000193FFF707
S31508017B4043FD2022121A3A6003001C4A0A2815DC52
S31508017B500B212700091ACF403A438C46110000220F
S31508017B60AE4202D2019A083A126815339C4063461E
S31508017B702700DA401743380003B0F0BD0027AE42AC
S31508017B8002D2019D083D2F680B2149428C469C442F
S31508017B900B2B10D0614620238C405B1A3900D94043
S31508017BA00C43224311000022B54201D9043D2A683B
S31508017BB06446A740DDE722431100DCE70000F03FF9
S31508017BC0F7B5012116001F00FFF706FC041E05D1B3
S31508017BD02200254B2548264901F09CFB3B037D00E5
S31508017BE01B0B6D0D02D08022520313430193002E05
S31508017BF025D068460096FFF708FD019B00990028E5
S31508017C001BD020221E00121A96403200C3400A4396
S31508017C1062610193019EA661731E9E41013626612A
S31508017C20002D14D03526134BED18089B2D181D6011
S31508017C30099B361A1E602000FEBD6161EAE701A8AC
S31508017C40FFF7E3FC019B012663612030E7E70A4B56
S31508017C50C018089B1860094BF3189B00E31858696C
S31508017C60FFF7B2FC7601E3E76DAA01087EAA0108CF
S31508017C700F030000CDFBFFFFCEFBFFFFFFFFFF3F1A
S31508017C80F0B587B00F0004A90600FFF74DFF009075
S31508017C900191009B019C380005A902930394FFF703
S31508017CA043FF0D0002000B0030693969049E401A32
S31508017CB005994001711A41180805002908DD01993D
S31508017CC04118039102980399E9F72EFF07B0F0BD11
S31508017CD02B1AF7E770B51400050001391369491124
S31508017CE00131890014349B004118E318A3420DD8C9
S31508017CF0140011340025A34203D39B1A113B9B0898
S31508017D009D0000234019814203D870BD40CC40C56F
S31508017D10ECE708C0F7E70200006910B514324B1109
S31508017D20984213DB0CDD1F2408002040214207D0AE
S31508017D3099008C582100C140814001208C4204D110
S31508017D409B00D318934203D8002010BD0300F7E720
S31508017D50043B19680029F5D00120F6E770B516002D
S31508017D600D00FFF7C1FE002E0DD06B236A00520DE0
S31508017D709B1A002B07DD0024034A1B059D182B00BF
S31508017D802200EAF70BFB70BD0000F03FF0B5A3B087
S31508017D901B92002200260027059009911E921D912B
S31508017DA00A782B2A53D03FD80D2A39D8082A39D828
S31508017DB0002A42D00022129200211D9D0C912A7898
S31508017DC0302A00D083E06A7820318A43582A00D0C5
S31508017DD073E00293129B9B4A01931EAB009305988D
S31508017DE01FAB1DA901F04AFB0F2302001A4004002C
S31508017DF00692184205D0062A2BD1002301351D9576
S31508017E0012931B9B002B02D01D9B1B9A1360129B7E
S31508017E10002B19D0802330001B06F91823B0F0BDBA
S31508017E20202AC7D10131BAE72D2AC3D12C3A129299
S31508017E304A1C1D924A78002ABED1099B1D9300232C
S31508017E4012931B9B002BDFD130003900E6E7002295
S31508017E50EDE71E9A002A07D0352120A8FFF73AFF39
S31508017E601E990598FFF7FCFA06981F9B0138042806
S31508017E7006D8E8F751F912031C1E1200209E219F0D
S31508017E80E40502D580231B061F436F4B3B42B8D13D
S31508017E90FEF7E0FA22230360B3E76C49219A209E94
S31508017EA00A406B495B181B051A431700E8E7664F3A
S31508017EB0E6E70126674F7642E2E71D9B5A1C1D92AB
S31508017EC05B78302BF9D0002B9BD001230C931D9B9B
S31508017ED00A221393002310930D9308931D9804788F
S31508017EE02300303BD9B2092927D901225A4901F081
S31508017EF0E7F9002833D0002023008446089A0E901B
S31508017F0006922022190091430A0000210791452A69
S31508017F1000D0CBE0069B0C9A034313438B428CD0CB
S31508017F201D9B099301331D93099B5B782B2B7BD0F2
S31508017F300C002D2B7ED1012477E00899082909DC4C
S31508017F400D9951435B180D93089B01300133089332
S31508017F501D90C3E7109D55435B191093F4E71D9BCC
S31508017F605A1C1D92089A5B78002A3ED00E900692FA
S31508017F701A00303A092A12D901229446C1E71D9BF3
S31508017F8001305A1C1D925B78302BF8D01A00313A11
S31508017F90082A44D80E9000201D9A069013921C00B8
S31508017FA0421C303C302B1AD00E9B06999B180E9317
S31508017FB00A239C46069D4B1C5D1BAA4217DCC3433C
S31508017FC0069ADB170340D1180132D31806930829FC
S31508017FD01CDC0A230D9A53430022E3180D931D9BBB
S31508017FE01000591C1D915B78C2E70898CCE708294F
S31508017FF005DC65460D9969430D911900DAE7102BE1
S31508018000FBDC6146109D4D431095F6E700220F29CA
S31508018010E5DC0A23109D5D4363191093DFE700220F
S315080180200E9206920132A8E70024099B02331D939A
S31508018030099B9B781A00303A092A13D9099A1D9285
S31508018040002232E0A4AC01080000F07FFFFFEFFF39
S3150801805033040000FFFFFF7FD7AA01081D9B5A1CA6
S315080180601D925B78302BF9D0002207921A00313A1B
S31508018070082A1BD8303B1A001D9B07931D9B591CC8
S315080180801D915B781D00303D092D3AD9079D491B85
S315080180900D00B3490791082D03DC07928A4200DDDA
S315080180A00791002C02D0079A52420792069A002A93
S315080180B04BD10C9A104300D0A3E66246002A00D0A1
S315080180C0BBE6692B25D021DC492B22D04E2B00D0CB
S315080180D0B3E6A4491DA801F007FC002800D1ACE6C7
S315080180E01D9B1B78282B2AD19F4920AA1DA801F080
S315080180F00FFC052823D1219B9C4A209E1A43170071
S315080181007FE60A214A43D218303AB7E76E2BE0D008
S3150801811093E697491DA801F0E7FB002800D18CE6F4
S315080181201D9B9449013B1DA81D9301F0DDFB002809
S3150801813002D11D9B01331D9300268C4F61E68E48A3
S3150801814001F0E2F806000F005BE6079B0E9A9B1A00
S315080181500C93089B002B01D1069B0893069C102CB7
S3150801816000DD10240D98EBF795F8069B06000F0025
S31508018170092B13DC0C9B002B00D142E60C9B002B30
S3150801818000DC7EE0162B63DC7C49DB00C918320073
S31508018190086849683B00EAF701F9D3E72200774BFB
S315080181A0093AD2009B181A685B68EAF7F7F80600DD
S315080181B010980F00EBF76EF80B000200390030003B
S315080181C0E9F7ECF8069B06000F000F2BD2DD069B9C
S315080181D01C1B0C9BE418002C00DC9BE00F222300DF
S315080181E0134014420AD06549DB00C91832000868F1
S315080181F049683B00EAF7D2F806000F000F239C43B3
S3150801820073D02633FF339C424BDD00230693079335
S315080182100D93089322230026059A544F13600D9B4C
S31508018220B34200D1EDE51E990598FFF719F90899AA
S315080182300598FFF715F907990598FFF711F90D99AB
S315080182400598FFF70DF906990598FFF709F9D8E595
S315080182502523069A9B1A0C9A9342B8DB0F24069B90
S31508018260464DE41AE10069183200086849683B007E
S31508018270EAF794F80C9B1C1BE4002D192A686B6815
S3150801828089E70C9B1633A2DB07990E9A3B4B521AC8
S31508018290D2009B1830001A685B683900E9F744FC7C
S315080182A050E7002330003900354D24110993012C7C
S315080182B01EDC002B01D006000F00324B099AFF186D
S315080182C02F4BD5005D193200286869683B00EAF72B
S315080182D065F8264B2C4A06000B40934295D82B4A43
S315080182E0934213D901262A4F76420023099386E041
S315080182F00122144204D02A686B68EAF74FF8012371
S31508018300099A6410013209920835D0E7D4239B04EF
S31508018310CF18EAE7002CE8D064420F2322001A405E
S315080183201C420AD0154BD2009B1830001A685B68AC
S315080183303900E9F7F9FB06000F002411D5D01F2CE7
S3150801834028DD0023069307930D9308932223059AA4
S31508018350002613600D9B0027002B00D063E750E52C
S315080183601F4E0000C5A9010890AC01080000F07F66
S31508018370BDA90108F4A901082DAB0108C8AB01087C
S31508018380A0AB01080000B0FC0000A07C0000907CB6
S31508018390FFFFEF7F102322001A4009921C4201D0E9
S315080183A05A330993300039000023C04D0122144283
S315080183B004D02A686B68E9F7F1FF012364100835D0
S315080183C0002CF3D1002B01D006000F00099B002BCE
S315080183D00DD06B237A00520D39009B1A002B06DD4E
S315080183E01F2B5CDD0026342B52DDDC27BF0400225F
S315080183F0002330003900E8F729F80028A1D10D9BA0
S31508018400089A00931399069B0598FFF791F80D9022
S31508018410002800D1F9E60C9B0799DB430E9ADB1776
S31508018420521A14920C9A1499D21711400C9A149153
S315080184301A4000231A92069307930D9B05985968CB
S31508018440FEF7CAFF0890002800D1E3E60D9B0C3021
S3150801845019001A690C3102329200FEF733F820AB83
S3150801846001931FAB009332003B00059810961197B4
S31508018470FFF7A6FB1E90002800D1CBE6012105983F
S31508018480FFF7F2F8079000280ED100230793C1E6FB
S315080184904B239A1A4C3B934019400F00A7E7012238
S315080184A052429A401640A2E71F9B1A9A149DD41A63
S315080184B0002B01DB1A9C5D190999209A5B1A362152
S315080184C09B188A1A7A4901208C460021013B15918D
S315080184D01690634506DA6146C91A521A1F293FDC06
S315080184E088401690AB180E93A418099B0E9A1C196E
S315080184F02B00954200DD1300A34200DD2300002B6B
S3150801850004DD0E9AE41AD21A0E92ED1A149B002B68
S3150801851016DD1A0007990598FFF768F907900028EC
S31508018520B3D001001E9A0598FFF7B6F813900028F4
S3150801853000D16FE61E990598FEF792FF139B1E93CD
S315080185400E9B002B12DC0C9B002B18DD1A9A08993E
S315080185500598FFF74BF90890002810D1002358E633
S315080185605449CB1A010099401591BAE70E9A1E99FA
S315080185700598FFF797F91E900028E4D14AE6002CE2
S3150801858007DD220008990598FFF78CF9089000285D
S31508018590E4D0002D08DD2A0007990598FFF782F92E
S315080185A00790002800D135E6089A1E990598FFF725
S315080185B001FA0690002800D12CE6C368079913939F
S315080185C00023C360FFF7DAF900283BDA139B33432C
S315080185D067D13B0365D1D622374BD2043B40934240
S315080185E05FD9069B5B69002B03D1069B1B69012B8F
S315080185F057DD069901220598FFF754F90799069060
S31508018600FFF7BCF900284CDD2B4B099A3B40002AA1
S3150801861074D0D622D204934270D8DC2292049342B3
S3150801862000D893E630003900244B0022E9F7B6FE5C
S31508018630214B06000F000B4200D0F4E52223059AD0
S315080186401360F0E50E97002875D1139A3B031B0BAF
S31508018650002A39D01A4A934238D10121099B494245
S3150801866032000800002B0BD0D424134B08003B40E2
S31508018670E404A34204D86C301B0DC31A99400800C0
S31508018680824223D10F4B0E99994202D1013200D170
S31508018690C0E5094B0E9A00261A40130080225203A0
S315080186A09F18099B002BBDD1BDE5C046B8AC010892
S315080186B002FCFFFFE2FBFFFF0000F07F00005039DC
S315080186C0FFFF0F00FFFFEF7F33439DD0159B002B64
S315080186D01CD00E9B159A1342E3D0139B3000390028
S315080186E0099A002B16D0FFF739FB02000B001098E8
S315080186F01199E8F753FE06000F00D2E70126924AC0
S3150801870076429B18914A1A431700CAE7169B3342C9
S31508018710C7D0E2E7FFF722FB02000B001098119978
S31508018720EAF722F90022002306000F00E7F78EFE7A
S315080187300028B6D00AE607990698FFF7A1FA80231A
S315080187400022DB0504000D00E7F790FE00286CD037
S31508018750139B002B77D1002E57D10E9B1B035AD1A1
S315080187600022200029007A4BE7F776FE002859D126
S31508018770200029000022774BE9F710FE04000D00BE
S3150801878080231B06EB180A940B930A9A0B9B1692E5
S315080187901793714A0E9B13401593159A6F4B9A427C
S315080187A000D087E06E4A0E9B944663441F00300052
S315080187B01900FFF799F90A9A0B9BE9F7EFFD3200C1
S315080187C03B00E8F7EBFD644A664B06000A409A420D
S315080187D040D9119B644A934203D1109B013300D1BE
S315080187E018E50126604F76421E990598FEF738FE70
S315080187F008990598FEF734FE07990598FEF730FEA5
S3150801880006990598FEF72CFE17E6012E03D10E9B55
S31508018810002B00D19AE50023544C4D4D0A930B9435
S315080188200024B2E700244B4DAAE720002900494B52
S315080188300022E9F7B3FD139B04000D00002B9FD01E
S315080188400A940B95A1E70023414C25000A930B9442
S315080188501C009AE7D4239B04CF18099B1097002B79
S31508018860C2D13D4B159A3B409A42BDD12000290001
S31508018870E7F7AAFEE7F702FF02000B00200029002E
S31508018880EAF772F83C03139B240B34430E900F91BD
S31508018890374A1C4352D0374BE7F7DEFD002800D094
S315080188A0C1E40E980F99344A2A4BE7F7E9FD0028E7
S315080188B09AD0B8E4099B002B2AD0D423159ADB0455
S315080188C09A4225D8200029002C4A2D4BE7F7CEFDE0
S315080188D0002816D020002900E7F758FE002800D105
S315080188E00130EAF7D7FC139B04000D00002B22D1B7
S315080188F080231B06CB1818901993189A199B169260
S315080189001793D622179BD2049B18159A9B1A17936D
S3150801891010981199169E179FFFF7E6F802000B00AB
S3150801892030003900E9F73AFD109A119BE8F736FD50
S3150801893006000F0091E718941995DEE7114B0E987A
S315080189400F99E7F789FDB2E70000F0FFFFFF0F0077
S315080189500000F03F0000E03F0000F07F0000E07FEC
S315080189600000B0FCFFFF9F7CFFFFEF7F0000F0BF18
S315080189709535A094FFFFDF3F35E5AF350000C0FF11
S31508018980FFFFDF41FFFFCF3F10B5024BFFF7FEF9AF
S3150801899010BDC04600020020F0B585B017001E00C4
S315080189A003900191242B23D80C00012B20D03D4B99
S315080189B008229C46230061461D780134485D010062
S315080189C011401042F6D12D2D19D125789C1C012371
S315080189D000931022330093431DD1302D15D1202148
S315080189E023788B43582B10D165780234102612E070
S315080189F0FDF730FD16230360002005B0F0BD009198
S31508018A002B2DE6D125789C1CE3E7002EEED10A36FC
S31508018A10302D00D1023E244A009B9446634431001E
S31508018A2018000293E7F712FC0022844610002B0077
S31508018A30303B092B11D81D00AE421DDD531C09D050
S31508018A4001225242844505D301D1A94211DB0122F3
S31508018A507043281825780134E9E72B00413B192B87
S31508018A6001D8373DE8E72B00613B192B04D8573D60
S31508018A70E2E701225242EDE7531C08D12223039A69
S31508018A8002981360002FB8D0631E019307E0009B7C
S31508018A90002B00D04042002FAFD0002AF4D1019B11
S31508018AA03B60AAE7E1AC0108FFFFFF7F10B5FFF7BE
S31508018AB073FF10BDF0B58E6885B01F000C000B68FA
S31508018AC002900392BE4230D80C21625E9021C90001
S31508018AD00A4228D0032021695B1A0193636943433B
S31508018AE00198DD0FED187B1C1B186D10AB4200D9E0
S31508018AF01D00520528D529000298FEF7DDFB061E42
S31508018B002CD0019A2169FDF7DDFCA289184B1A4080
S31508018B1080231343A381019B2661F61826603E0034
S31508018B206561ED1AA560BE4200D93E00320003997F
S31508018B30206800F0B3FB0020A3689B1BA360236891
S31508018B409B19236005B0F0BD2A00029800F09AFF30
S31508018B50061EE0D121690298FEF738FB0C23012095
S31508018B60029A40421360A28934331343A381E9E789
S31508018B707FFBFFFFF0B5A1B003901D008B890F00A5
S31508018B8016001B0611D50B69002B0ED14021FEF7E5
S31508018B9093FB38603861002805D10C23039A1360CA
S31508018BA001204042CFE040237B61002308AC63618A
S31508018BB0203363761033A376079535002B78002B7F
S31508018BC001D0252B48D1AB1B0593B5420BD03200FA
S31508018BD039000398FFF76EFF013000D1AEE06369F3
S31508018BE0059A9B1863612B78002B00D1A6E0012218
S31508018BF000235242626004A9543252186E1C236043
S31508018C00E360A3601370A365544B052218003178FD
S31508018C100593FDF74CFC751C00281FD12268D30665
S31508018C2004D5532304A95B1820211970130704D509
S31508018C30532304A95B182B21197033782A2B16D0D4
S31508018C40350000210A20E3682A786E1C303A092A81
S31508018C5050D9002911D117E00135AFE7059B2268E4
S31508018C60C01A0123834013432E002360CCE7079BD8
S31508018C70191D1B680791002B01DB0B9304E05B426E
S31508018C80E3600223134323602B782E2B0CD16B78D8
S31508018C902A2B34D1079B02351A1D1B680792002B14
S31508018CA001DA01235B4209932D4E0322300029780C
S31508018CB0FDF7FDFB002806D04023801B8340226870
S31508018CC00135134323602978062226486E1C21762E
S31508018CD0FDF7EDFB002838D0234B002B22D10722C4
S31508018CE0079B07339343083307936369049A9B18D1
S31508018CF0636162E74343350001219B18A4E700231A
S31508018D000A201900013563602A786E1C303A092A4F
S31508018D1003D9002BC8D00991C6E741433500012381
S31508018D208918F1E707AA009221003A000F4B039828
S31508018D30FCF7A2FB0490049B0133D6D1BB890D989D
S31508018D405B0600D52CE721B0F0BD07AA00922100E9
S31508018D503A00064B0398FCF73DFEEBE7D9AA010852
S31508018D60DFAA0108E3AA010879540108B58A0108AE
S31508018D70936810B5013B9360002B04DA9469A3420A
S31508018D8007DB0A2905D01368581C106019700800FA
S31508018D9010BD00F0E2F90100F9E7F8B506000F0089
S31508018DA01400D518AC4201D1002007E021783A0019
S31508018DB03000FFF7DDFF0134431CF3D1F8BD000095
S31508018DC0F0B5A1B00F0015001E000390002804D0CD
S31508018DD0036A002B01D1FDF7A5F97B6EDB0705D4E4
S31508018DE0BB899B0502D4B86DFDF75FFBBB891B07E1
S31508018DF002D53B69002B13D13900039800F0F0F92D
S31508018E0000280DD07B6EDB0703D50120404221B037
S31508018E10F0BDBB899B05F8D4B86DFDF747FBF4E7B0
S31508018E20002308AC6361203363761033A376079673
S31508018E302E003378002B01D0252B48D1731B0593BF
S31508018E40AE420BD02A0039000398FFF7A6FF01307E
S31508018E5000D1AEE06369059A9B1863613378002BEC
S31508018E6000D1A6E0012200235242626004A95432CD
S31508018E705218751C2360E360A3601370A365594BF0
S31508018E800522180029780593FDF711FB6E1C0028A9
S31508018E901FD12268D30604D5532304A95B182021C0
S31508018EA01970130704D5532304A95B182B211970CC
S31508018EB02B782A2B16D02E0000210A20E368327857
S31508018EC0751C303A092A50D9002911D117E0013603
S31508018ED0AFE7059B2268C01A012383401343350077
S31508018EE02360CCE7079B191D1B680791002B01DB43
S31508018EF00B9304E05B42E360022313432360337858
S31508018F002E2B0CD173782A2B34D1079B02361A1DC6
S31508018F101B680792002B01DA01235B420993324D44
S31508018F20032228003178FDF7C2FA002806D040232B
S31508018F30401B834022680136134323603178062299
S31508018F402A48751C2176FDF7B2FA002840D0284B2D
S31508018F50002B22D10722079B073393430833079334
S31508018F606369049A9B18636162E743432E000121F2
S31508018F709B18A4E700230A2019000136636032789A
S31508018F80751C303A092A03D9002BC8D00991C6E7BE
S31508018F9041432E0001238918F1E707AA009221000F
S31508018FA03A00144B0398FCF767FA0490049B0133C3
S31508018FB0D6D17B6EDB0705D4BB899B0502D4B86D78
S31508018FC0FDF774FABB895B0600D51EE70D981EE707
S31508018FD007AA009221003A00064B0398FCF7FAFC0F
S31508018FE0E3E7C046D9AA0108DFAA0108E3AA0108EE
S31508018FF0795401089B8D0108F7B50C228B5E050093
S315080190000C001A0756D44A68002A02DC0A6C002AA0
S315080190104EDDE76A002F4BD0002280202E682A6099
S315080190201A004001216A0240034233D0626DA389C6
S315080190305B0706D56368D21A636B002B01D0236CD4
S31508019040D21A00232800E76A216AB847A289431C75
S3150801905006D129681D2946D8294BCB40DB0742D5BD
S315080190600023636023692360D20405D5431C02D11A
S315080190702B68002B00D16065616B2E60002917D023
S3150801908023004433994202D02800FEF79FF80023B3
S3150801909063630DE001232800B8470200431CC6D1CB
S315080190A02B68002BC3D01D2B01D0162B1AD12E608D
S315080190B000201EE00E69002EFAD00F680E60BA1B5A
S315080190C0019200229B0700D14A69A260019B002BED
S315080190D0EEDDA36A32001F002800019B216AB8470A
S315080190E0002807DCA2894023012013431BB2A38170
S315080190F04042FEBD019B36181B1A0193E6E7C0469E
S31508019100010040200B6970B505000C00002B02D147
S315080191100025280070BD002804D0036A002B01D160
S31508019120FDF700F80C22A35E002BF1D0626ED20780
S3150801913004D49B0502D4A06DFDF7B7F928002100D8
S31508019140FFF75AFF636E0500DB07E2D4A3899B0587
S31508019150DFD4A06DFDF7AAF9DBE7F8B506000D0027
S315080191601400002804D0036A002B01D1FCF7DAFFAA
S31508019170A369A360A3891B0702D52369002B09D11B
S315080191802100300000F02CF8002803D001256D429B
S315080191902800F8BD23692068EFB2C01A6369EDB2E9
S315080191A0834205DC21003000FFF7ACFF0028EDD132
S315080191B0A3680130013BA36023685A1C22601F7013
S315080191C06369834204D0A389DB07E1D50A2DDFD180
S315080191D021003000FFF796FF0028D9D0D6E7000016
S315080191E02D4B70B5050018680C00002804D0036AD9
S315080191F0002B01D1FCF796FF0C22A35E1A0723D494
S31508019200DA0607D409222A60402201201343A381E2
S3150801921040423AE05B0713D5616B002908D0230069
S315080192204433994202D02800FDF7D0FF0023636337
S315080192302422A3899343A3810023636023692360BE
S315080192400823A2891343A3812369002B0BD1A021EB
S315080192508022A389890092000B40934203D0210002
S31508019260280000F087FC0C22A35E01211A000A409F
S315080192700B420BD00022A26062695242A261002011
S315080192802269824201D11A06BED470BD990700D45B
S315080192906269A260F3E7C046B001002010B58842B2
S315080192A002D98B18984208D300239A4207D0CC5C7E
S315080192B0C4540133F9E78B5C8354013AFBD210BDE0
S315080192C030B50500101E0BD00024013A2B5D085D50
S315080192D0834204D1944202D00134002BF6D1181AE4
S315080192E030BD0000002370B5064D040008002B6050
S315080192F0EDF7D2FA431C03D12B68002B00D023606B
S3150801930070BDC046D4C20020002001497047C0463E
S315080193100000F87F7FB514001A00094B05001B6889
S315080193200E00D868074B002C01D1074B1C000749D2
S31508019330019302942B00009600F0E2FB00F080FCFA
S31508019340B0010020F2AA01082DAB0108FFAA010805
S3150801935070B50B0C150C002B1ED1002D0CD189B242
S3150801936094B24C432100FDF7A7FF051E1BD022002E
S315080193700021FCF7ABFF16E02B1C0C1C89B292B23C
S315080193804A439BB2A1B25943140C0C19230C07D1B9
S31508019390240492B21443E5E7002D01D1141CEDE72C
S315080193A00C2300250360280070BD0200F0B504698E
S315080193B085B014324B11160002939C4231DD1F26EB
S315080193C00F009B00A500D318374055190093019744
S315080193D031420DD1160019008D4236D8009B002660
S315080193E0033B9D4202D3029BE41AA600961918E094
S315080193F02021019E019F891B009E039102CE94465E
S31508019400F940B54216D8009B002601339D4203D385
S31508019410029BE41AA600043E96193160002900D081
S315080194200436B11A89100161964201D100234361BC
S3150801943005B0F0BD3768039B9F400F43614680C165
S315080194408C46019B02CED940DBE780C980C6C3E7BB
S315080194500200303A0300092A02D8203BD8B27047E5
S315080194600200613A052A01D8473BF7E71A00413A53
S315080194700020052AF3D8273BF0E70000F0B589B0AC
S3150801948007930B680192039006919A1C1100013209
S31508019490501E00783028F9D0CB1A023B059300916B
S315080194A0FFF7D6FF00231D00029398421ED1012221
S315080194B0A6490098FFF704FF0700A84200D06AE012
S315080194C0009B58785C1CFFF7C3FF01230293A8424F
S315080194D02FD00094009B1878302809D0FFF7B8FFE1
S315080194E0424242410123250002920593009C04E071
S315080194F0009B01330093EDE701342078FFF7A8FFBD
S31508019500071EF9D1012220009049FFF7D9FE00284C
S315080195100DD1002D06D1013425002078FFF798FFDB
S31508019520002802D12D1BAF0003E00134F5E7002D19
S31508019530F8D12022237826009343502B1DD1637836
S315080195402B2B2DD02D2B2FD00023661C049330787E
S31508019550FFF77EFF431EDBB20500182B2AD8707869
S31508019560FFF776FF431EDBB20136103D182B1DD9D6
S31508019570049B002B00D06D427F19069B1E60029B3F
S31508019580002B19D0059B06265A4253415B421E40C1
S31508019590300009B0F0BD01230027009C0293C8E7FB
S315080195A000230493A61CD2E70123FAE70A235D43A5
S315080195B02D18D4E72600E0E7009B0299E31A013B40
S315080195C0072B0ADC0398FDF707FF051E08D12A00B9
S315080195D0E4215F4B5F48FFF79DFE01315B10EFE722
S315080195E0030014330293059300231E000493009B82
S315080195F0A34238D3059C029B40C4E41AA410300048
S315080196002C61FDF7E1FF019B64011B68261A009393
S315080196109E4252DDF61A31002800FEF77CFB041E35
S315080196200FD001241F212000731E19408840010014
S315080196305A110298920012580A4202D0A34234DC07
S31508019640022431002800FFF7B0FEBF19019B9B6871
S31508019650BB4242DA29000398FDF702FF00230E9A5E
S31508019660A326136094E7013C23782E2B12D0049B82
S31508019670202B04D1059B40C3002605930496207828
S31508019680FFF7E6FE0F231840049B98400433064370
S315080196900493ACE7009BA342E9D8012220002B4999
S315080196A0FFF70EFE0028E2D1A1E72800B11EFEF75A
S315080196B032FB0028C4D00324C3E7009B00249E4242
S315080196C0C4DA9E1B290032000398FEF7EBF8030063
S315080196D014330500BF1B0293B8E7019B5E68BE42BF
S315080196E06FDD009BF61BB34236DC019BDB68022B60
S315080196F024D0032B26D0012B17D1009BB34214D1BA
S31508019700012B0BD1019B079A5B6862261360012323
S31508019710029A2B6113600E9B1D6039E70099280098
S315080197200139FEF7F8FA0028ECD129000398FDF76C
S3150801973097FE00230E9A5026136029E70F9B002BEC
S31508019740F3D1DFE70F9B002BDCD1EEE7D7AA01089F
S315080197506DAA01082EAB0108771E002C2FD1002F08
S3150801976004D039002800FEF7D6FA04001F237A111F
S315080197701F401E3BBB400299920052581A4201D023
S3150801978002231C43009B31009B1B022628000093E1
S31508019790FFF70BFE019B5F68002C3FD0019BDB683E
S315080197A0022B10D0032B12D0012B06D1A20704D508
S315080197B0029A126814431C420CD110232DE001248D
S315080197C0D4E70126E8E701230F9A9B1A0F930F9B0B
S315080197D0002BF2D02B69002002939B0004932B00E7
S315080197E0049A143399181A68541C1CD001321A6049
S315080197F02B001433022E3FD1019A00991268013ABF
S315080198008A4209D10A001F201040012282404911CB
S315080198108900CB5813423DD120231E430E9B1D6060
S31508019820079B1F60B4E601C39942DCD8AB68029A6C
S315080198309A4218DB696803980131FDF7CDFD041ECC
S3150801984004D1220084211D4B1D48C4E629002A693A
S315080198500C31023292000C30FCF734FE29000398D1
S31508019860FDF7FEFD25002B695A1C2A6101220433E6
S315080198709B00EB185A60BBE72A6902998A420BDDFD
S3150801988001212800FFF791FD019B01379B68BB4227
S3150801989000DADFE60126BFE71F22009C0099144083
S315080198A01142F7D0049A9B18043B1868FDF78CFE01
S315080198B020231B1B9842E3DBECE7C0466DAA01088F
S315080198C02EAB0108082370B520259A1A9200AD1A05
S315080198D0436804681E00AE40D340344304604360C5
S315080198E004308842F4D370BD30B503680C7801336F
S315080198F0002C02D10360012030BD1A781500413DC4
S31508019900192D00D820320131A242EFD00020F3E709
S31508019910F0B50B688BB0019201995A1192008A1819
S31508019920029219001F22114008900691134202D093
S31508019930029B04330293029B00251F1F3E003C0035
S31508019940089B3D601B68079505930395059B0133A5
S315080199500993059B5B780493002B28D00498FFF79D
S3150801996077FD002855D1049B202B19D8039B079A0C
S31508019970934212DDB44206D2072D04DC2A003100D7
S315080199802000FFF79FFF019B08259C4205D9261F4A
S3150801999000253400039B35600793099B0593D5E79A
S315080199A0049B292B5AD1059B089A02331360039B02
S315080199B0002B53D0B44206D2072D04DC2A0031000D
S315080199C02000FFF77FFF019B9C4236D91A0023002E
S315080199D002CB02C29F42FBD2029B621CD91E042300
S315080199E0914205D3029B043B1B1B9B0801339B0039
S315080199F0019AD318002204C39F42FCD23B68002B6C
S31508019A0004D1019B9F4227D101233B6005200BB05E
S31508019A10F0BD039B013501330393082D06DD019B38
S31508019A209C42BAD900230125043C23600F222368EE
S31508019A3010401B0103432360AFE7069B002BDDD0D3
S31508019A402023069A02999B1A01225242DA400439C6
S31508019A500B6813400B60D1E7043FCFE70420D6E734
S31508019A6082B0002900D101A9101E06D0002B06D00C
S31508019A7013780B601078431E984102B07047022094
S31508019A804042FAE7F7B506000C001500002905D192
S31508019A901100FDF711FC04002000FEBD002A03D1C8
S31508019AA0FDF794FB2C00F7E700F0D1F80700854293
S31508019AB002D84308AB42EFD329003000FDF7FCFB7F
S31508019AC00190002801D1019CE6E72A00BD4200D990
S31508019AD03A0021000198FCF7F5FC21003000FDF75A
S31508019AE075FBF0E70300081E05D0FF2A04D98A2270
S31508019AF001201A604042704701200A70FBE7000006
S31508019B000EB417B5054C05AB04CB010020680193CB
S31508019B10FFF756F91EBC08BC03B01847B001002070
S31508019B2070B50E001D000E23C95E140096B00029FB
S31508019B300CDAB2898023110019401A4214D1802304
S31508019B40DB0000202960236016B070BD6A4600F06C
S31508019B5053F80028EDDBF02301991B021940044B49
S31508019B60C9184B425941EAE700214023E9E7C046B3
S31508019B7000E0FFFFF0B502268B8905000C0085B0D1
S31508019B80334207D0230047332360236101236361EE
S31508019B9005B0F0BD03AB02AAFFF7C2FF029F019011
S31508019BA039002800FDF788FB002808D10C22A35E9E
S31508019BB09A05EDD4032293431E43A681E2E7802347
S31508019BC0A28920601343A381039B20616761002B4F
S31508019BD00CD028000E23E15E00F020F8002805D0FD
S31508019BE00323A2899A43023B1343A381A389019ABA
S31508019BF01343A381CCE70000002370B5064D04008A
S31508019C00080011002B60ECF725FE431C03D12B68D5
S31508019C10002B00D0236070BDD4C20020002370B58C
S31508019C20064D040008002B60ECF722FE431C03D105
S31508019C302B68002B00D0236070BDC046D4C200201B
S31508019C40062010B500F034F80120ECF7B3FD0B1F20
S31508019C501B68181F002B01DA0B58C018704770B51E
S31508019C6004000D001F2904D9162303600120404270
S31508019C7070BDC36B002B04D08A009B181A68002A92
S31508019C8008D1200000F030F82A000100200000F079
S31508019C9019F8EDE7012A09D0511C03D116230360EF
S31508019CA00120E5E700212800196090470020DFE739
S31508019CB010B5034B01001868FFF7D1FF10BDC04668
S31508019CC0B0010020002370B5064D040008001100FC
S31508019CD02B60ECF75FFD431C03D12B68002B00D0EA
S31508019CE0236070BDD4C2002010B5ECF74DFD10BD40
S31508019CF0F8B5C046F8BC08BC9E467047F8B5C046DC
S31508019D00F8BC08BC9E46704701B40248844601BCAB
S30D08019D10604700BF6D03002046
S31508019D18636172645F69646C655F6D6F6E69746FA0
S31508019D28725F7461736B0000434F4E444954494F3F
S31508019D384E2031203A206162732877312B773220F9
S31508019D482D2077332B773429203E207831204B6D07
S31508019D5870682C20686173206D65740A000000001C
S31508019D6841786C315370645F4C203A25660A0000C5
S31508019D7841786C315370645F52203A25660A0000AF
S31508019D8841786C325370645F4C203A25660A0000A4
S31508019D9841786C325370645F52203A25660A00008E
S31508019DA8535044203A25640A0000000050454441AE
S31508019DB84C20504F53203A25660A0000496E7465AF
S31508019DC8722D41786C6520446966666572656E63AD
S31508019DD865203A25660A0000434F4E444954494FBF
S31508019DE84E2032203A20286162732877312D77323E
S31508019DF829203E207832204B6D7068292C2068610D
S31508019E0873206D65740A00005731202D2057323AA0
S31508019E182025660A00000000434F4E444954494F1D
S31508019E284E2033203A20286162732877332D7734F8
S31508019E3829203E207833204B6D706829202C20680C
S31508019E486173206D65740A005733202D2057343AFB
S31508019E582025660A00000000434F4E444954494FDD
S31508019E684E20343A202856656869636C6520537014
S31508019E78656564203E203230204B6D7068292C2098
S31508019E88686173206D65742E0A00000042555454A2
S31508019E984F4E20505245535345440A0020203C3C16
S31508019EA83C3C303030303E3E3E3E3E204E4F20430D
S31508019EB84F4E444954494F4E204D4554203C3C3C4D
S31508019EC83C303030303E3E3E3E3E200A20000000FF
S31508019ED853656E7420456E67696E6520746F727175
S31508019EE87565207265737472696374696F6E206328
S31508019EF86F6D6D616E642E0A000000004845524573
S31508019F08202121212121212121212121212121212B
S31508019F18212121212121212121212121212121211A
S31508019F282121212121210A0020203D3D3D3E2049AC
S31508019F3841442072656C61792068617320626565A0
S31508019F486E20456E67616765642E0A0020203D3DCF
S31508019F583D3E204941442072656C617920686173E8
S31508019F68206265656E204469732D456E676167656C
S31508019F78642E0A0020203D3D3D3E20495744207263
S31508019F88656C617920686173206265656E20456E26
S31508019F9867616765642E0A0020203D3D3D3E2049DC
S31508019FA857442072656C617920686173206265651A
S31508019FB86E204469732D456E67616765642E0A00CC
S31508019FC8426D735F726563656976655F6D657373FF
S31508019FD86167655F7461736B00000000426D735FAA
S31508019FE87472616E736D6974745F6D657373616795
S31508019FF8655F7461736B00002530327800000000D4
S3150801A008636172645F69646C655F6D6F6E69746FAD
S3150801A018725F7461736B00004572726F723A2069D8
S3150801A0286E76616C69642073746172742F656E64E7
S3150801A03820627974650000004572726F723A20636E
S3150801A0486865636B73756D206D69736D6174636893
S3150801A05800000000416464726573733A20307830F1
S3150801A068302C205661726961626C653A204941440F
S3150801A0785F73746174652C2056616C75653A202581
S3150801A088640A0000416464726573733A2030783053
S3150801A098312C205661726961626C653A20495744C8
S3150801A0A85F73746174652C2056616C75653A202551
S3150801A0B8640A0000416464726573733A2030783023
S3150801A0C8322C205661726961626C653A2043757251
S3150801A0D85F4941442C2056616C75653A2025640A06
S3150801A0E800000000416464726573733A2030783061
S3150801A0F8332C205661726961626C653A2043757220
S3150801A1085F4957442C2056616C75653A2025640ABF
S3150801A11800000000416464726573733A2030783030
S3150801A128342C205661726961626C653A20537065F0
S3150801A1386564312C2056616C75653A2025640A00D8
S3150801A148416464726573733A20307830352C205629
S3150801A15861726961626C653A205374656572416E0C
S3150801A168676C65312C2056616C75653A2025640A39
S3150801A17800000000416464726573733A20307830D0
S3150801A188362C205661726961626C653A204B6D708E
S3150801A19868312C2056616C75653A2025640A0000D9
S3150801A1A8416464726573733A20307830372C2056C7
S3150801A1B861726961626C653A20456E67546F7231DE
S3150801A1C82C2056616C75653A2025640A0000000042
S3150801A1D8416464726573733A20307830382C205696
S3150801A1E861726961626C653A20506164656C506F89
S3150801A1F873312C2056616C75653A2025640A00006E
S3150801A208416464726573733A20307830392C205664
S3150801A21861726961626C653A20427265616B312CBB
S3150801A2282056616C75653A2025640A004164647292
S3150801A2386573733A20307830412C2056617269610A
S3150801A248626C653A2054696D65546F72312C2056D3
S3150801A258616C75653A2025640A00000041646472D8
S3150801A2686573733A20307830422C205661726961D9
S3150801A278626C653A2054696D6549415744312C2009
S3150801A28856616C75653A2025640A00004164647252
S3150801A2986573733A20307830432C205661726961A8
S3150801A2A8626C653A204B6D7068322C2056616C7564
S3150801A2B8653A2025640A0000416464726573733A35
S3150801A2C820307830442C205661726961626C653A8F
S3150801A2D820456E67546F72322C2056616C75653A43
S3150801A2E82025640A00000000416464726573733AA4
S3150801A2F820307830452C205661726961626C653A5E
S3150801A30820506164656C506F73322C2056616C75E8
S3150801A318653A2025640A0000416464726573733AD4
S3150801A32820307830462C205661726961626C653A2C
S3150801A33820427265616B322C2056616C75653A202C
S3150801A34825640A00416464726573733A203078316A
S3150801A358302C205661726961626C653A2054696DC0
S3150801A36865546F72322C2056616C75653A202564DE
S3150801A3780A000000416464726573733A20307831C3
S3150801A388312C205661726961626C653A2054696D8F
S3150801A3986549415744322C2056616C75653A202522
S3150801A3A8640A0000416464726573733A203078312F
S3150801A3B8322C205661726961626C653A204B6D7060
S3150801A3C868332C2056616C75653A2025640A0000A5
S3150801A3D8416464726573733A20307831332C205698
S3150801A3E861726961626C653A20456E67546F7233AA
S3150801A3F82C2056616C75653A2025640A0000000010
S3150801A408416464726573733A20307831342C205666
S3150801A41861726961626C653A20506164656C506F56
S3150801A42873332C2056616C75653A2025640A000039
S3150801A438416464726573733A20307831352C205635
S3150801A44861726961626C653A20427265616B332C87
S3150801A4582056616C75653A2025640A004164647260
S3150801A4686573733A20307831362C205661726961E2
S3150801A478626C653A2054696D65546F72332C20569F
S3150801A488616C75653A2025640A00000041646472A6
S3150801A4986573733A20307831372C205661726961B1
S3150801A4A8626C653A2054696D6549415744332C20D5
S3150801A4B856616C75653A2025640A00004164647220
S3150801A4C86573733A20307831382C20566172696180
S3150801A4D8626C653A205468726565486F7572466C90
S3150801A4E861672C2056616C75653A2025640A000057
S3150801A4F8416464726573733A20307831392C205671
S3150801A50861726961626C653A2054696D654F664185
S3150801A5186374696F6E2C2056616C75653A202564DB
S3150801A5280A000000416464726573733A2030783111
S3150801A538412C205661726961626C653A20526573CD
S3150801A5487454696D654F6652656C61792C2056613C
S3150801A5586C75653A2025640A000000004164647236
S3150801A5686573733A20307831422C205661726961D5
S3150801A578626C653A2046696C746572436C656172EA
S3150801A58861667465724D696E732C2056616C7565C2
S3150801A5983A2025640A000000416464726573733AB7
S3150801A5A820307831432C205661726961626C653AAC
S3150801A5B820436F6E646974696F6E56616C75654F71
S3150801A5C866486F7572732C2056616C75653A202535
S3150801A5D8640A0000496E76616C6964206164647274
S3150801A5E86573733A203078253032580A000000001E
S3150801A5F8434F4D3A2053656D6170686F7265206ED9
S3150801A6086F7420637265617465640000636F6D5FBA
S3150801A61872785F6672616D655F7461736B000000BD
S3150801A6285B4445565D205B00202564005D000000FB
S3150801A638434F4D3A204572726F72205478204275FD
S3150801A648737900004552524F523A2043616E20549D
S3150801A658785278205175657565206E6F7420637216
S3150801A668656174656400000063616E5F74785F7480
S3150801A67861736B0063616E5F52785F7461736B0017
S3150801A6880D0A000064656661756C745461736B0024
S3150801A69849444C4500000000546D72205376630006
S3150801A6A8546D72510000000053544D3332205669D7
S3150801A6B8727475616C20436F6D506F727400000077
S3150801A6C853544D6963726F656C656374726F6E690D
S3150801A6D86373000043444320436F6E66696700004D
S3150801A6E843444320496E74657266616365000000D8
S3150801A6F85C1D00081A1C0008F81B0008E41B000862
S3150801A708F81B0008FE1C0008F81B0008E41B0008D3
S3150801A7181A1C00081A1C0008FE1C0008E41B00087D
S3150801A728DC1B0008DC1B0008DC1B0008201D0008D0
S3150801A738FA3E0008CC3B0008CA3C0008F03D000870
S3150801A748D03E0008EC3E0008CC4C00080A4D00082B
S3150801A758484D0008864D0008C44D0008024E0008F9
S3150801A768404E00087E4E0008BC4E0008FA4E000806
S3150801A778384F0008764F0008B44F0008E84F00081C
S3150801A788C8500008FC5000083051000864510008F8
S3150801A79898510008CC5100080052000834520008A4
S3150801A7A8685200089C520008D05200080453000851
S3150801A7B8385300086C530008C05300088CA60108D2
S3150801A7C80000000000000000000000000000000072
S3150801A7D8000A000018000000000000000000000040
S3150801A7E80000000000000000000000000000000052
S3150801A7F80000000000000000000000000000000042
S3150801A8080100000002000000030000000400000027
S3150801A8180600000007000000080000000900000003
S3150801A8280000000000000000000000000000000011
S3150801A83801000000020000000300000004000000F7
S3150801A8480001020304050607080C101418203040F5
S3150801A858010002000400060008000A000C001000A6
S3150801A86820004000800000010101010307010000E2
S3150801A87808040204080101016C100108881001087E
S3150801A888961001087A100108961001083A1001086D
S3150801A8982C100108961001085E10010848100108D5
S3150801A8A8101901086616010882160108CA16010850
S3150801A8B8101901081019010894180108CE18010879
S3150801A8C810190108101901081019010810190108A9
S3150801A8D8101901081019010810190108221601088A
S3150801A8E8E01601082417010868170108AC170108BA
S3150801A8F8F017010834180108D23E0108D23E0108AA
S3150801A908D23E0108403F0108543F0108923F010819
S3150801A918D23E0108D23E0108403F0108543F0108CA
S3150801A928CC470108CC470108CC470108CC470108A0
S3150801A938CC470108CC470108CC470108CC47010890
S3150801A948CC470108CC470108CC470108CC47010880
S3150801A958CC470108CC470108CC470108CC47010870
S3150801A968CC470108CC470108CC470108CC47010860
S3150801A978CC470108CC470108CC470108CC47010850
S3150801A988CC470108CC470108CC470108CC47010840
S3150801A998CC470108CC470108CC470108CC47010830
S3150801A9A8CC470108CC470108CC470108CC47010820
S3150801A9B8494E4600696E66004E414E006E616E004C
S3150801A9C83000303132333435363738394142434429
S3150801A9D845460030313233343536373839616263A2
S3150801A9E86465660065256C6400496E66696E6974F6
S3150801A9F879004E614E005245454E54206D616C6C86
S3150801AA086F6320737563636565646564002F627592
S3150801AA18696C642F676E752D746F6F6C732D666F0D
S3150801AA28722D73746D33325F31332E332E72656C22
S3150801AA38312E32303234303932362D313731352FDD
S3150801AA487372632F6E65776C69622F6E65776C69A9
S3150801AA58622F6C6962632F7374646C69622F6474FC
S3150801AA686F612E630042616C6C6F63207375636353
S3150801AA786565646564002F6275696C642F676E7510
S3150801AA882D746F6F6C732D666F722D73746D3332F7
S3150801AA985F31332E332E72656C312E3230323430B3
S3150801AAA83932362D313731352F7372632F6E657703
S3150801AAB86C69622F6E65776C69622F6C6962632FA0
S3150801AAC87374646C69622F6D707265632E63002EE8
S3150801AAD800232D302B2000686C4C006566674546B7
S3150801AAE847004300504F534958002C2066756E633A
S3150801AAF874696F6E3A2000617373657274696F6E53
S3150801AB082022257322206661696C65643A20666984
S3150801AB186C6520222573222C206C696E65202564B4
S3150801AB28257325730A002F6275696C642F676E751C
S3150801AB382D746F6F6C732D666F722D73746D333246
S3150801AB485F31332E332E72656C312E323032343002
S3150801AB583932362D313731352F7372632F6E657752
S3150801AB686C69622F6E65776C69622F6C6962632FEF
S3150801AB787374646C69622F6764746F612D67657491
S3150801AB886865782E630000000500000019000000BA
S3150801AB987D000000000000000080E03779C34143CA
S3150801ABA8176E05B5B5B89346F5F93FE9034F384D1C
S3150801ABB8321D30F94877825A3CBF737FDD4F1575C8
S3150801ABC8000000000000F03F0000000000002440DB
S3150801ABD800000000000059400000000000408F40B6
S3150801ABE8000000000088C34000000000006AF84021
S3150801ABF80000000080842E4100000000D012634145
S3150801AC080000000084D797410000000065CDCD41BA
S3150801AC18000000205FA00242000000E8764837429B
S3150801AC28000000A2941A6D42000040E59C30A24239
S3150801AC380000901EC4BCD64200003426F56B0C43AE
S3150801AC480080E03779C3414300A0D8855734764355
S3150801AC5800C84E676DC1AB43003D9160E458E143B6
S3150801AC68408CB5781DAF154450EFE2D6E41A4B442B
S3150801AC7892D54D06CFF08044F64AE1C7022DB54470
S3150801AC88B49DD9794378EA4434000000CEFBFFFF26
S3150801AC98CB03000001000000000000003500000099
S3150801ACA8CEFBFFFFCB0300000100000000000000F7
S3150801ACB8BC89D897B2D29C3C33A7A8D523F649397B
S3150801ACC83DA7F444FD0FA5329D978CCF08BA5B259D
S3150801ACD8436FAC6428066811002020202020202014
S3150801ACE82020282828282820202020202020202025
S3150801ACF82020202020202020208810101010101035
S3150801AD081010101010101010100404040404040480
S3150801AD18040404101010101010104141414141411A
S3150801AD2801010101010101010101010101010101FC
S3150801AD38010101011010101010104242424242420C
S3150801AD4802020202020202020202020202020202CC
S3150801AD580202020210101010200000000000000074
S3150801AD6800000000000000000000000000000000CC
S3150801AD7800000000000000000000000000000000BC
S3150801AD8800000000000000000000000000000000AC
S3150801AD98000000000000000000000000000000009C
S3150801ADA8000000000000000000000000000000008C
S3150801ADB8000000000000000000000000000000007C
S3150801ADC8000000000000000000000000000000006C
S3110801ADD800000000000000000000000060
S30D0801ADE43859FE7F0100000049
S3090801ADECE900000863
S3090801ADF0C100000887
S3150801ADF4010000000000000001000000000000003E
S3150801AE04010000000000000004000000000000002A
S3150801AE145A000000000000000300000000000000C2
S3150801AE2428000000000000000A00000000000000DD
S3150801AE3403000000000000000500000000000000F7
S3150801AE4403000000000000002800000000000000C4
S3150801AE540A000000000000000300000000000000D2
S3150801AE6405000000000000000300000000000000C7
S3150801AE7428000000000000000A000000000000008D
S3150801AE8403000000000000000500000000000000A7
S3150801AE940024F40004000000010000000A06000270
S3150801AEA4000000400100000019FC000839FE0008F2
S3150801AEB459FF000800000000ED02010849010108D4
S3150801AEC467020108000000000000000000000000FD
S3150801AED405040108750301089504010825050108F7
S3150801AEE4090243000201008032090400000102023A
S3150801AEF401000524001001052401000104240202AD
S3150801AF040524060001070582030800100904010047
S3150801AF14020A000000070501024000000705810234
S3150801AF244000008101820000AAAAAAAA6947010869
S3150801AF3499470108A5470108DD4701089D48010805
S3150801AF443549010859490108C14901087D490108DA
S3150801AF54ED490108154A0108594A0108000000008B
S3150801AF641201000202020040830440570002010252
S3150801AF7403010000040309041A0300000000000089
S3150801AF8400000000000000000000000000000000AE
S3150801AF9400000000000000000300000098C1002022
S3150801AFA4B40100200000000098C1002000C200205E
S3150801AFB468C2002000000000000000000000000034
S3150801AFC4000000000000000000000000000000006E
S3150801AFD4000000000000000000000000000000005E
S3150801AFE4000000000000000000000000000000004E
S3150801AFF443000000000000000000000000000000FB
S3150801B004000000000000000000000000000000002D
S3150801B01443000000000000000000000000000000DA
S3150801B024000000000000000000000000000000000D
S3150801B03443000000000000000000000000000000BA
S3150801B04400000000000000000000000000000000ED
S3150801B054430000000000000000000000000000009A
S3150801B06400000000000000000000000000000000CD
S3150801B074430000000000000000000000000000007A
S3150801B08400000000000000000000000000000000AD
S3150801B094430000000000000000000000000000005A
S3150801B0A4000000000000000000000000000000008D
S3150801B0B4430000000000000000000000000000003A
S3150801B0C4000000000000000000000000000000006D
S3150801B0D4E59A0108619A010800000000E0AC01083C
S3150801B0E4D7AA01082DAB01082DAB01082DAB010820
S3150801B0F42DAB01082DAB01082DAB01082DAB0108B9
S3150801B1042DAB01082DAB0108FFFFFFFFFFFFFFFF72
S3150801B114FFFFFFFFFFFF00000100415343494900B8
S3150801B124000000000000000000000000000000000C
S3150801B1340000000000000000000041534349490093
S3150801B14400000000000000000000000000000000EC
S3150801B15400000000000000000000000080B588B06F
S3150801B16400AF786039601F23FB1800221A707B68C8
S3150801B174BB613B687B611A4B5A69194B8021C90229
S3150801B1840A435A61EFF31083FB60FB683B6172B6AD
S3150801B194C0460FE07A69BB6912681A607B69043391
S3150801B1A47B61BB690433BB611F217B181A787B1841
S3150801B1B401321A701F23FB181B783F2BEAD9C046A4
S3150801B1C4074B1A69C0239B021340F9D13B69BB603B
S3150801B1D4BB6883F31088C046C046BD4608B080BD27
S3090801B1E400200240F6
S7050800691178
