:020000040800F2
:100000000040022011690008DD660008E56600086E
:1000100000000000000000000000000000000000E0
:10002000000000000000000000000000B1410108D5
:100030000000000000000000D1420108F520010886
:100040006169000861690008616900086169000868
:100050006169000861690008616900086169000858
:10006000ED660008616900086169000861690008BF
:100070006169000861690008616900086169000838
:100080006169000861690008616900080567000886
:10009000616900081D6700084D6700086169000874
:1000A0006169000861690008616900086169000808
:0C00B000716700086169000861690008C0
:1000C00010B5064C2378002B07D1054B002B02D02E
:1000D000044800E000BF0123237010BDF803002096
:1000E00000000000F09C0108044B10B5002B03D069
:1000F0000349044800E000BF10BDC04600000000F6
:10010000FC030020F09C01080023C25C0133002A9C
:10011000FBD1581E7047000002B4714649084900DF
:10012000095C49008E4402BC7047C04603B4714666
:10013000490840004900095E49008E4403BC7047ED
:10014000002243088B4274D303098B425FD3030A16
:100150008B4244D3030B8B4228D3030C8B420DD329
:10016000FF22090212BA030C8B4202D312120902B7
:1001700065D0030B8B4219D300E0090AC30B8B42F5
:1001800001D3CB03C01A5241830B8B4201D38B03A3
:10019000C01A5241430B8B4201D34B03C01A524148
:1001A000030B8B4201D30B03C01A5241C30A8B428B
:1001B00001D3CB02C01A5241830A8B4201D38B0276
:1001C000C01A5241430A8B4201D34B02C01A52411A
:1001D000030A8B4201D30B02C01A5241CDD2C3098C
:1001E0008B4201D3CB01C01A524183098B4201D308
:1001F0008B01C01A524143098B4201D34B01C01AF3
:10020000524103098B4201D30B01C01A5241C3086A
:100210008B4201D3CB00C01A524183088B4201D3D9
:100220008B00C01A524143088B4201D34B00C01AC5
:100230005241411A00D20146524110467047FFE731
:1002400001B5002000F0F0F802BDC0460029F7D04B
:1002500076E7704703460B437FD4002243088B4266
:1002600074D303098B425FD3030A8B4244D3030B3D
:100270008B4228D3030C8B420DD3FF22090212BA02
:10028000030C8B4202D31212090265D0030B8B427E
:1002900019D300E0090AC30B8B4201D3CB03C01A68
:1002A0005241830B8B4201D38B03C01A5241430B43
:1002B0008B4201D34B03C01A5241030B8B4201D333
:1002C0000B03C01A5241C30A8B4201D3CB02C01A9E
:1002D0005241830A8B4201D38B02C01A5241430A16
:1002E0008B4201D34B02C01A5241030A8B4201D305
:1002F0000B02C01A5241CDD2C3098B4201D3CB01AC
:10030000C01A524183098B4201D38B01C01A52415A
:1003100043098B4201D34B01C01A524103098B425E
:1003200001D30B01C01A5241C3088B4201D3CB0049
:10033000C01A524183088B4201D38B00C01A52412C
:1003400043088B4201D34B00C01A5241411A00D2DC
:1003500001465241104670475DE0CA0F00D0494245
:10036000031000D34042534000229C4603098B42B5
:100370002DD3030A8B4212D3FC22890112BA030A3D
:100380008B420CD3890192118B4208D389019211BF
:100390008B4204D389013AD0921100E08909C30944
:1003A0008B4201D3CB01C01A524183098B4201D346
:1003B0008B01C01A524143098B4201D34B01C01A31
:1003C000524103098B4201D30B01C01A5241C308A9
:1003D0008B4201D3CB00C01A524183088B4201D318
:1003E0008B00C01A5241D9D243088B4201D34B0033
:1003F000C01A5241411A00D20146634652415B1075
:10040000104601D34042002B00D549427047634655
:100410005B1000D3404201B5002000F005F802BD9A
:100420000029F8D016E770477047C0468446100090
:1004300062468C461900634600E0C0461FB501F0D5
:100440003FFF002801D40021C8421FBD10B501F0B4
:1004500083FE4042013010BD10B501F031FF00288D
:1004600001DB002010BD012010BDC04610B501F019
:1004700027FF002801DD002010BD012010BDC0466F
:1004800010B501F0ADFE002801DC002010BD0120F8
:1004900010BDC04610B501F0A3FE002801DA00200F
:1004A00010BD012010BDC046844608006146FFE72C
:1004B0001FB500F061FC002801D40021C8421FBD17
:1004C00010B500F0E9FB4042013010BD10B500F05E
:1004D00053FC002801DB002010BD012010BDC046E8
:1004E00010B500F049FC002801DD002010BD0120FE
:1004F00010BDC04610B500F0F7FB002801DC00205D
:1005000010BD012010BDC04610B500F0EDFB002865
:1005100001DA002010BD012010BDC046002B11D112
:10052000002A0FD1002900D1002802D00021C943A0
:10053000080007B4024802A14018029003BDC0465B
:10054000E9FEFFFF03B4684601B5029800F0E6F843
:10055000019B9E4602B00CBC7047C0469E2110B560
:10056000C905041CFFF7D0FF002803D1201C00F0B0
:10057000AFFE10BD9E21201CC90500F045FC00F017
:10058000A7FE80231B069C466044F2E770B500225C
:100590000C4B04000D00FFF77DFF002804D1200064
:1005A000290002F00DFE70BD064B0022200029003C
:1005B00002F0DAF902F004FE80231B069C46604438
:1005C000F1E7C0460000E04170B5002200230400BE
:1005D0000D00FFF741FF002808D12000290000F09E
:1005E0002FF802000B001000190070BD80231B06BD
:1005F000E918200000F024F8002342428B41F2E782
:1006000070B502F06BFE00220B4B0D00040001F0F0
:10061000C5FEFFF7BBFF060002F03CFE0022074BC1
:1006200001F0BCFE02000B002000290002F09CF942
:10063000FFF7ACFF310070BD0000F03D0000F0415D
:1006400070B500220B4B0D00040001F0A7FEFFF770
:100650009DFF060002F01EFE0022074B01F09EFEE9
:1006600002000B002000290002F07EF9FFF78EFF48
:10067000310070BD0000F03D0000F04170B5060093
:10068000080002F0D9FD0022064B01F087FE0D00A4
:100690000400300002F0FEFD2B00220000F07EFE80
:1006A00070BDC0460000F0418023D0B59B0304001C
:1006B0000800994201D3630511D102F0EBFD00223D
:1006C0000A4B01F06BFE06000F00200002F0E2FD75
:1006D00032003B0000F062FE02F048FED0BDE30AAB
:1006E0008024DB0224011C43E7E7C0460000F04100
:1006F00070B50600080002F0CDFD0022064B01F0A7
:100700004DFE0D000400300002F0C4FD2B0022005D
:1007100000F044FE70BDC0460000F041F0B5574601
:100720004E464546DE46E0B504000D009246994629
:1007300083B08B4230D82DD04946504602F0B6FEE9
:1007400029000600200002F0B1FE331A9846203B33
:1007500034D49B4653465A46934042461F00534664
:1007600093401E00AF423BD8AF4200D179E05B46D8
:10077000A41BBD41002B00DA76E00022002300928A
:10078000019301235A46934001930123424693402B
:10079000009329E08242CFD90022002300920193E6
:1007A0000C9B002B01D01C605D600098019903B088
:1007B000F0BCBB46B246A946A046F0BD42469B46A9
:1007C00020239B1A5246DA40414613004A468A408B
:1007D000170042461F43534693401E00AF42C3D901
:1007E00000220023009201934346002BD8D0FB0740
:1007F00072081A4346467B080EE0AB4201D1A24282
:100800000CD8A41A9D41012024196D410021013EFC
:1008100024184D41002E06D0AB42EED9013E2419DA
:100820006D41002EF8D1009801995B46001969418D
:10083000002B24DB2B005A464446D3402A00E240DA
:100840001C005B461500002B2ADB26009E4033006F
:1008500026004746BE403200801A9941009001911F
:100860009EE7A342BCD882E74246202300219B1A80
:100870000022009101920122DA40019285E742466E
:1008800020239B1A2A0046469A402300F340444600
:1008900013432A00E2401C005B461500002BD4DA0B
:1008A00042462F002023260097409B1ADE403B0043
:1008B0003343CDE7F8B54B025A0A94464A00C90FB4
:1008C000CE4647468946450046022D0E120E80B59B
:1008D0009909770AC40FB609AB1A4C4520D0002BF2
:1008E0000CDD002A34D100292AD05A1E012B00D158
:1008F0008FE0FF2B00D1CDE013002FE0002B60D064
:10090000531B002D00D0EEE0002E00D13EE15C1E16
:10091000012B00D16BE1FF2B00D1B9E02300E7E010
:10092000002B00DCA4E0002A69D0FF2D00D1B1E04B
:100930008022D20411431B2B00DCE9E02B0005369A
:10094000F708FF2B00D1A5E07A02520AD8B230E0B6
:10095000FF2D00D19EE08022D204114301201B2BE9
:1009600008DC08002022D840D31A99400B005A1EF8
:1009700093411843361A730100D471E0B601B709E8
:10098000380002F075FD3B000538834085424DDD9F
:10099000B44E2D1A1E405A0768D00F221340042B64
:1009A00064D00436730161D5681CFE2D54D1FF203C
:1009B0000022C0051043E4072043C0BCB946B0463E
:1009C000F8BDFE229046681C0200404610426BD1E2
:1009D000002D00D0DDE0002E00D102E10029B3D0CF
:1009E0008022771AD204174200D136E14C468E1B82
:1009F00061D00120164230D10023F708A4E7002976
:100A00009ED05A1E012B00D1CAE0FF2B42D013000A
:100A100091E7711A4B0100D4D1E08F01BF09380072
:100A200002F026FD3B000538834001252022401BB3
:100A30000130121A1E009340C6405A1E93411E43B5
:100A400039D0730700D11BE10F2300253340042B5D
:100A5000A7D1012072017CD5C0B2B201520AA8E729
:100A6000730703D00F233340042B9AD12B0067E781
:100A7000002B23D0531B002D7BD1002E00D186E00C
:100A80005D1E012B00D18BE0FF2B02D02B0075E007
:100A90004C466746002F00D189E78022D2033A43B3
:100AA0005202FF20520A84E7771A7B016BD4002F91
:100AB00000D065E70024002000227AE7FE226B1CAC
:100AC0001A4249D1002D00D09FE0002E00D1BAE09B
:100AD000002900D1CFE07218530100D4CDE092017B
:100AE0000120520A65E7FF2AD2D08020C0040643C5
:100AF00001201B2B08DC30002024D840E31A9E4044
:100B000033005C1EA34118434C4615000E1A32E711
:100B100008002022D840D31A99400B005A1E934156
:100B20000343F61873019BD50135FF2D00D13EE735
:100B300001234D49720833400A401A4316005307F7
:100B400004D00F231340042B00D02AE7730100D5F3
:100B50002AE72B00F708F7E6FF2B00D127E77118EB
:100B600049084A072FD00F220A40042A2BD00E1D15
:100B7000E6E6FF2A8DD08020C00406431B2B24DD2F
:100B800013004E1DDCE64C468F1BF9E64C460E006A
:100B9000D6E6002E49D1002968D067464C467CE74E
:100BA0007018430174D5304940080140430709D00B
:100BB0000F230340042B05D002230E1DC0E60123A2
:100BC000CF08C1E60223CF08BEE620253000D8407A
:100BD000EB1A9E4033005D1EAB41034315005E18C7
:100BE000A0E7002900D165E74C466746ACE68F1BBD
:100BF0007B012ED5BF01BF09380002F039FC3B0054
:100C0000053883404C46013510E7002E00D140E7FF
:100C1000002900D141E78023DB039F4200D23CE75B
:100C20009C4500D339E7674637E7002900D134E710
:100C30008023DB039F4200D22FE79C4500D32CE7A3
:100C40004C46674629E7002900D134E70023CF0846
:100C50007AE64C460123FF0876E6002F00D129E70B
:100C6000FF0871E6FFFFFFFBFFFFFF7D80220024EE
:100C7000FF20D2039DE6002366E60023D70863E643
:100C80000120720100D5E7E631000023CF085BE6C2
:100C90000123C70858E6C04670B542004E024C001A
:100CA00045026D0A120EC30F760A240EC90FFF2AE1
:100CB00010D0FF2C0CD00120A2420AD1B54208D19D
:100CC0008B420FD0002A04D12800431E984100E037
:100CD000012070BD0120FF2CFBD13543F9D14B40E1
:100CE0001800F6E70020F4E730B5420044024D0258
:100CF000C30F4800640A120E6D0A000EC90FFF2AC6
:100D000018D0FF280AD0002A1ED100280AD1002DB1
:100D100029D0002C2DD14800013830BD002D25D11F
:100D2000002A01D1002CF6D08B4219D001205B4261
:100D30001843F2E7002C19D1FF28F7D1002D15D167
:100D400000208B42F2D1E8E70028EFD08B42EDD1B2
:100D50008242EBDC04DBAC42E8D80020AC42DCD2BF
:100D600058000138D9E7002CD7D0DFE702204042F5
:100D7000D3E78B42DAD1EEE730B5420044024D02B0
:100D8000C30F4800640A120E6D0A000EC90FFF2A35
:100D900017D0FF280AD0002A1BD100280AD1002D25
:100DA0001DD0002C2DD14800013811E0002D0ED1AE
:100DB000002A01D1002CF6D08B420CD1580001380A
:100DC00006E0002C03D1FF2805D1002D15D002200C
:100DD00030BD002806D101205B421843F8E7002C03
:100DE000F6D0F8E78B42F6D18242F4DCE6DBAC4287
:100DF000F1D80020AC42EBD2E0E700208B42EAD1F0
:100E0000E6E78B42E7D1F2E7F8B54746CE46430224
:100E100080B55F0A9B0945004A009C464B02C40FFF
:100E2000CE0F2D0E580A120E9909FF2A6BD00123FE
:100E30005E40AB1AB4424BD0002B00DCFFE0002A2E
:100E400000D188E0FF2D00D1EFE08022D2041143D1
:100E500001201B2B08DC08002022D840D31A99401F
:100E60000B005A1E9341184363461B1A9C46634667
:100E70005B0100D4CDE063469F01BF09380002F05A
:100E8000F7FA3B0005388340854200DCA2E0B74A10
:100E90002D1A1A4094465A0700D1C3E00F2213407E
:100EA000042B00D1BEE004239846C44463465B0192
:100EB00000D4B7E0681CFE2D00D0A5E0FF20002282
:100EC000C0051043E4072043C0BCB946B046F8BD96
:100ED000002B00DCEBE1002A46D0FF2D00D1A4E07E
:100EE0008022D20411431B2B00DCFBE00523984633
:100EF0002B00C4446246D708FF2B00D195E07A024C
:100F0000520AD8B2DCE72B00FF3B9946002918D1E2
:100F100001235E40B44200D1CAE04B46002B2DD0E5
:100F2000002D00D03CE1FF236446002C00D15FE19E
:100F30005D1E012B00D174E13400FF2B74D02B0017
:100F400003E1B44200D19CE0002B17D0002DEAD081
:100F5000070034006CE00029CCD05A1E012B2BD0A6
:100F6000FF2B62D0130073E70029C3D05A1E012B58
:100F700000D11EE1FF2B58D01300B4E7FE226B1CFA
:100F80001A420DD1002D60D06346002B00D020E125
:100F9000002900D028E180220024FF20D2038FE71F
:100FA00063465F1A7B0100D5FEE0002F00D065E7A5
:100FB00000240020002283E76346591A4B0100D425
:100FC00019E18F01BF09380002F052FA3B000538E1
:100FD000834001252022401B0130121A1900934042
:100FE000C1405A1E934119438C460B1EE1D05B074A
:100FF00000D152E10F2300250B40042B00D052E713
:1010000001204A0100D492E0C0B263469A01520A1C
:1010100056E763465B0705D00F2362461340042B57
:1010200000D040E72B0065E70700002F00D145E71F
:101030008022D2033A435202FF20520A40E7002B9B
:1010400079D1FE226B1C1A42AAD16346002B00D133
:10105000F5E0002900D1D1E05F1A8023DB041F42B4
:1010600000D10EE1624601248A1A944600203440E1
:10107000002A00D124E701201A42C6D10023D70854
:101080003DE7002B17D0002D00D0AFE0FF236546D1
:10109000002D00D1ADE05E1E012B00D189E0FF2BB9
:1010A000C2D01B2E00DCABE04B1D9C46130021E799
:1010B0004B46002B70D1FE226B1C1A425ED1002DD4
:1010C00000D0C3E06346002B00D1D0E0002900D15E
:1010D00094E00A006244530100D4D8E09201012058
:1010E000520AEDE608002022D840D31A99400B009E
:1010F0005A1E934103439C4463465B0189D50135E5
:10110000FF2D00D1DAE66246012319491340520847
:101110000A401A43130094465B0704D00F23134080
:10112000042B00D0BFE663465B0100D5C2E66346F0
:10113000DF082B00E3E6531B002D00D1F4E68020EE
:101140006446C0040443A446340001201B2B09DC80
:1011500020256046D840EB1A65469D402B005D1E59
:10116000AB4118430B1A9C46150080E6FFFFFFFBBE
:10117000FFFFFF7DFE226B1C1342A3D0FF2B00D18B
:101180009CE6614449084A0749D00F220A40042AD4
:1011900045D00A1D9446ADE6002D00D176E78DE6D8
:1011A0003400FF2000228BE663460124CF1A34402E
:1011B00064E661444B016DD548084449014043074A
:1011C0002CD00F230340042B28D00B1D9C46022358
:1011D00090E6002900D12BE78023DB039F4200D259
:1011E00026E7984200D323E70124344007001FE795
:1011F00034008C467EE60123CF0880E600237EE69D
:1012000020206546801B854063462800F340451E2C
:10121000A84103439C4615008C446DE70223CF0888
:101220006DE60F1B7B0128D5BF01BF09380002F016
:101230001FF93B000538834034000125CAE6002928
:1012400000D1B5E601240700344058E66346002B80
:1012500000D1E9E6002900D1EAE68023DB039F42C2
:1012600000D2E5E6984200D3E2E60700E0E6002976
:1012700000D19EE60023CF0841E634000123FF0899
:101280003DE6002F00D193E60023FF0837E6002358
:10129000D70834E60123CF0831E680220B00D204C0
:1012A00001201340114200D0AEE6CF0827E6002B04
:1012B00000D15FE7561B002D01D13300E7E6802304
:1012C0006046DB0418438446EBE6C046FFFFFF7D23
:1012D00041024200C30F490A0020120E7E2A03DD9C
:1012E0009D2A02DD094A98187047802000040143B6
:1012F000952A07DC9620821AD1404842002BF3D170
:101300000800F1E7963A9140F7E7C046FFFFFF7FFC
:1013100010B5041E0DD002F0ABF89E231B1A962BBD
:101320000CDC082834D0083884406402640AD8B23F
:1013300001E000200024C005204310BD992B13DCE0
:10134000421F9440144A224061071CD00F212140C3
:10135000042918D00432D408520115D59F23640201
:10136000181A640AC0B2E6E7020021001B3291405D
:101370000A00511E8A410521091ACC401443064A2D
:1013800022406107E2D1D4086402640AD8B2D2E7ED
:101390006402640A8E30CEE7FFFFFFFBF0B54F46D4
:1013A0004646D646C0B582B0009001910E034C006F
:1013B000CD0F710A009E5F00760F0E4300990092D8
:1013C0000193C900894619037B0D9846019B490A80
:1013D000DB0F9C46009B009A5B0F0B434146640D5C
:1013E000D200611A654500D1A6E0002972DD4746AA
:1013F000002F00D1DDE0CC4FBC4200D19AE10127A3
:10140000382917DC80273F043B431F2900DDDDE13D
:101410002027781A1F008740BA461700CF4084461D
:1014200038005746074360468240CB40501E8241F9
:10143000F61A17434B46DF1BB94580414042361A26
:10144000330200D4FFE07602760A002E00D13CE1A0
:10145000300002F00DF80300083B20213800CA1AC2
:10146000D0409E4002009F4032439C4200DDA6E1F6
:10147000181B0130091A3E008F40C6407B1E9F4159
:1014800013008B4037431F43C2403B00160000242B
:10149000134300D1DFE17B0700D132E30F233A0091
:1014A0003B40042B04D03A1DBA42BF417F42F6199B
:1014B000330200D423E39C4B01349C4200D1B4E0BE
:1014C0009A4B64051E40640D7707D20876021743D5
:1014D000360BACE0002900D17EE04146091B002C10
:1014E00000D060E134004846044300D1C9E14C1EFD
:1014F000012900D12EE28C4DA94200D124E201271E
:10150000382C11DC21001F2900DD0BE220243700DC
:101510004846641AA740C84007434846A040CE400A
:10152000441EA0419B1B0743D71BBA429241524223
:10153000654644469E1A83E7002900DC9CE0474646
:10154000002F67D11F00174300D1E4E0481E012996
:1015500000D19BE1744FB94200D1EBE001270100BB
:10156000382811DC1F2900DDC7E12027781A1F0069
:10157000844687401000C840074360468240CB4005
:10158000501E8241F61817434F444F458041404258
:101590003618330257D5644B01349C4245D00121A3
:1015A000624B7A081E4039400A43F7071743760812
:1015B00071E71F00174300D1ADE04F1EBC46012963
:1015C00000D182E1584FB94200D190E16146012734
:1015D000382900DD2EE718E7554F611C394200D04D
:1015E000D0E0310048461F0001431743002C00D0D3
:1015F0003DE1002900D1BCE1002F00D0BFE14B4606
:101600000021D80877070743F00806034C05360B7E
:10161000640D0CE0444FBC4200D18BE00127382917
:10162000B2DC80273F043B439CE7002600272405CB
:101630003443ED072C433800210002B0E0BCBA4629
:10164000B146A846F0BD7B0704D00F233B40042BD6
:1016500000D028E7F808344B77070743F0089C428E
:1016600000D04AE23B00034359D0802636030643AC
:1016700036032D4C360BDAE7002961D04146091BB1
:10168000002C00D1B9E0284CA04500D1A5E10127EC
:10169000382913DC8024240426431F2900DDC8E1F7
:1016A000202437004846641AA740C84007434846EC
:1016B000A040CE40441EA0419B190743BF1897424B
:1016C000924152424446D61863E7380001F0D0FEFA
:1016D000030018331F2B00DCBFE63A0008388240B5
:1016E0009C4200DD83E01B1B581C1F2800DCB4E17A
:1016F00017001F3BDF40202805D040231B1A9A40CB
:10170000531E9A4117430024002F0AD07B0700D0B4
:10171000C4E626009EE74B460C00D8089BE700274E
:10172000014C002683E7C046FF070000FFFF7FFF54
:10173000FE0700004B467707D8080743F00891E7FB
:10174000CD4F611C39426BD1310048460143002C1A
:1017500000D04BE11F001743002900D181E1002F89
:1017600000D14CE74A444A458041F61840423618B9
:10177000330200D5B0E117009146374300D03EE771
:10178000002654E74946891A8846C145BF41F11AE7
:101790007F42C91B0F0261D447460F4300D1BDE011
:1017A0000E00474651E6B54CA04500D100E10127A7
:1017B000382900DDB8E6802424042643A3E6B04E91
:1017C000E41A16407B0700D03FE743E70F001800FC
:1017D000203FF8408446202903D04027791A8B40C7
:1017E0001A43531E9A41634617001F4322E6A4483A
:1017F000E11A10404707C00807E734004846044391
:1018000000D1FAE04C1E012900D1D7E09B4FB9422C
:1018100000D1E2E00127382C00DD4FE721003CE752
:10182000964CA14200D1DDE04A444A458041F3187C
:1018300040421818C707520817434608520705D0F8
:101840000F220C003A40042A00D02CE67607FF084D
:1018500037430009D9E600270026E8E64946571A2B
:10186000BA4292419E1B52426546B61AEDE50029E6
:1018700000D0C6E0002F67D1802600257F4C3603BC
:10188000D5E665460C001E00D008E4E64A444A4509
:101890008041F318404218181100030200D496E06A
:1018A000774B49081840C3070B434408490700D148
:1018B00029E10F221A40042A00D1EAE01F1D9F42AD
:1018C000B641764236190224C4E649468F1AB94514
:1018D0008041F61A4042361A330206D47307FF08D5
:1018E00001211F43F00890E665460124ABE54B4615
:1018F0007707D8080743F008B4E60F001800203F28
:10190000F8408446202903D04027791A8B401A4397
:10191000531E9A41634617001F4335E600250024F5
:10192000002684E60C003500203CE540202905D047
:101930004024611A8E404946314389464846411E3B
:10194000884107002F43EFE5D2085F07654617433C
:10195000D80887E6171ABA4292419E1B5242B61A1D
:101960003302C1D47307FF08654601211F43F00805
:101970004BE6002F7BD065461E0091463FE6811A5C
:101980008846C145A441F11A6442091B80242404FD
:10199000214277D0101A8242924107009E1B524288
:1019A000B61A374300D0A0E06546002400263EE684
:1019B0005F07D20865461743D80853E6811891425D
:1019C0009241F01852428018030200D568E7470799
:1019D000C9080F43C008012117E6D2085F07174363
:1019E000D8083FE60C000026002720E6002956D143
:1019F0005F07D2081743D80834E60C001E00D00851
:101A000029E6C10870070143F008002F62D0802446
:101A10002403204207D0DE08264204D16546300068
:101A2000D1085B0719434F0FC900C9087F070F434F
:101A300018E60C003000203CE0408446202905D008
:101A40004024611A8E404946314389464846411E2A
:101A50008841614607000F4330E620210027091A1C
:101A60000EE51E00002F00D022E5002458E70025D7
:101A700000240026DBE5C046FE070000FF0700004B
:101A8000FFFF7FFF47460F4300D147E70E00C146E7
:101A9000B5E5DF086407022127430009B5E5190011
:101AA000C008770707431143F008002900D1D9E5A2
:101AB00080210903084207D0DC080C4204D1D20877
:101AC0005B071A43170020007B0FFF00FF085B072E
:101AD0001F43C7E50F00C5E5124BD20833405F072F
:101AE0005B02012417431E0BA1E5264212D00D4BC9
:101AF0006546020001241E40E6E4210085E517004A
:101B0000A8E53A00D4E4DB0864071C43270002215F
:101B100000097AE5C0087707074365460021F00809
:101B200073E5C046FFFF7FFFF0B5DE4645465746EA
:101B30004E46E0B587B0009201930B031B0B9B460A
:101B4000CA0F4B00040080465B0D029200D198E062
:101B50007C4A934237D05946420FC9000A4380213C
:101B600009041143C2009046774A894692469A4436
:101B7000002300240393009E019F3B031B0B9B4605
:101B80007B0030005B0DFD0F002B59D06D4A934256
:101B900048D05946720FC9000A43802109041143F5
:101BA0008B466949F2008C4651466344CB1A9A46EB
:101BB0000021029E6E40F6B20F2C00D9CEE0634B9E
:101BC000A4001B599F465A460243914600D090E01C
:101BD0009A460223904608240393CCE7CB4642461C
:101BE000029D0399022900D1DEE1032900D18DE095
:101BF000012900D079E12E00002200230024904624
:101C00001B052343F60733434046190007B0F0BCD9
:101C1000BB46B246A946A046F0BD0022002490462D
:101C2000484BEDE75A46009B1A43494B9C46E24419
:101C3000002A59D102231C43002302219B46B8E706
:101C40005A46009B1A4349D05B46002B00D19CE1C9
:101C5000584601F00DFC020003000B3A1D27009EC0
:101C6000BA1A19005846D640083988403200024353
:101C70009346009A8A40374953448A4600219A4441
:101C800097E75B460343994621D05B46002B00D182
:101C900069E1584601F0ECFB0B235B429C460200D5
:101CA000844466461D239B1B260011005846DE40D7
:101CB0000839884033000343994623008B409846F7
:101CC000254B00249B1A9A460023039353E70023D5
:101CD00098469A460133042403934CE701231C439E
:101CE000002301219B4664E70323320003211C43A8
:101CF0005FE79A460323D9460C2403933BE700236E
:101D00008024984600260F4B240379E780245B4605
:101D100024031C4324032E0090460A4B240B6FE738
:101D200080244B462403234202D05B462342F0D05A
:101D300080244B4624031C432403029E014B240BA6
:101D40005EE7C046FF07000001FCFFFFF8A60108A0
:101D500001F8FFFFF30300000DFCFFFFCB4500D2AD
:101D6000F8E000D1F3E001235B429C46444648463C
:101D70000025E2445B46170E1B021F43190C3B046F
:101D8000120200971F0C914602910397FEF75EFA2C
:101D900002007A430B04210C804619438A4209D978
:101DA000009F0123BC465B4261449C46E0448F4255
:101DB00000D85CE1881A0299FEF748FA039A2404D5
:101DC00042430904240C03000C43A24206D90099A3
:101DD000013B8C466444A14200D842E1A01A42462D
:101DE00012041A4393464B4659461B0C1F0004939A
:101DF0000B0449460904090C0C001B0C5C43120C33
:101E00007B43884651437A43270CBC465B186344A6
:101E1000994203D9802149028C466244190C24045A
:101E20001B04240C8A181C19904202D316D1A54217
:101E300014D25B46009F013B4D4405934D459B41A9
:101E4000BC465B426344C018874200D302E1824231
:101E500000D929E100D124E1059B9B462C1BA5421A
:101E6000AD41009B801A6D42401B834200D10FE1BF
:101E70000299FEF7EBF9039A0B044243210C05008B
:101E800019438A4200D9CBE0881A0299FEF7DEF99D
:101E9000039A240442430904240C03000C43A24285
:101EA00000D9CAE04146A41A2A041A43049F130425
:101EB0001B0C594340467B439C46150C68430B0C56
:101EC000844463447D43984203D980204002844681
:101ED0006544180C09041B04090C40195B18844262
:101EE00027D323D0012335001A43944B5344002BAE
:101EF00060DD510700D086E02E00D1085A46D2019D
:101F000006D55A468E4B1A4080239346DB00534435
:101F10008C4A934200DD80E65A4652070A439046B7
:101F20005A465B055402240B5B0D69E63500002B15
:101F3000DBD0009D511EAC466444AC4200D29EE012
:101F4000844200D2E1E000D1EEE00A00CAE7424557
:101F500000D908E74B46DC07580843465B081C439A
:101F60004346DD0706E701F083FA15239C468444C7
:101F70000200634620321C2B00DC92E62300083866
:101F800083409946002398469AE601F071FA0200D0
:101F90000300153220331C2A00DC5FE60099083864
:101FA000814000228B4666E600222E0000249046E7
:101FB000654B25E62E000121C91A382900DD1BE6F4
:101FC0001F297EDC6148140050445B4682408340F8
:101FD000CC40501E824123431A435B46CB405107FD
:101FE00009D00F211140042905D0111D91429241C1
:101FF00052429B180A00190200D49BE000220123E0
:1020000000249046FCE50F211140042900D173E71C
:10201000111D9142924152422E00C90893446DE72E
:10202000009B013D9C4661448B4200D92CE78A42CB
:1020300000D829E7851E614426E70099013B8C46BC
:102040006444A14200D92DE7A24200D82AE7831EAA
:10205000644427E7874200D0FEE6A94500D9FBE6A5
:10206000F5E6A24200D8B9E6831E6444B6E68A4289
:1020700000D89FE6BC46831E984661449AE60A0053
:10208000844200D02EE74B4500D02BE735002CE7EB
:102090002A4B2F4A5344924543DB012200219344AB
:1020A0002CE7AC4200D8D7E602235B429C4600995D
:1020B0004D444D459B41E3448C465B426344C0180C
:1020C000CCE61F204042C31A5846D840202904D0ED
:1020D0005946204B534499400A43531E9A410723C3
:1020E0001900024300241140134209D00833134061
:1020F000042B1DD0131D934289411A004942490700
:10210000D2080A43904600237AE54946009F4D00D5
:102110004D458941BC4649426144A946023A64188A
:10212000AEE70122524246E79945EED30A00AAE7FC
:102130000021E5E759075B021C0BE1E7FF03000004
:10214000FFFFFFFEFE070000FF0700001E04000067
:1021500002FCFFFF3E040000F0B55746DE464E4647
:102160004546E0B50D000400E80F83460903D80F8B
:10217000090B824619488C461F0369005E00490D11
:102180003F0B760D814218D086420FD00120B1421C
:102190000DD1BC450BD1944209D1D3451CD00029A7
:1021A00005D160462043431E984100E00120F0BC69
:1021B000BB46B246A946A046F0BD01208E42F6D1EC
:1021C000614639430F0017432743F0D15B4652461F
:1021D000981A431E9841EAE70020E8E7FF0700004D
:1021E000F0B557464E464546DE46E0B50D000E03B7
:1021F0004900490D8A46DF0FE90FBC4683B02F4FD7
:10220000040080460191580019039146360B090BD2
:10221000400DBA451DD0B8420DD05746002F2AD1E7
:102220003443002824D10A4336D0002C41D16346E0
:102230005800013815E0114338D15346002B01D125
:102240002643F4D0019B634507D1019B5800013818
:1022500007E026432AD1504521D00120019B5F424F
:10226000384303B0F0BCBB46B246A946A046F0BD19
:10227000002CDCD0E6E70028EFD0019B6345ECD1D1
:102280008245EADCE1DB8E42E7D8DED1C845E4D8FE
:102290000020C845E5D2D8E7002CE2D0DDE71143A5
:1022A00004D1019B6345D8D10020DAE702204042E7
:1022B000D7E7019B6345E6D0CFE7C046FF070000A4
:1022C000F0B557464E464546DE46E0B50D000E03D6
:1022D0004900490D8A46DF0FE90FBC4683B02E4FF7
:1022E000040080460191580019039146360B090BF2
:1022F000400DBA451ED0B8420DD05746002F27D109
:102300003443002833D10A4334D0002C40D16346F3
:102310005800013815E0114312D15346002B01D16A
:102320002643F4D0019B63451DD00120019B5F42F1
:10233000384306E0264303D15045F6D111431CD063
:10234000022003B0F0BCBB46B246A946A046F0BD91
:102350000028EAD0019B6345E7D18245E5DC02DB3A
:102360008E42E2D80ED0019B58000138E9E7002CDC
:10237000CDD0D7E7002CE4D0D7E7019B0020634500
:10238000DFD0D2E7C845D0D80020C845D9D2EAE787
:10239000019B6345E4D0C8E7FF070000F0B557464E
:1023A0004E46DE464546E0B51F000B031B0B1600EC
:1023B0009A46CA0F4B000400914685B05B0D00D1D0
:1023C000CFE1CD4A934255D05146420FC9000A434E
:1023D000802109041143C2009046C84A8A469346A8
:1023E0009B440023002502933C037B00FA0F0196D7
:1023F000240B5B0D009200D188E1BF4A934200D1CB
:1024000092E0BE4A944663449B440A2D42DCE400B9
:10241000730F23438024494624041C43F300019393
:10242000009B00205940CBB20393022D00DC94E0C6
:102430000123AB401D00A6232A00DB001A401D42E9
:1024400000D029E290239B001D4200D14DE20023E1
:10245000802499462403A84B10004A461B052343B9
:10246000D2071343190005B0F0BCBB46B246A946DB
:10247000A046F0BD52460243904600D0ACE19B46D8
:102480000223924608250293AEE7009BA246994696
:10249000019B9846029B022B00D1CAE1032B00D17D
:1024A00092E1012B10D1002300240022D4E7012265
:1024B0007B083A4013435246D2071343984653468B
:1024C0005B089A46039B99465B46581C8023DB00B9
:1024D0005B44002B00DCB1E1424652070BD00F22D7
:1024E00041460A40042A06D04246111D4145924108
:1024F0008846524292445246D20106D55246804BFB
:102500001A4080239246DB00C3187E4A934200DDC6
:102510008FE14246D108524652070A4351465B05B5
:102520004C02240B5B0D97E7734B26439C46E34418
:10253000002E00D16FE1032349461D43009B594003
:10254000CBB203930A2D00DD33E10123AB401D0024
:102550000323029388222A4297D14246434612041B
:10256000120C160001981D0C030C0004000C4643CD
:10257000B4461E006E430096160007005E43614697
:10258000B0466F430E0CB8444644B74205D980218B
:1025900049028846009F4744009761460904090C98
:1025A000370C36048C463100614401911100260C31
:1025B0002404240C61438C4621006943894661460A
:1025C000090C884672434A4442447543914503D9F5
:1025D0008021490288464544110C88466146090419
:1025E000090C8C4612046244B91802915146090C38
:1025F0008C4651460F043F0C390041434544884600
:10260000614641438A4641466046090C8946584323
:102610007B4353444B449A4503D980214902894660
:102620004844190C894641460904090C884639007A
:1026300061431B044344884661464C4371438C46C6
:10264000414677430E0C3F19F6194844B44203D96A
:10265000802149028946CC440299009F8946310471
:102660004F4489464146974292410C04240C4C4405
:10267000FF1852426419A1189F429B418846824626
:102680005B42994690459241AC42A441C244D14438
:1026900052426442144399459B41824592415B42B8
:1026A000524213434A46360CA419E31863445B02B2
:1026B000D20D1A43019992467A020A43501E824172
:1026C000FF0D17434A4652021743B846DB0100D5B7
:1026D000EDE60D4B039A5B449146002B00DCACE029
:1026E0003A00520700D110E70F2258463A40042A18
:1026F00000D0F9E609E7C046FF07000001FCFFFF34
:10270000FFFFFFFEFE070000FF0300002200324330
:102710006FD0002C00D1C2E0200000F0A9FE020022
:1027200003000B3A1D20821A30001900D0400839EE
:102730008C400200224334008C405946CB1A864913
:102740008B469B440A2D00DDA4E64946009B01947C
:102750005940CBB2140000200393022D00DD67E640
:10276000FBE65346034398463CD05346002B00D12A
:10277000A3E0504600F07CFE0B235B429C46020027
:10278000844411005046083988401D238046604625
:102790001B1A2000D8400300404603439A462300FA
:1027A0008B4098466C4B00259B1A9B460023029356
:1027B0001AE60F2D00D0C9E0802352461B031A42AF
:1027C00002D01C4200D192E08024534624031C43D3
:1027D00024034246240B3EE69B46032380460C25F9
:1027E000029301E600239A469B4601330425029397
:1027F000FAE501210D430A2D00DD4BE6494600981C
:102800004140C9B20391022D00DC96E00023002470
:10281000012001930CE649460223009A2B435140C4
:10282000CAB203920A2B00DD34E6002D57D1039B78
:10283000994600240022494B0EE658460121C91A48
:10284000382900DD2FE61F2956DD1F22544652424B
:10285000D31ADC40202907D0414B42469C465346C0
:10286000604483401A43904642460721531E9A41D2
:102870000B00224313400024114209D00F231340C0
:10288000042B5DD0111D91429B410A005B425B0706
:10289000D2081A430023DFE5039B9946FAE5019825
:1028A00000F0E6FD02000300153220331C2A00DC94
:1028B00038E7019A083882403FE700F0D9FD152338
:1028C0009C4684440200634620321C2B00DC58E7FF
:1028D000002398462300083883409A4662E71D008B
:1028E0000023002402200193A2E5029032E61C435B
:1028F000009B019A9946AEE51A4B5246C3184046D2
:102900009A40C8400243404698400300581E834105
:1029100054461A43CC40530709D00F231340042BCD
:1029200005D0131D934292415242A4181A0023026B
:1029300008D50123002400228EE5894600248BE57A
:102940000023A5E763076402240BA1E7009BA246CE
:102950009946019B984637E70DFCFFFFFF070000F3
:102960003E0400001E040000F0B557464E464546A2
:10297000DE46E0B583B0009001910C034D00CE0F10
:10298000610A009C5F00640F0C4300990092019360
:10299000C80019037B0D9946019BCC4FDB0F9C4669
:1029A0004B0A00998046490F1943009B8B46DA0079
:1029B00092466D0DB94500D1BFE0012361465940F3
:1029C0004B468C46EB1A8E4275D0002B00DCA3E2FE
:1029D0004946002900D1CEE0BD4200D100E20127E6
:1029E000382B19DC802759463F0439438B461F2B6F
:1029F00000DDFAE12027F91A8C4659466746B940AE
:102A00000F001100D9400F4361468A40511E8A4190
:102A10005946D9401743641AC71BB8428041404207
:102A2000241A230200D440E16402640A002C00D17D
:102A300054E1200000F01CFD0300083B2021380079
:102A4000CA1AD0409C4002009F4022439D4200DDB4
:102A5000A6E1581B0130091A3C008F40C4407B1E80
:102A60009F4113008B4027431F43C2403B0014008B
:102A70000025134300D1F7E17B0700D177E30F2353
:102A800038003B40042B04D0381DB842BF417F4280
:102A9000E419230200D468E38C4B01359D4200D138
:102AA000F4E08B4B6D051C406D0D6707C008640298
:102AB0000743240BECE0002B00DC29E34946002906
:102AC00000D0D6E05946114300D12EE1591E012B0A
:102AD00000D1E6E1BB4200D182E101270B00382999
:102AE00014DC1F2B00DD3CE22027F91A8C465946E6
:102AF0006746B9400F001100D9400F4361468A4034
:102B0000511E8A415946D940174364183F188742DD
:102B1000804140422418230200D4C6E06B4B0135AB
:102B20009D4200D1B2E00121694B7A081C40394036
:102B30000A43E707174364089EE7664B11438A463A
:102B4000EB18002928D066452CD0002B5BD0002D37
:102B500000D12CE15B4666465F07D2081743DD08CB
:102B60003B002B4300D1E2E0802424032C432403C8
:102B7000564D240B8CE05946114300D1D5E0591E27
:102B8000012B00D1B9E1BB4200D1B1E101270B001B
:102B9000382900DD40E72AE76146012779408C4665
:102BA0006645D2D1002B00D1C5E0002D00D055E103
:102BB0004B462500054300D112E2591E8C46012BDD
:102BC00000D149E2414DAB4200D18FE201273829C3
:102BD00011DC63461F2B00DD5BE2614620232700EA
:102BE0005B1A050098409F40CD40431E9841CC4061
:102BF0002F430743A344BF189742924152425A447D
:102C000014004D4687E7344F6B1C3B4200D0B6E0C2
:102C10005946230011430F000343002D00D026E145
:102C2000002B00D1C0E1002900D1A1E0831A984611
:102C30005B464045AD41E31A6D425B1B80252D0488
:102C40002B4200D14BE15B46101A824292411C1B81
:102C50000700012663465242A41A27431E40002F54
:102C600000D142E12C4200D16DE2194B01251C40FC
:102C70001BE7BD4200D13BE10127382B00DD45E7D2
:102C8000802759463F0439438B462AE70024002712
:102C90002D052543F60735433800290003B0F0BC65
:102CA000BB46B246A946A046F0BD7B0704D00F2321
:102CB0003B40042B00D0E7E62B00F808034A6707E7
:102CC0000743E508934200D14AE7A5E0FF0700006B
:102CD000FFFF7FFF01F8FFFFFE070000380000F054
:102CE000C7FB030018331F2B00DCA7E63A000838A7
:102CF00082409D4200DD8AE05B1B581C1F2800DCDF
:102D0000D8E117001F3BDF40202805D040231B1AC5
:102D10009A40531E9A4117430025002F00D1E5E049
:102D20007B0700D0ABE62C00C6E7C008C6E700274B
:102D30000024D14DACE7D14F6B1C3B4271D1230035
:102D40000343002D00D04EE15746002B00D1B5E1E2
:102D5000002F0DD08318834280415C4440422418E8
:102D6000220200D5C8E11F009846274300D1BCE0ED
:102D700043466707DB081F43E50800234CE0831A3E
:102D800098465B464045BF41E31A7F42DB1B1F026A
:102D90007CD447461F4300D1A6E01C00474645E6C9
:102DA000B74CED1A14407B0700D080E784E74B4610
:102DB0002500054366D05F1E012B00D1FCE0AE4D1F
:102DC000AB4200D15EE16646382F00DCB4E0012062
:102DD000171ABA4292415B4652424D469C1A20E66F
:102DE0006707C0080743E508BAE61F005946203FB9
:102DF000F9400F00202B05D04021CB1A59469940AD
:102E00000A43924653465A1E93411F4304E6EB1A67
:102E10009B4D15406F07ED082C035D05240B6D0DD0
:102E200036E7954DAB4200D1D6E0821821008242B0
:102E30008041594440420818C707520817434408C4
:102E4000520700D485E10F221D003A40042A00D029
:102E50001AE6FF08640727430509DDE75B46D20849
:102E60005F071743DD087BE60027002410E7002BEF
:102E700000D0D6E0002900D02FE1802400267E4D2E
:102E8000240305E766465C46D00817E75B46171A39
:102E9000BA4292411C1B012663465242A41A1E40AC
:102EA000C4E58318834280415C44404225182A02CD
:102EB00000D4DAE0724A5B081540EA071A43690851
:102EC0005B0700D44AE10F231340042B00D1FCE040
:102ED000171D9742A441644202256418ECE6474658
:102EE0001C001F4300D043E7002600250024CFE646
:102EF000C00867070743E50832E6871A5B46B84211
:102F00008041E41A4042241A230228D46307FF08B0
:102F10001F43E50801237FE7002B00D173E64B46F2
:102F20005F1B3B00002D00D142E7382F00DDECE0B5
:102F300080230E001B041C431F2F25DC20252300AB
:102F4000ED1B0100A840AB40F940451EA8410B43D2
:102F5000FC4018435B461B1B9B4639E76646012530
:102F600062E51F005946203FF9408C46202B05D0D2
:102F700040275946FB1A99400A43924657467B1E02
:102F80009F4163461F43C1E53B002500203BDD40D8
:102F9000202F04D04023DB1B9C402043804640462A
:102FA000431E9841284313E700299DD0012663461C
:102FB0005C4690461E40DBE6171A5B46BA429241D9
:102FC0001C1B5242A41A2302C8D46307FF081F43E4
:102FD00066460123E5081FE71D000024002757E689
:102FE0005C46D0086AE6002B00D137E75346C0089C
:102FF00067070743E508002B00D1B1E580231B03D9
:103000001D4208D05946C808184204D1D2084907C1
:103010000A43170005007B0FFF00FF085B071F43F3
:103020009EE5C00863071843E508002953D08023B4
:103030001B031D420AD05946CC081C4206D101266A
:1030400063462500D008490708431E40470FC000CB
:10305000C0087F07074383E58318934292415C448D
:103060005242A5182A0200D524E76F07DB081F4348
:10307000ED080123D0E6C046FF070000FE07000070
:10308000FFFF7FFF5B46D2085F0766461743DD08F8
:1030900066E52500203BDD406346202B05D040231C
:1030A00061465B1A9C402043804647467B1E9F41F9
:1030B0002F43A0E520210027091AD2E4002F00D1D8
:1030C00013E75C4617000025F6E5D70849070223F9
:1030D0000F432D09A0E6070042E55B4601265F0786
:1030E000DD086346D20817431E4039E55B46D20827
:1030F0005F071743DD0833E51E4ADB082240570708
:10310000520201251F43140BC2E50E0001205FE6A9
:10311000002B0DD04B465B1B9C46002D00D148E593
:103120000127382B00DD66E580231B041C4350E596
:103130006B1C114D2B4200D073E6594623001143FE
:103140008A46034300E66707C00800230743E508F3
:1031500062E66407FF08274305095DE6D2084907D0
:1031600011430F0002232D0956E60700A4E538009D
:103170008FE4C046FFFF7FFFFE070000F0B5C646A4
:103180001E03360BB0460D4E0C034D005F0000B51C
:10319000240B6D0D7F0DB5420BD0084900208F42E6
:1031A00004D1464616433000431E984180BCB846C1
:1031B000F0BD04430120002CF8D1EEE7FF0700002A
:1031C0000B00020070B5164D0C0382B049000020C0
:1031D00000920193240B490DDE0FA94204DD114832
:1031E000814203DD104BF01802B070BD8020400317
:1031F00020430E4C641A1F2C08DD0D4B5B1AD8407F
:1032000003005842002EEFD11800EDE7094B009A59
:103210009C46030061448B40E2401343F1E7C04603
:10322000FE0300001D040000FFFFFF7F33040000C9
:1032300013040000EDFBFFFF70B5002816D0C31784
:10324000C5185D40C40F280000F012F9104B1B1A7E
:103250005B055B0D0A2814DC02002E001532964037
:103260000B22121AD5402D032D0B03E0002400235E
:10327000002500261B052B43E407234330001900DB
:1032800070BD0B3885402D0300262D0BF2E7C0469C
:103290001E04000010B5041E10D000F0E9F80E4B1B
:1032A0001B1A5B055B0D0A280FDC0B222100121A8A
:1032B000D14015300A038440120B01E000230022A4
:1032C0001B0513432000190010BD22000B3882405B
:1032D00012030024120BF3E71E04000070B5420233
:1032E0004300C40FFE201B0E591C550A08420CD087
:1032F000E02189008C466D07120B63441B051343C4
:10330000E40723432800190070BD002B14D1002DC1
:103310001BD0280000F0ACF80A281CDC0B232A0084
:103320001B1ADA40030015339D400E4B12031B1A83
:103330005B05120B5B0DE1E7002D09D0130B80221A
:1033400012031A436D07084BD8E700230022D5E784
:103350000022054BD2E703002A000B3B9A400025D0
:10336000E3E7C04689030000FF070000F0B54B000B
:103370000F035B0D3A4C450F83B07F0A5E1C2F4351
:1033800000900191CA0FC50026420BD035495C1848
:10339000FE2C13DDFF200023C0051843D207104385
:1033A00003B0F0BD3D43002B01D10020F4E7002D18
:1033B000F0D08023DB03FF203B43EDE7002C0CDD46
:1033C000009BFF009B01581E8341690F3B430B4349
:1033D000590727D1DB08E0B2DEE72100173131DBE6
:1033E00080211E2009043943001B1F282DDD0226E1
:1033F0007642341B0E00E6403400202804D01A48E0
:103400008446634499400D432B00591E8B4123434E
:10341000590703D00F21194004290BD19B0100202B
:103420005B0AB9E70F211940042904D19B015B0A0B
:10343000E0B2B1E7002404335901F7D50134002389
:10344000E0B2A9E700200023A6E7084C1C192B00D6
:10345000A540C340A140681E854129430B43D7E7DF
:10346000FE07000080FCFFFFA2FCFFFF82FCFFFFC5
:103470001C2101231B04984201D3000C10391B0AA4
:10348000984201D3000A08391B09984201D3000968
:10349000043902A2105C40187047C04604030202BF
:1034A00001010101000000000000000010B500292A
:1034B00003D1FFF7DDFF203002E00800FFF7D8FF5F
:1034C00010BDC04680B582B002AF8023DA00094942
:1034D0000948002301931823009300230FF0CAFC2E
:1034E0000300012B01D0002300E001231800BD469A
:1034F00080BDC046189D0108F138000880B582B033
:1035000000AF7860BF4BC0480122190002F018FAE2
:10351000BC4B1A685B68012A02D1002B00D1ACE0D9
:10352000BA4BBB480122190002F0AAF9B94BBA48BC
:103530000122190002F0A4F9B84BB9480122190080
:1035400002F09EF9B74BB8480122190002F098F931
:10355000B64BB7480122190002F092F9B54BB648B4
:103560000122190002F08CF9B44BB5480122190070
:1035700002F086F9B34BB4480122190002F080F939
:10358000B24BB3480122190002F07AF9B14BB248AC
:103590000122190002F074F9B04BB1480122190060
:1035A00002F06EF9AF4BB0480122190002F068F941
:1035B000AE4BAF480122190002F062F9AD4BAE48A4
:1035C0000122190002F05CF9AC4BAD480122190050
:1035D00002F056F9AB4BAC480122190002F050F949
:1035E000AA4BAB480122190002F04AF9A94BAA489C
:1035F0000122190002F044F9A84BA9480122190040
:1036000002F03EF9A74BA8480122190002F038F950
:10361000A64BA7480122190002F032F9A54BA64893
:103620000122190002F02CF9A44BA548012219002F
:1036300002F026F9A34BA4480122190002F020F958
:10364000A24BA3480122190002F01AF9A14BA2488B
:103650000122190002F014F9A04BA148012219001F
:1036600002F00EF96749012200230A604B60654BA6
:1036700065480122190002F003F9644B64480122F5
:10368000190002F05DF9634B63480122190002F052
:1036900057F9624B62480122190002F051F9614B5F
:1036A00061480122190002F04BF95E4B1A685B6811
:1036B00010001900FDF71CF88A4A8B4BFEF76EFECE
:1036C00002000B0010001900FFF750FE021C874B90
:1036D0001A60564B56480122190002F031F9554B39
:1036E00055480122190002F02BF9544B544801228D
:1036F000190002F025F9534B53480122190002F03A
:103700001FF9524B52480122190002F019F9514B8E
:1037100051480122190002F013F9504B5048012280
:10372000190002F00DF94F4B4F480122190002F029
:1037300007F94E4B4E480122190002F001F94D4B9A
:103740004D480122190002F0FBF84C4B4C48012275
:10375000190002F0F5F84B4B4B480122190002F01A
:10376000EFF84A4B4A480122190002F0E9F8494BA8
:1037700049480122190002F0E3F8484B4848012269
:10378000190002F0DDF8474B47480122190002F00A
:10379000D7F8464B46480122190002F0D1F8454BB4
:1037A00045480122190002F0CBF8444B444801225D
:1037B000190002F0C5F8434B43480122190002F0FA
:1037C000BFF8424B42480122190002F0B9F8414BC0
:1037D00041480122190002F0B3F8404B4048012251
:1037E000190002F0ADF8FFF76DFE01F0C1FE01F027
:1037F000FFFE00F091FE00F03DF9C8200FF090FCB4
:10380000C046F8E77804002000E807081804002004
:1038100000000708200400200008070828040020F2
:1038200000100708380400200018070808000020CE
:103830000028070810000020003007084804002076
:103840000038070850040020004007081800002036
:10385000004807082000002000500708280000202A
:1038600000580708300000200060070838000020DA
:103870000068070858040020007007084000002076
:10388000007807084800002000800708500000204A
:1038900000880708580000200090070860000020FA
:1038A000009807086800002000A8070870000020A2
:1038B00000B007087800002000B80708800000204A
:1038C00000C007088800002000C80708680400201E
:1038D00000D007089000002000D8070898000020BA
:1038E00000E00708D26F5F07CE19913F3004002037
:1038F00080B582B000AF786000F006F864200FF069
:103900000FFCC046F8E70000B0B582B000AF504BE6
:103910001A685B68110019432AD14E4B1B78012BA2
:1039200026D101F01FF903001800FDF7F1FC021C7D
:10393000494B1B68191C101CFCF7BCFF031C181C0E
:10394000FCF75EFE02000B0044490A604B60434BEB
:1039500043480122190001F093FF3D490122002351
:103960000A604B603A4B3F480122190001F088FF82
:1039700001F0F8F803001C0000231D00374B1A6803
:103980005B68AB425FD801D1A2425CD800237B6068
:1039900003F01AF80100344B1A685B681300CB1867
:1039A0007B6005E0314B01220421180005F00FF87F
:1039B0007B68002B05D003F007F802007B68934278
:1039C000F0D82A4B00220421180005F000F802F07C
:1039D000FBFF0100264B1A685B6813005B019B1A12
:1039E0009B009B18DB00CB187B60C0467B68002BDC
:1039F00005D002F0E9FF02007B689342F6D802F09E
:103A0000E3FF0100184B1A685B681300CB187B605A
:103A100005E0164B01220421180004F0D8FF7B6852
:103A2000002B05D002F0D0FF02007B689342F0D853
:103A30000E4B00220421180004F0C9FF04490022A3
:103A400000230A604B60C046BD4602B0B0BDC04610
:103A5000180400201404002030040020000000207E
:103A60000020070800000708200400200004005080
:103A700028040020F0B585B000AFCC4B1B88142B78
:103A800003D9CB4B04221A7091E0CA4B08211800CD
:103A900004F080FF031E06D0C64B0821180004F076
:103AA00079FF031E03D1C24B05221A707FE0BF4B82
:103AB0009A68BE4BDB68191C101CFCF7FBFE031C4C
:103AC0001E1CBA4B1A69B94B5B69191C101CFCF718
:103AD000F1FE031C191C301CFDF796F9031C181C81
:103AE000FDF7F6FB0300DA179B185340BB60DB17AA
:103AF000FB60B14B1A685B68B868F9680E00B342A6
:103B00004CD80E00B34202D101008A4246D8A84BDD
:103B100001221A70A54B9A68A44BDB68191C101C73
:103B2000FDF772F9031C181CFDF7D2FB0300DA172E
:103B30009B1853403B60DB177B60A04B1A685B68A7
:103B4000386879680E00B34209D80E00B34202D13A
:103B500001008A4203D8964B02221A7027E0934B49
:103B60001A69924B5B69191C101CFDF74DF9031C77
:103B7000181CFDF7ADFB0300DA179B1853401C001F
:103B8000DB171D008E4B1A685B68AB420FD801D162
:103B9000A2420CD8864B03221A7008E0844B0622FE
:103BA0001A70002000F020FC002000F069FC804B1F
:103BB0001B78062B00D1A5E17D4B1B78052B00D986
:103BC0009BE19A007F4BD3181B689F467E4B1800E1
:103BD00001F016FF754B9B68181CFFF77FFB020076
:103BE0000B007A49080001F00BFF0A200FF098FA49
:103BF0006E4BDB68181CFFF771FB02000B00744969
:103C0000080001F0FDFE0A200FF08AFA674B1B69DD
:103C1000181CFFF763FB02000B006E49080001F05F
:103C2000EFFE0A200FF07CFA604B5B69181CFFF76F
:103C300055FB02000B006849080001F0E1FE0A2074
:103C40000FF06EFA594B1B881A00644B11001800D4
:103C500001F0D6FE0A200FF063FA544B5B68181C83
:103C6000FFF73CFB02000B005D49080001F0C8FEB5
:103C70000A200FF055FA4D4B9A684C4BDB68191C23
:103C8000101CFCF717FE031C1C1C484B1A69474B01
:103C90005B69191C101CFCF70DFE031C191C201C71
:103CA000FDF7B2F8031C181CFDF712FB0300D9172F
:103CB0005A184A404B4B1100180001F0A1FE0A208F
:103CC0000FF02EFA00F03AF91CE1474B180001F012
:103CD00097FE364B9B68181CFFF700FB02000B0099
:103CE0003A49080001F08CFE0A200FF019FA2F4B18
:103CF000DB68181CFFF7F2FA02000B0034490800D9
:103D000001F07EFE0A200FF00BFA284B1B69181CED
:103D1000FFF7E4FA02000B002E49080001F070FEE4
:103D20000A200FF0FDF9214B5B69181CFFF7D6FA4A
:103D300002000B002849080001F062FE0A200FF083
:103D4000EFF91A4B1B881A00244B1100180001F0E0
:103D500057FE0A200FF0E4F9144B5B68181CFFF7BC
:103D6000BDFA02000B001E49080001F049FE0A20BE
:103D70000FF0D6F90D4B9A680C4BDB68191C101C20
:103D8000FDF742F8031C181CFDF7A2FA0300D9172F
:103D90005A184A40154B1100180001F031FE0A2054
:103DA0000FF0BEF900F074F9ACE0C04688040020C2
:103DB00040040020000C005028000020500000208B
:103DC0007800002038A70108309D0108689D01088F
:103DD000789D0108889D0108989D0108A89D01080B
:103DE000B49D0108C49D0108E09D0108109E0108D2
:103DF000464B180001F004FE454B9B68181CFFF76A
:103E00006DFA02000B004349080001F0F9FD0A2099
:103E10000FF086F93E4BDB68181CFFF75FFA0200D3
:103E20000B003D49080001F0EBFD0A200FF078F986
:103E3000374B1B69181CFFF751FA02000B0037497A
:103E4000080001F0DDFD0A200FF06AF9304B5B69D4
:103E5000181CFFF743FA02000B003149080001F07B
:103E6000CFFD0A200FF05CF9294B1B881A002D4B5F
:103E70001100180001F0C4FD0A200FF051F9244B85
:103E80005B68181CFFF72AFA02000B00264908009D
:103E900001F0B6FD0A200FF043F91D4B1A691C4BC7
:103EA0005B69191C101CFCF7AFFF031C181CFDF705
:103EB0000FFA0300D9175A184A401C4B110018007A
:103EC00001F09EFD0A200FF02BF900F085F919E0B2
:103ED000174B180001F094FD002000F085FA0A202D
:103EE0000FF01EF9002000F0CBFA0BE0114B180088
:103EF00001F086FD00F014FA04E00F4B180001F009
:103F00007FFDC046C046BD4605B0F0BD209E0108FD
:103F100088040020689D0108789D0108889D01089B
:103F2000989D0108A89D0108B49D0108509E0108B4
:103F3000609E0108949E0108A49E0108B0B584B05B
:103F400000AF484B1B88180000231900464B1A6825
:103F50005B688B4204D800D074E0824200D871E0E4
:103F6000404B5B7F1C0000231D00404B1A685B68C0
:103F7000944267D19D4265D13A4B5C683C4B1A68CC
:103F80005B6810001900FCF78FFB031C191C201C38
:103F9000FCF7B0FA031E55D00023FB6002F014FDBD
:103FA0000100344B1A685B6813005B019B1A9B008D
:103FB0009B18DB00CB18FB602F4B180001F020FD95
:103FC0001BE03B002D4A9A602D4B80221A702D4B2E
:103FD0001A685B68D3B27D33DAB2294BDA703B00E2
:103FE000274A03CA03C3FA239A003B0011001800B2
:103FF00000F006FB05200FF093F8FB68002B05D0BE
:1040000002F0E2FC0200FB689342DAD81E4B180073
:1040100001F0F6FC012000F0E7F9FA239B001800FC
:104020000FF07EF8002000F02BFA184B1A685B683E
:1040300013005B019B1A9B009B18DB0018000FF01C
:104040006FF80BE0002000F0CFF9FA239B00180076
:104050000FF066F8002000F013FAC046C046BD46D7
:1040600004B0B0BD880400201800002058040020CF
:104070003800002040000020D89E01080300000CFA
:104080007004002030000020049F01084800002038
:10409000B0B584B000AF464B1B8818000023190050
:1040A000444B1A685B688B4203D800D06FE08242B1
:1040B0006DD93F4B5B7F1C0000231D003E4B1A68EF
:1040C0005B68944263D19D4261D1394B5C683B4B44
:1040D0001A685B6810001900FCF7E6FA031C191C4B
:1040E000201CFCF707FA031E51D00023FB6002F0EE
:1040F0006BFC0100324B1A685B6813005B019B1A72
:104100009B009B18DB00CB18FB602E4B180001F0C6
:1041100077FC1BE03B002C4A9A602C4B80221A70E3
:104120002B4B1A685B68D3B27D33DAB2274BDA7057
:104130003B00264A03CA03C3FA239A003B0011003E
:10414000180000F05DFA05200EF0EAFFFB68002B76
:1041500005D002F039FC0200FB689342DAD8012056
:1041600000F042F9FA239B0018000EF0D9FF01205D
:1041700000F086F9174B1A685B6813005B019B1A05
:104180009B009B18DB0018000EF0CAFF0BE000201C
:1041900000F02AF9FA235B0018000EF0C1FF00209E
:1041A00000F06EF9C046C046BD4604B0B0BDC04682
:1041B0008804002018000020600400206000002017
:1041C00068000020D89E01080300000C7004002045
:1041D0005800002070000020B0B584B000AF464BFE
:1041E0001B88180000231900444B1A685B688B4237
:1041F00003D800D06FE082426DD93F4B5B7F1C003B
:1042000000231D003E4B1A685B68944263D19D42B7
:1042100061D1394B5C683B4B1A685B681000190030
:10422000FCF742FA031C191C201CFCF763F9031E5F
:1042300051D00023FB6002F0C7FB0100324B1A682B
:104240005B6813005B019B1A9B009B18DB00CB187B
:10425000FB602E4B180001F0D3FB1BE03B002C4A07
:104260009A602C4B80221A702B4B1A685B68D3B271
:104270007D33DAB2274BDA703B00264A03CA03C308
:10428000FA239A003B001100180000F0B9F905204C
:104290000EF046FFFB68002B05D002F095FB0200F4
:1042A000FB689342DAD8012000F09EF8FA239B00C5
:1042B00018000EF035FF012000F0E2F8174B1A68E5
:1042C0005B6813005B019B1A9B009B18DB001800C6
:1042D0000EF026FF0BE0002000F086F8FA235B00CA
:1042E00018000EF01DFF002000F0CAF8C046C046BE
:1042F000BD4604B0B0BDC0468804002018000020B0
:10430000680400208800002090000020D89E01084A
:104310000300000C700400208000002098000020A2
:1043200080B584B000AF0023FB6002F04DFB0100BC
:10433000274B1A685B6813005B019B1A9B009B1854
:10434000DB00CB18FB60234B180001F059FB1BE08E
:104350003B00214A9A60214B80221A70204B1A6838
:104360005B68D3B27D33DAB21C4BDA703B001B4A78
:1043700003CA03C3FA239A003B001100180000F09F
:104380003FF905200EF0CCFEFB68002B05D002F0B3
:104390001BFB0200FB689342DAD8012000F024F8EE
:1043A000FA239B0018000EF0BBFE012000F068F815
:1043B0000C4B1A685B6813005B019B1A9B009B18EF
:1043C000DB0018000EF0ACFEC046BD4604B080BD58
:1043D00068000020D89E01080300000C7004002033
:1043E000580000207000002080B582B000AF7860D7
:1043F0007B68002B1DD01D4B1A685B6811001943A8
:1044000017D01B49012200230A604B60A023DB0563
:1044100001221021180004F0DAFA164B1B78012B48
:104420001FD0144B01221A70134B180001F0E8FA48
:1044300017E00F49002200230A604B60A023DB0530
:1044400000221021180004F0C2FA0A4B1B78012B3D
:1044500007D1084B00221A70084B180001F0D0FA5F
:10446000FFE7C046BD4602B080BDC0460800002040
:104470004804002016040020309F0108549F0108C2
:1044800080B582B000AF78607B68002B1CD01C4BDD
:104490001A685B681100194316D01A4901220023DB
:1044A0000A604B60184B01224021180004F08FFA7B
:1044B000164B1B78012B1ED0144B01221A70144B83
:1044C000180001F09DFA16E00E49002200230A6050
:1044D0004B600D4B00224021180004F078FA0B4B82
:1044E0001B78012B07D1094B00221A70094B1800C9
:1044F00001F086FAFFE7C046BD4602B080BDC04667
:104500001000002050040020000800501504002076
:104510007C9F0108A09F010880B582B002AF802374
:10452000DA0011491148124B01931823009300231C
:104530000EF0A0FC0300012B01D0012310E080232A
:10454000DA000C490C480D4B01931823009300230B
:104550000EF090FC0300012B01D0012300E00023AA
:104560001800BD4680BDC046C89F010881450008AF
:1045700080040020E49F0108B9450008840400205D
:1045800090B587B000AF7860094B1B68094A0C24CE
:10459000391918000EF0F6F90300012B03D13B196D
:1045A000180000F055F801200EF0BAFDECE7C04607
:1045B000E00500203689410080B582B000AF786008
:1045C000FA235B0018000EF0ABFD0B4B1B78022B9F
:1045D0000ED10A4B1B780133DAB2084B1A70074B25
:1045E0001B78142B04D900F0CBFA044B00221A706C
:1045F000014B02221A70E3E7E8050020B004002016
:1046000090B583B000AF78603960104B1C683A6891
:1046100013005B019B1A9B009B18DB001A00FA2316
:1046200099001000FBF78CFD03001A007968002345
:1046300020000EF068F80300012B01D0012300E0F8
:1046400000231800BD4603B090BDC046E40500201D
:1046500080B582B000AF78607B689B68434A934224
:104660003DD0424A934200D97AE0414A934263D016
:104670003F4A934200D973E03E4A93420FD03D4AED
:1046800093426DD83C4A934246D03B4A934267D806
:104690003A4A934248D03A4A934255D060E07B6808
:1046A000180000F09BF8021C364B1A617B6818005A
:1046B00000F0C6F8021C334B5A617B68180000F00A
:1046C000F1F8021C2F4B9A607B68180000F01CF96F
:1046D000021C2C4BDA602C4B01221A7041E07B68E3
:1046E00002221C21180000F0E7F903001A00254BF4
:1046F0005A777B6802221E21180000F0DDF90300C2
:104700001A00204B1A777B68180000F02FF903007D
:104710009AB21C4B1A8024E07B68180000F056F90E
:10472000021C184B9A611CE07B68180000F02EF800
:10473000021C144B5A6014E07B68180000F086F9E4
:10474000021C104B1A620CE07B6802220E2118003A
:1047500000F0B2F9030019000A4B2422995400E03A
:10476000C046C046BD4602B080BDC04611F1FE182D
:1047700000E5FE180BBFFE18E41DF0180003F00C56
:104780001102FF0C880400201404002080B584B0BE
:1047900000AF78607B6801220121180001F08DF9DB
:1047A00003001800FCF7B4FD031CFB60F868FEF77B
:1047B00095FD084A084BFDF7F1FD02000B001000C3
:1047C0001900FEF7D3FD031CFB60FB68181CBD46F7
:1047D00004B080BD9A9999999999D93F80B584B0D0
:1047E00000AF78607B6802220121180001F065F9B2
:1047F00003001800FCF78CFD031CFB60F868FEF753
:104800006DFD00220B4BFDF7C9FD02000B001000EF
:104810001900094A094BFEF7A7F802000B00100027
:104820001900FEF7A3FD031CFB60FB68181CBD46C6
:1048300004B080BD0000B03F728A8EE4F23F1F409A
:1048400080B584B000AF78607B6803220121180036
:1048500001F033F903001800FCF75AFD031CFB605C
:10486000F868FEF73BFD00220B4BFDF797FD0200B9
:104870000B0010001900094A094BFEF775F80200F9
:104880000B0010001900FEF771FD031CFB60FB68B4
:10489000181CBD4604B080BD0000B03F728A8EE493
:1048A000F23F1F4080B584B000AF78607B68022281
:1048B0000121180001F001F903001800FCF728FDA0
:1048C000031CFB60F868FEF709FD00220B4BFDF7A7
:1048D00065FD02000B0010001900094A094BFEF7A4
:1048E00043F802000B0010001900FEF73FFD031C07
:1048F000FB60FB68181CBD4604B080BD0000B03FE3
:10490000728A8EE4F23F1F4080B584B000AF7860B9
:104910007B6803220121180001F0CFF80300180082
:10492000FCF7F6FC031CFB60F868FEF7D7FC0022DE
:104930000B4BFDF733FD02000B0010001900094A74
:10494000094BFEF711F802000B0010001900FEF7EA
:104950000DFD031CFB60FB68181CBD4604B080BD48
:104960000000B03F728A8EE4F23F1F4090B585B0E0
:1049700000AF786008243B1902220021180011F0D2
:10498000A5FC3B1978680222012101F05AF83B1975
:1049900000220221180001F090F80300FB60F86883
:1049A000FEF74AFC0022084BFDF7F8FC02000B0062
:1049B00010001900FEF704FC0300FB60FB68180000
:1049C000BD4605B090BDC0460000703F90B585B0B3
:1049D00000AF786008243B1902220021180011F072
:1049E00075FC3B1978680122002101F02AF83B1977
:1049F00000220221180001F060F803001800FCF703
:104A000087FC031CFB60F868FEF768FC00220C4B77
:104A1000FDF7C4FC02000B0010001900094A0A4B04
:104A2000FDF7BCFC02000B0010001900FEF79EFC15
:104A3000031CFB60FB68181CBD4605B090BDC0465A
:104A40000000503FCDCCCCCCCCCC4C4090B585B008
:104A500000AF786008243B1904220021180011F0EF
:104A600035FC3B1978680322002100F0EAFF3B196E
:104A700000220421180001F020F803001800FCF7C0
:104A800047FC031CFB60F868FEF728FC084A094B4A
:104A9000FDF784FC02000B0010001900FEF766FC15
:104AA000031CFB60FB68181CBD4605B090BDC046EA
:104AB0009A9999999999A93FF0B585B000AF786016
:104AC00008001100FB1C021C1A70BB1C0A1C1A7087
:104AD000FB1C1A78BB1C1B78D318402B03DCBB1CB7
:104AE0001B78082B01D9002337E00F203B18002248
:104AF0001A700E243B1900221A70FB1C1B78DB086D
:104B0000DAB20D257B1906218A1A1A700C26BB19F8
:104B1000FA1C127807210A401A707B191B787A68F0
:104B2000D3181B781A00BB191B781A411300DAB28C
:104B30000B257B1901210A401A707B191A783B1941
:104B40001B789A4013005AB23B181B785BB2134390
:104B50005AB23B181A703B181B781800BD4605B0B6
:104B6000F0BD000080B500AF044B1B6A181CFBF7BA
:104B7000F5FC03001800BD4680BDC0468804002037
:104B800080B500AF044B28220021180011F09EFBD5
:104B9000C046BD4680BDC0468804002080B584B0B4
:104BA00000AF78600F23FB1800221A700B4A7B6855
:104BB0001100180000F014F8031E07D1074BDA7833
:104BC000064BDB881900100000F06AF80F23FB1871
:104BD0001B781800BD4604B080BDC046B404002058
:104BE00090B585B000AF786039600E203B18002288
:104BF0001A807B681A783B681A707B6801331A78D0
:104C00003B685A707B6802331A783B689A707B68FD
:104C100003331A783B68DA707B6804331A783B6890
:104C20001A717B68591D3B681B791A0004003B18F8
:104C3000180011F047FC3B191B88180000F026FFF4
:104C400003001A003B68DA807B6807331B781A0080
:104C50003B681A817B6808331A783B689A723B6814
:104C60001B787E2B03D13B689B7A7F2B05D00A4BA8
:104C7000180000F0C5FE01230AE03B681B89082BE1
:104C800005D0064B180000F0BBFE012300E0002316
:104C90001800BD4605B090BD20A0010840A0010845
:104CA000F0B5BBB000AF0300E7203A181370E4235F
:104CB000FA180B1C13803B181B781C2B01D900F031
:104CC00097FB9A00D54BD3181B689F46E4243B19E9
:104CD0001B889BB2D822B9180B600023DC217918FD
:104CE0000B60CF4BBA181168526819605A60CC4BF0
:104CF000CC480122190000F0C3FD3B191A88CA4BA9
:104D00001100180000F07CFE7BE3E4243B191B88B3
:104D10009BB2D022B9180B600023D42179180B6004
:104D2000C24BBA181168526819605A60BF4BC0482C
:104D30000122190000F0A4FD3B191A88BD4B110097
:104D4000180000F05DFE5CE3E4243B191B889BB275
:104D5000C822B9180B600023CC2179180B60B64B20
:104D6000BA181168526819605A60B34BB3480122EF
:104D7000190000F085FD3B191A88B14B110018008D
:104D800000F03EFE3DE3E4243B191B889BB2C022A9
:104D9000B9180B600023C42179180B60A94BBA180D
:104DA0001168526819605A60A64BA7480122190081
:104DB00000F066FD3B191A88A44B1100180000F0A2
:104DC0001FFE1EE3E4243B191B889BB2B822B918CE
:104DD0000B600023BC2179180B609D4BBA18116839
:104DE000526819605A609A4B9A480122190000F0E3
:104DF00047FD3B191A88984B1100180000F000FE7F
:104E0000FFE2E4243B191B889BB2B022B9180B6067
:104E10000023B42179180B60904BBA1811685268BE
:104E200019605A608D4B8E480122190000F028FD50
:104E30003B191A888B4B1100180000F0E1FDE0E2ED
:104E4000E4243B191B889BB2A822B9180B600023ED
:104E5000AC2179180B60844BBA181168526819603C
:104E60005A60814B81480122190000F009FD3B196D
:104E70001A887F4B1100180000F0C2FDC1E2E42443
:104E80003B191B889BB2A022B9180B600023A421F8
:104E900079180B60774BBA181168526819605A601C
:104EA000744B75480122190000F0EAFC3B191A887E
:104EB000724B1100180000F0A3FDA2E2E4243B199C
:104EC0001B889BB29822B9180B6000239C2179188B
:104ED0000B606B4BBA181168526819605A60684BC6
:104EE00068480122190000F0CBFC3B191A88664B78
:104EF0001100180000F084FD83E2E4243B191B88B4
:104F00009BB29022B9180B600023942179180B6092
:104F10005E4BBA181168526819605A605B4B5C4866
:104F20000122190000F0ACFC3B191A88594B110002
:104F3000180000F065FD64E2E4243B191B889BB275
:104F40008822B9180B6000238C2179180B60524B12
:104F5000BA181168526819605A604F4B4F480122C5
:104F6000190000F08DFC3B191A884D4B11001800F8
:104F700000F046FD45E2E4243B191B889BB28022E9
:104F8000B9180B600023842179180B60454BBA18BF
:104F90001168526819605A60424B43480122190057
:104FA00000F06EFC3B191A88404B1100180000F00D
:104FB00027FD26E2E4243B191B889BB2BB67002334
:104FC000FB673B4BB96FFA6F19605A60384B394831
:104FD0000122190000F054FC3B191A88364B1100CD
:104FE000180000F00DFD0CE2E4243B191B889BB275
:104FF0003B6700237B67314B396F7A6F19605A60CA
:105000002E4B2F480122190000F03AFC3B191A8858
:105010002C4B1100180000F0F3FCF2E150A701083E
:1050200008000020002807085CA0010810000020EC
:10503000003007088CA00108480400200038070849
:10504000BCA001085004002000400708ECA00108A3
:1050500018000020004807081CA1010820000020BB
:105060000050070848A10108280000200058070840
:105070007CA101083000002000600708A8A10108F9
:105080003800002000680708D8A101085804002053
:105090000070070808A201084000002000780708F7
:1050A00034A20108480000200080070864A201081B
:1050B000500000200088070894A201085800002032
:1050C00000900708C0A20108E4243B191B889BB28A
:1050D000BB660023FB66CD4BB96EFA6E19605A6051
:1050E000CA4BCB480122190000F0CAFB3B191A88B1
:1050F000C84B1100180000F083FC82E1E4243B1946
:105100001B889BB23B6600237B66C34B396E7A6E6D
:1051100019605A60C04BC1480122190000F0B0FB71
:105120003B191A88BE4B1100180000F069FC68E1B9
:10513000E4243B191B889BB2BB650023FB65B94B7C
:10514000B96DFA6D19605A60B64BB7480122190063
:1051500000F096FB3B191A88B44B1100180000F0C0
:105160004FFC4EE1E4243B191B889BB23B650023B6
:105170007B65AF4B396D7A6D19605A60AC4BAD48A9
:105180000122190000F07CFB3B191A88AA4B110080
:10519000180000F035FC34E1E4243B191B889BB275
:1051A000BB640023FB64A54BB96CFA6C19605A60B0
:1051B000A24BA3480122190000F062FB3B191A8898
:1051C000A04B1100180000F01BFC1AE1E4243B196D
:1051D0001B889BB23B6400237B649B4B396C7A6CCD
:1051E00019605A60984B99480122190000F048FB59
:1051F0003B191A88964B1100180000F001FC00E1E1
:10520000E4243B191B889BB2BB630023FB63914BD7
:10521000B96BFA6B19605A608E4B8F4801221900E6
:1052200000F02EFB3B191A888C4B1100180000F07F
:10523000E7FBE6E0E4243B191B889BB23B630023B9
:105240007B63874B396B7A6B19605A60844B854856
:105250000122190000F014FB3B191A88824B11003F
:10526000180000F0CDFBCCE0E4243B191B889BB276
:10527000BB620023FB627D4BB96AFA6A19605A600F
:105280007A4B7B480122190000F0FAFA3B191A8880
:10529000784B1100180000F0B3FBB2E0E4243B1996
:1052A0001B889BB23B6200237B62734B396A7A6A2C
:1052B00019605A60704B71480122190000F0E0FA41
:1052C0003B191A886E4B1100180000F099FB98E00A
:1052D000E4243B191B889BB2BB610023FB61694B33
:1052E000B969FA6919605A60664B6748012219006A
:1052F00000F0C6FA3B191A88644B1100180000F040
:105300007FFB7EE0E4243B191B889BB23B610023BA
:105310007B615F4B39697A6919605A605C4B5D4803
:105320000122190000F0ACFA3B191A885A4B1100FF
:10533000180000F065FB64E0E4243B191B889BB275
:10534000BB600023FB60554BB968FA6819605A606E
:10535000524B53480122190000F092FA3B191A8867
:10536000504B1100180000F04BFB4AE0E4243B19BD
:105370001B889BB23B6000237B604B4B39687A688B
:1053800019605A60484B1A685B6810001900FBF7F7
:10539000AFF9464A464BFDF701F802000B004549BC
:1053A0000A604B60404B44480122190000F068FA43
:1053B0003B191A88414B1100180000F021FB20E036
:1053C000E426BB191B889BB21C0000231D003C4B2C
:1053D0001C605D603A4B3B480122190000F050FA16
:1053E000BB191A88384B1100180000F009FB08E0BF
:1053F000E723FB181A78354B1100180010F0C6FE91
:10540000C046C046BD463BB0F0BDC046600000206F
:1054100000980708F0A201086004002000A0070817
:1054200020A301086800002000A807084CA3010879
:105430007000002000B007087CA30108780000205D
:1054400000B80708ACA301088000002000C00708CE
:10545000D8A301088800002000C8070808A4010894
:105460006804002000D0070838A40108900000203C
:1054700000D8070864A401089800002000E007088D
:1054800094A401081804002000000708C4A401081F
:105490002004002000080708F8A4010828040020C0
:1054A000001007082CA5010838040020D26F5F0700
:1054B000CE19913F300400200018070864A50108A8
:1054C0000000002000200708A0A50108DCA50108B5
:1054D00080B500AF094B1B78002B09D1084B180091
:1054E00000F014F80749084B0122180006F062FB8F
:1054F000024B01221A70C046BD4680BDD804002070
:10550000C0040020200900208808002080B582B057
:1055100000AF786080239B0018000EF039FF020076
:105520007B681A607B681B68002B02D101235B42F9
:1055300019E07B681B68802292009A187B685A6089
:105540007B68802292001A817B6800225A817B68E6
:1055500001229A817B681A687B681A617B681A68E5
:105560007B685A6100231800BD4602B080BD000070
:1055700080B582B002AFFFF7ABFF01200DF0A7F8B6
:1055800002000C4B1A600B4B1B68002B04D10A4B1A
:10559000180000F035FA0AE080231A01074908488C
:1055A000002301931923009300230DF063FCBD46F3
:1055B00080BDC046DC040020F8A5010814A601083F
:1055C000C555000880B582B000AF7860074B180061
:1055D0000FF076F9031E03D1044B1800FFF7DEFA33
:1055E000FA239B0018000DF09BFDEFE7E00400207C
:1055F00080B582B002AF00F0B9F800220C2105207E
:105600000CF0F1FF02001C4B1A6000220C21052057
:105610000CF0E9FF0200194B1A60174B1B68002BB6
:1056200005D1174B180000F0EBF9012320E080238F
:105630001A0114491448154B01931A2300930023AF
:105640000DF018FC0300012B01D0012310E0802392
:10565000DA000F490F48104B0193182300930023E1
:105660000DF008FC0300012B01D0012300E0002312
:105670001800BD4680BDC046E0050020E4050020BE
:105680004CA6010870A6010801570008F00500208B
:105690007CA601089D560008EC05002090B587B057
:1056A00000AF7860124B4021180002F0A1FB031EEE
:1056B00019D00C243B190F4A0D48402102F034FA4E
:1056C0000C4B1A6821007B189A600B4B01221A7050
:1056D0000A4B1868791800230A220DF014F80120EB
:1056E0000DF01EFDDEE702200DF01AFDDAE7C046E0
:1056F00010070020F4050020E8050020E005002048
:10570000B0B586B000AF786000F058F8134B1B6856
:10571000134A0824391918000DF034F90300012B3D
:1057200012D13B199A680F4B1A6017257C19082370
:10573000FA180C490C4B180002F0B0F90300237062
:105740007B191B78022BF0D001200DF0E9FC00F052
:1057500057F80A200DF0E4FCD8E7C046E405002025
:10576000368941001C0600201007002080B586B055
:1057700000AF3B008022D2051A603B0000225A6035
:105780003B0002229A603B000122DA603A000A4B99
:105790001100180002F092F8031E01D000F0E2FCA4
:1057A000054B180002F0E7F8031E01D000F0DAFC08
:1057B000C046BD4606B080BD1007002080B500AFD2
:1057C0000E4B0822DA600D4B8022D2055A600B4B3B
:1057D00000229A60094B00221A61084B00225A618C
:1057E000064B00229A61054B0022DA61034B00222E
:1057F0001A6200231800BD4680BDC0461C0600206A
:1058000080B500AF1C4A1D4B1100180002F0A2FA2F
:10581000031E2DD1184B9B68182B08D009D8102BCC
:1058200009D006D8002B08D0082B08D001E0C046CC
:1058300006E0C04604E0C04602E0C04600E0C046C4
:105840000D4B5B69002B13D00C4B180002F0B9F81C
:10585000FA235B0018000DF063FC00F043FAFA2312
:105860005B0018000DF05CFCFFF780FFFFF7A6FF60
:10587000C046BD4680BDC04640060020100700203F
:1058800080B58CB000AFF860B9607A600023FB622D
:10589000FB68294A934203D9FB68284A934201D9FD
:1058A000012344E002F09CFD00237B6118217B185A
:1058B00002221A60FB68F822120694466344DA0A50
:1058C0007B189A607B180122DA607B188022120212
:1058D0005A601423FA187B181100180002F03EFEDB
:1058E000031E03D002F0C2FD0300FB620023BB6273
:1058F00016E0BB6ADB00BA68D3181A685B68F968FF
:10590000012002F01FFD031E04D002F0AFFD0300D2
:10591000FB6209E0FB680833FB60BB6A0133BB62D2
:10592000BA6A7B689A42E4D302F07EFDFB6A1800F3
:10593000BD460CB080BDC046FFFF0608FFFF07084C
:1059400080B586B000AFF860B960BB1D1A80162321
:10595000FB1800221A8012E0FB6816203A18128801
:10596000D200B96889181A685B680A604B60FB68E6
:105970000833FB603B181A883B1801321A80162343
:10598000FA18BB1D12881B889A42E5D3C046C04650
:10599000BD4606B080BD000080B584B000AF786021
:1059A0000023FB60144B40220021180010F08EFCF5
:1059B0007A68114B1100180010F0F8FB0300FB602F
:1059C000FB68002B14DD0C4B1800FAF79DFB03005D
:1059D0001A00094BD218094B1000190003231A00B2
:1059E00010F070FDFA68044B110018000EF026FF4D
:1059F000C046BD4604B080BD6C06002088A60108E4
:105A00000FB490B593B000AF08243B194022002199
:105A1000180010F05BFC542308229B18DB197B60F4
:105A20007A68B96D3B19180010F044FC3B19180056
:105A3000FFF7B2FFC046BD4613B090BC08BC04B02F
:105A4000184780B586B000AFF860B9607A603B60F7
:105A50007A68BB68D31A01333B6100237B610CE099
:105A60007A687B69D31AFA68D21839687B69CB18CF
:105A700012781A707B6901337B617A693B699A42BB
:105A8000EED3C046C046BD4606B080BD80B582B0EC
:105A900000AF0200BB1D1A80BB1D00229B5E1B02D3
:105AA0001AB2BB1D1B881B0A9BB21BB213431BB24D
:105AB0009BB21800BD4602B080BD80B586B000AF75
:105AC000F860B9607A6000237B617B683B610AE023
:105AD0007B691B023A69F9688A18127813437B6163
:105AE0003B6901333B617A68BB68D3183A699A42D3
:105AF000EEDB7B691800BD4606B080BD80B500AF07
:105B000000F030FF00F026F800F030FA00F032F933
:105B100000F078F900F0B4F900F0DAF900F076F866
:105B200000F0E0F80EF0ECFD0CF000FB064A074B2D
:105B3000002118000CF042FB0200054B1A600CF02B
:105B400017FBC046FDE7C046C4A70108FD340008A6
:105B50001C09002090B595B000AF14243B19180023
:105B60003C231A00002110F0B1FB3B1D180010234C
:105B70001A00002110F0AAFB80239B00180004F0FB
:105B8000BDFC3B1921221A603B19802252025A6047
:105B90003B198022D203DA6121007B1802221A62AB
:105BA0007B1803225A627B1800229A627B180C220F
:105BB000DA627B18802292021A637B188022920498
:105BC0005A637B18802292059A637B18180004F0B0
:105BD000E1FC031E01D000F0C5FA3B1D07221A604C
:105BE0003B1D02225A603B1D00229A603B1D002291
:105BF000DA603B1D0121180005F02CF8031E01D0CE
:105C000000F0B0FAC046BD4615B090BD80B584B076
:105C100000AF3B1D18000C231A00002110F056FBAA
:105C20002D4B2E4A1A602C4B8022D2055A602A4BEB
:105C300000229A60284B0022DA60274B00221A616A
:105C4000254B04225A61244B00221A76224B002253
:105C50005A76214B00229A761F4B0122DA611E4BA5
:105C60002022002199541C4B00225A621A4B002218
:105C70009A62194B2C2200219954174B00221A6367
:105C8000154B00225A63144B00229A63124B3C229C
:105C900000219954104B0022DA640F4B180000F0D9
:105CA000B1FF031E01D000F05DFA3B1D0C4A1A60E3
:105CB0003B1D00225A603B1D00229A603A1D064B94
:105CC0001100180001F046F9031E01D000F04AFA55
:105CD000C046BD4604B080BDAC0600200024014093
:105CE0008000001C80B500AF204B214A1A601F4B7A
:105CF00000225A601D4B00229A601C4B0022DA6081
:105D00001A4B00221A74194B00225A74174B0022A6
:105D10009A74164B0C225A61144B01229A61134B50
:105D20000D22DA61114B02221A62104B01225A62D3
:105D30000E4B01229A620D4B0122DA620B4B0122BB
:105D40001A630A4B00225A63084B00229A63074BDE
:105D50000022DA63054B180001F04AFC031E01D053
:105D600000F000FAC046BD4680BDC04610070020C6
:105D70000064004080B500AF204B214A1A601F4BE1
:105D800000225A601D4B00229A601C4B0022DA60F0
:105D90001A4B00221A74194B00225A74174B002216
:105DA0009A74164B0C225A61144B01229A61134BC0
:105DB0000D22DA61114B02221A62104B01225A6243
:105DC0000E4B01229A620D4B0122DA620B4B01222B
:105DD0001A630A4B00225A63084B00229A63074B4E
:105DE0000022DA63054B180001F002FC031E01D00B
:105DF00000F0B8F9C046BD4680BDC046740700201B
:105E00000068004080B500AF1B4B1C4A1A601A4B5B
:105E1000822252005A60184B00229A60164BC02210
:105E20009200DA60144B00221A61134B00225A616F
:105E3000114B802292009A610F4B0822DA610E4BBF
:105E400000221A620C4B00225A620B4B00229A620B
:105E5000094B0722DA62084B00221A63064B08221C
:105E60005A63054B180005F005FB031E01D000F036
:105E700079F9C046BD4680BDD807002000380040F3
:105E800080B500AF0F4B104A1A600E4B0A225A60C1
:105E90000C4B00229A600B4B0C4ADA60094B002233
:105EA0001A61084B00225A61064B00229A61054B89
:105EB000180005F097FB031E01D000F053F9C0460F
:105EC000BD4680BD3C0800200044014080BB00006E
:105ED00080B500AF234B244A1A60224BE1225202C4
:105EE0005A60204B00229A601E4B0022DA601D4B44
:105EF00000221A611B4B0C225A611A4B00229A6134
:105F0000184B0022DA61174B00221A62154B00224F
:105F10005A62144B00229A62124B180005F0F4FDED
:105F2000031E01D000F01EF90E4B0021180007F0EF
:105F300061FE031E01D000F015F90A4B0021180084
:105F400007F098FE031E01D000F00CF9054B180075
:105F500007F016FE031E01D000F004F9C046BD464E
:105F600080BDC046880800200044004090B58BB03A
:105F700000AF14243B19180014231A00002110F05C
:105F8000A5F9694B5A6B684B04210A435A63664B67
:105F90005B6B042213403B613B69634B5A6B624B62
:105FA00020210A435A63604B5B6B20221340FB6045
:105FB000FB685D4B5A6B5C4B01210A435A635A4B99
:105FC0005B6B01221340BB60BB68574B5A6B564B4F
:105FD00002210A435A63544B5B6B022213407B60DD
:105FE0007B68514B5A6B504B08210A435A634E4B06
:105FF0005B6B082213403B603B6881239B014B484D
:106000000022190002F0E3FC4949A023DB0500222D
:10601000180002F0DCFC4749474B0022180002F050
:10602000D6FC464B00220121180002F0D0FC3B199F
:10603000812292011A603B1901225A603B19002209
:106040009A603B190022DA603B19384A19001000A7
:1060500002F034FB3B1901221A603B1900225A60FE
:106060003B1900229A603A19A023DB0511001800A1
:1060700002F024FB3B192E4A1A603B1901225A6098
:106080003B1900229A603B190022DA603A19A023DA
:10609000DB051100180002F011FB3B19254A1A60BC
:1060A0003B1901225A603B1900229A603B190022D9
:1060B000DA603B19204A1900100002F0FFFA3B1980
:1060C00080221A603B1900225A603B1900229A6014
:1060D0003B19164A1900100002F0F0FA3B19012290
:1060E0001A603B1901225A603B1900229A603B1941
:1060F0000022DA603B19114A1900100002F0DEFAA2
:1061000021007B180E221A607B1800225A607B182F
:1061100000229A607B18094A1900100002F0CEFA9A
:10612000C046BD460BB090BD0010024000080050B4
:10613000708000008410000000040050000C00502B
:1061400080B582B000AF78607B681B68044A9342D8
:1061500001D100F027FCC046BD4602B080BDC0465C
:106160000020004080B500AF72B6C046C046FDE7D3
:1061700080B582B000AF154B1A6C144B01210A4355
:106180001A64124B1B6C012213407B607B680F4B1F
:10619000DA6B0E4B802149050A43DA630B4BDA6B4D
:1061A00080235B0513403B603B6802235B42002277
:1061B0000321180001F02EF9C023DB00180000F0C5
:1061C0000DFCC046BD4602B080BDC0460010024076
:1061D00090B58BB000AF786014243B1918001423DD
:1061E0001A00002110F072F87B681B68184A93426D
:1061F00029D1184B1A6C174B802149030A431A64A2
:10620000144B1A6C80235B0313403B613B69114BB9
:106210005A6B104B01210A435A630E4B5B6B0122F0
:106220001340FB60FB683B1980221A603B19032274
:106230005A603B1900229A603A19A023DB0511002D
:10624000180002F03BFAC046BD460BB090BDC046F8
:10625000002401400010024090B59FB000AF78606C
:106260006423FB18180014231A00002110F02EF8E4
:1062700018243B1918004C231A00002110F026F8AE
:106280007B681B685F4A934259D13B198022920474
:106290001A603B1900229A643B19180004F0AEFE04
:1062A000031E01D0FFF75EFF574B1B685A1C564B6D
:1062B0001A60554B1B68012B0DD1544BDA6B534BB5
:1062C000802149010A43DA63504BDA6B80235B017A
:1062D00013407B617B694D4B5A6B4C4B02210A4347
:1062E0005A634A4B5B6B022213403B613B6964215A
:1062F0007B18C02292001A607B1802225A607B1819
:1063000000229A607B180022DA607B1803221A614F
:106310007B183F4A1900100002F0D0F90022032137
:10632000152001F077F8152001F089F800220321EB
:10633000162001F06FF8162001F081F85DE07B680F
:106340001B68344A934258D118217B18802292044A
:106350001A607B1800229A647B18180004F04EFE25
:10636000031E01D0FFF7FEFE274B1B685A1C264B6D
:106370001A60254B1B68012B0DD1244BDA6B234B84
:10638000802149010A43DA63204BDA6B80235B01E9
:106390001340FB60FB681D4B5A6B1C4B02210A43E8
:1063A0005A631A4B5B6B02221340BB60BB686421CB
:1063B0007B1860221A607B1802225A607B18002228
:1063C0009A607B180022DA607B1803221A617B181E
:1063D0000F4A1900100002F071F900220321152064
:1063E00001F018F8152001F02AF8002203211620E8
:1063F00001F010F8162001F022F8C046BD461FB08B
:1064000090BDC046006400402409002000100240F6
:10641000000400500068004090B58BB000AF786079
:1064200014243B19180014231A0000210FF04EFF0A
:106430007B681B681B4A934230D11B4BDA6B1A4BAB
:106440008021C9010A43DA63174BDA6B8023DB0131
:1064500013403B613B69144B5A6B134B02210A43B7
:106460005A63114B5B6B02221340FB60FB683B19C4
:10647000E02212021A6021007B1802225A607B1867
:1064800000229A607B180022DA607B1800221A61D1
:106490007B18064A1900100002F010F9C046BD46EC
:1064A0000BB090BD003800400010024000040050C6
:1064B00080B584B000AF78607B681B680E4A934259
:1064C00015D10E4B1A6C0D4B802189020A431A64B8
:1064D0000A4B1A6C80239B021340FB60FB6800226E
:1064E0000321152000F096FF152000F0A8FFC046FC
:1064F000BD4604B080BDC0460044014000100240CB
:1065000090B59DB000AF78605C23FB181800142391
:106510001A0000210FF0DAFE10243B1918004C235A
:106520001A0000210FF0D2FE7B681B68264A9342B6
:1065300046D13B1902221A603B1900229A603B198E
:10654000180004F05BFD031E01D0FFF70BFE1F4B8C
:10655000DA6B1E4B802189020A43DA631B4BDA6B2C
:1065600080239B021340FB60FB68184B5A6B174B50
:1065700001210A435A63154B5B6B01221340BB6038
:10658000BB685C217B180C221A607B1802225A60BF
:106590007B1800229A607B180022DA607B180122A7
:1065A0001A617A18A023DB051100180002F086F8A2
:1065B000002203211C2000F02DFF1C2000F03FFFD3
:1065C000C046BD461DB090BD0044004000100240D2
:1065D000B0B58CB000AF78602B23FB1800221A7086
:1065E000384B1A6C374B802109020A431A64354B29
:1065F0001A6C80231B021340BB60BB680C23FA1883
:1066000010243B191100180004F0CEFC3B19DB6884
:106610007B627B6A002B04D104F0B0FC0300FB62B8
:1066200004E004F0ABFC03005B00FB62FB6A26495C
:106630001800F9F785FD0300013B3B62234B244A18
:106640001A60224B234ADA60204B3A6A5A601F4B89
:1066500000221A611D4B00229A601C4B00229A6195
:106660002B257C19194B180004F0BCFF0300237084
:106670007B191B78002B1ED17C19144B180005F0D8
:1066800009F8030023707B191B78002B13D113200A
:1066900000F0D5FE7B68032B09D87B680022190027
:1066A000132000F0B7FE0C4B7A681A6003E02B232E
:1066B000FB1801221A702B23FB181B781800BD460B
:1066C0000CB0B0BD0010024040420F00280900206D
:1066D00000200040E7030000A400002080B500AFC8
:1066E000C046FDE780B500AFC046FDE780B500AF0E
:1066F000034B180002F00EFBC046BD4680BDC046ED
:1067000098BC002080B500AF034B180005F024F8BA
:10671000C046BD4680BDC0462809002080B500AFF8
:10672000074B180005F018F8064B180001F07CFB29
:10673000054B180001F078FBC046BD4680BDC04641
:106740003C080020100700207407002080B500AF2F
:10675000054B180001F068FB044B180001F064FBC6
:10676000C046BD4680BDC04610070020740700200B
:1067700080B500AF034B180005F082FAC046BD4655
:1067800080BDC0468808002080B500AF01231800F6
:10679000BD4680BD80B582B000AF786039600FF033
:1067A00059FE030016221A6001235B421800BD4601
:1067B00002B080BD80B582B000AF786001235A423C
:1067C0007B6811001800FFF7E5FFC046FDE780B5C4
:1067D00086B000AFF860B9607A6000237B610AE0A0
:1067E00000E000BF0100BB685A1CBA60CAB21A7050
:1067F0007B6901337B617A697B689A42F0DB7B6855
:106800001800BD4606B080BD80B586B000AFF86008
:10681000B9607A6000237B6109E0BB685A1CBA60EA
:106820001B78180000E000BF7B6901337B617A6947
:106830007B689A42F1DB7B681800BD4606B080BDDC
:1068400080B582B000AF786001235B421800BD467E
:1068500002B080BD80B582B000AF786039603B681F
:10686000802292015A6000231800BD4602B080BD0C
:1068700080B582B000AF786001231800BD4602B039
:1068800080BD80B584B000AFF860B9607A60002345
:106890001800BD4604B080BD80B586B000AF7860FA
:1068A000144A154BD31A7B617B693B61134B1B6800
:1068B000002B02D1114B124A1A60104B1A687B68E8
:1068C000D3183A699A4207D20FF0C4FD03000C2294
:1068D0001A6001235B4209E0084B1B68FB60074B11
:1068E0001A687B68D218054B1A60FB681800BD4611
:1068F00006B080BD004002200004000074090020A2
:10690000E8C2002080B500AFC046BD4680BD000093
:106910000D488546FFF7F6FF0C480D490D4A002348
:1069200002E0D458C4500433C4188C42F9D30A4A44
:106930000A4C002301E013600432A242FBD30FF0A3
:106940008FFDFFF7DBF8FEE700400220000000208B
:10695000F4030020F4AD0108F8030020E4C2002095
:10696000FEE7000080B582B000AFFB1D00221A7068
:106970000B4B1A680A4B802149000A431A60032016
:10698000FFF726FE031E03D0FB1D01221A7001E053
:10699000FFF7EEFBFB1D1B781800BD4602B080BD63
:1069A0000020024080B500AF054B1B781A00054B54
:1069B0001B68D218034B1A60C046BD4680BDC04656
:1069C000A80000207809002080B500AF024B1B68AA
:1069D0001800BD4680BDC0467809002080B582B051
:1069E00000AF7860064B1B68064A13401900044B41
:1069F0007A680A431A60C046BD4602B080BDC046F0
:106A000000000140FFF9FFFF80B582B000AF786061
:106A100039607B681B68054A1A403B681A437B68EB
:106A20001A60C046BD4602B080BDC046FFFF3FFEB3
:106A300080B582B000AF78607B681A68E0235B04A1
:106A400013401800BD4602B080BD80B584B000AFD1
:106A5000F860B9607A60FB685B69BA6804210A4033
:106A6000072191400A00D2431A40BB6804210B4021
:106A7000796899400B001A43FB685A61C046BD46CD
:106A800004B080BD80B582B000AF786039607B68AB
:106A90005B693A6804210A40072191400A001A40C4
:106AA0003B6804210B40DA4013001800BD4602B0D9
:106AB00080BD80B584B000AFF860B9607A60FB68D3
:106AC0009B6ABA681F210A400F2191400A00D243F5
:106AD0001A407B689B0E0F211940BB681F200340A2
:106AE00099400B001A43FB689A62C046BD4604B049
:106AF00080BD80B582B000AF786039607B689A6AEB
:106B00003B685B035B0B1A437B689A62C046BD46D9
:106B100002B080BD80B582B000AF786039607B681C
:106B20009B6A3A685203520BD2431A407B689A62BE
:106B3000C046BD4602B080BD80B584B000AFF860ED
:106B4000B9607A60FB685B69BA681202D2431A4086
:106B5000BB681B0279680B4004490B401A43FB6871
:106B60005A61C046BD4604B080BDC04600FFFF0765
:106B700080B582B000AF78607B689B68054A13409F
:106B8000802252051A437B689A60C046BD4602B017
:106B900080BDC046E8FFFF6F80B582B000AF78606F
:106BA0007B689A6880235B051A4080235B059A42C4
:106BB00001D1012300E000231800BD4602B080BDD2
:106BC00080B582B000AF78607B689B68012213407B
:106BD000012B01D1012300E000231800BD4602B0C3
:106BE00080BD80B582B000AF78607B689B6804226E
:106BF0001340042B01D1012300E000231800BD46FF
:106C000002B080BD80B588B000AF78601F23FB184C
:106C100000221A700023BB6100237B610023FB600C
:106C20007B68002B01D101237FE17B689B6D002BEA
:106C30000AD17B681800FFF7CBFA7B680022DA657F
:106C40007B685422002199547B681B681800FFF769
:106C5000A3FF031E15D17B681B681800FFF788FF90
:106C6000B44B1B68B4491800F9F76AFA0300013302
:106C70005B00FB6002E0FB68013BFB60FB68002BF4
:106C8000F9D17B681B681800FFF786FF031E0FD140
:106C90007B689B6D10221A437B689A657B68DB6D6D
:106CA00001221A437B68DA651F23FB1801221A7040
:106CB0007B681B681800FFF794FF03003B617B684B
:106CC0009B6D1022134000D022E13B69002B00D0C5
:106CD0001EE17B689B6D994A134002221A437B6830
:106CE0009A657B681B681800FFF76AFF031E00D0D7
:106CF000ADE07B689A687B681B7E9B031A437B68C8
:106D00005B7EDB031A437B689B7E5B031A437B68D5
:106D10001B6B002B02D080235B0100E000231A4391
:106D20007B68DB681A437B681B69002B04DA7B688D
:106D30001B695B005B0801E080239B031A437B68AF
:106D40002C215B5C5B001343BA691343BB617B6816
:106D500020229B5C012B15D17B689B7E002B05D1EB
:106D6000BB69802252021343BB610BE07B689B6DC1
:106D700020221A437B689A657B68DB6D01221A43E7
:106D80007B68DA657B685B6A002B0AD07B685A6A8D
:106D9000E0235B001A407B689B6A1343BA69134384
:106DA000BB617B681B68DB68654A134019007B6820
:106DB0001B68BA690A43DA607B685B689B0F9A07B5
:106DC0007B68DB6C13437A6913437B617B683C22ED
:106DD0009B5C012B11D17B685B689B0F9A077B68DA
:106DE0001B6C1A437B685B6C1A437B689B6C1A4371
:106DF0007B691343012213437B617B681B681B691A
:106E0000504A134019007B681B687A690A431A616B
:106E10007B685A68C0231B069A4218D07B685A6860
:106E20008023DB059A4212D07B685A6880231B06B8
:106E30009A420CD0444B1B68444A134019007B68AB
:106E40005A68F0239B031A403F4B0A431A607B6841
:106E500018687B685B6B1A000021FFF7F6FD7B6802
:106E600018687B689B6B3A491A00FFF7EEFD7B6858
:106E70001B69002B09D17B681B689A6A7B681B68B9
:106E8000102149420A439A6218E07B681A698023FC
:106E90009B039A4212D17B681B689B6A7B68DB6903
:106EA000013B9B001C221340102252429A401100C9
:106EB0007B681A6E7B681B680A439A627B681B6852
:106EC00000211800FFF7DEFD02007B685B6B9A4231
:106ED0000BD17B680022DA657B689B6D03229343AC
:106EE00001221A437B689A651CE07B689B6D122225
:106EF000934310221A437B689A657B68DB6D0122FD
:106F00001A437B68DA651F23FB1801221A7009E017
:106F10007B689B6D10221A437B689A651F23FB18C0
:106F200001221A701F23FB181B781800BD4608B0F9
:106F300080BDC046A0000020400D0300FDFEFFFF05
:106F40000102DEFF02FCFF1F08270140FFFFC3FF15
:106F500004FFFF0780B586B000AF78603960172363
:106F6000FB1800221A700023FB607B6854229B5C94
:106F7000012B01D10223C0E17B68542201219954E5
:106F80007B681B681800FFF72CFE031E00D0A3E1EE
:106F90003B685B68022B00D143E17B681A69802360
:106FA0001B069A4204D07B681B69C14A934208D1F0
:106FB0007B681A683B681B6819001000FFF799FD91
:106FC000C9E07B681A6E3B685B681F210B400F218C
:106FD00099400B00DB43134019003B681B685B03BF
:106FE0005B0B05D13B681B689B0E1F22134098E08A
:106FF0003B681B680122134000D091E03B681B688E
:107000000222134000D089E03B681B680422134031
:1070100000D081E03B681B680822134000D079E073
:107020003B681B681022134000D071E03B681B686E
:107030002022134000D069E03B681B6840221340C7
:1070400000D061E03B681B688022134000D059E00B
:107050003B681A6880235B00134051D13B681A6873
:1070600080239B00134049D13B681A688023DB00D2
:10707000134041D13B681A6880231B01134039D16A
:107080003B681A6880235B01134031D13B681A6862
:1070900080239B01134029D13B681A688023DB01C0
:1070A000134021D13B681A6880231B02134019D179
:1070B0003B681A6880235B02134011D13B681A6851
:1070C00080239B02134009D13B681A688023DB02AE
:1070D000134001D0122324E0002322E0112320E0FA
:1070E00010231EE00F231CE00E231AE00D2318E0EE
:1070F0000C2316E00B2314E00A2312E0092310E00E
:1071000008230EE007230CE006230AE0052308E02D
:10711000042306E0032304E0022302E0012300E04D
:1071200000233A6852681F20024093400A001A4325
:107130007B681A663B685B689B085A1C7B68DB6946
:107140009A4208D87B6818683B6859683B681B6896
:107150001A00FFF7AEFC7B6818683B6819683B684B
:107160009B681A00FFF7E8FC3B681B68002B00DBFC
:10717000BCE0504B1800FFF75BFC03003B613B6831
:107180001B684D4A934222D13A6980231B04134065
:107190001DD13B69802212041343464A1900100096
:1071A000FFF732FC454B1B6845491800F8F7C8FF4C
:1071B00003005A1C13005B009B189B00FB6002E05D
:1071C000FB68013BFB60FB68002BF9D18EE03B685C
:1071D0001B683C4A93420ED13A6980235B041340FA
:1071E00009D13B69802252041343324A190010002E
:1071F000FFF70AFC7AE03B681B68334A934200D0F1
:1072000074E03A698023DB03134000D06EE03B69F1
:107210008022D2031343274A19001000FFF7F4FB22
:1072200064E07B681A6980231B069A4204D07B685D
:107230001B691F4A934207D17B681A683B681B6829
:1072400019001000FFF766FC3B681B68002B4DDA45
:10725000184B1800FFF7ECFB03003B613B681B6811
:10726000154A934208D13B69184A1340114A190044
:107270001000FFF7C9FB39E03B681B68114A9342D5
:1072800008D13B69124A13400A4A19001000FFF75F
:10729000BBFB2BE03B681B680B4A934226D13B6942
:1072A0000C4A1340034A19001000FFF7ADFB1DE024
:1072B0000400008008270140001000B0A00000205A
:1072C000400D0300004000B8002000B4FFFF7FFF26
:1072D000FFFFFFFEFFFFBFFF7B689B6D20221A436D
:1072E0007B689A651723FB1801221A707B68542269
:1072F000002199541723FB181B781800BD4606B0CF
:1073000080BDC04680B582B000AF0200FB1D1A7080
:10731000FB1D1B787F2B09D8FB1D1B781A001F2330
:107320001A40044B012191400A001A60C046BD4634
:1073300002B080BD00E100E090B583B000AF020074
:107340003960FB1D1A70FB1D1B787F2B28D82F4A34
:10735000FB1D1B785BB29B08C0339B009B58FA1D3A
:107360001278110003220A40D200FF2191400A0046
:10737000D2431A4011003B689B01FF221A40FB1DBB
:107380001B78180003230340DB009A401F48FB1DB5
:107390001B785BB29B080A43C0339B001A5031E054
:1073A0001B4AFB1D1B7819000F230B40083B9B0851
:1073B00006339B00D31804331B68FA1D12781100A2
:1073C00003220A40D200FF2191400A00D2431A4012
:1073D00011003B689B01FF221A40FB1D1B7818001F
:1073E00003230340DB009A400948FB1D1B781C0067
:1073F0000F232340083B9B080A4306339B00C31816
:1074000004331A60C046BD4603B090BD00E100E001
:1074100000ED00E080B584B000AFB9607A600F2164
:107420007B18021C1A70BA687B181B785BB21100BB
:107430001800FFF781FFC046BD4604B080BD80B58F
:1074400082B000AF0200FB1D1A70FB1D1B785BB2FF
:107450001800FFF757FFC046BD4602B080BD0000D0
:1074600080B582B000AF78607B68002B01D101232A
:107470004FE07B6825229B5CDBB2022B08D07B6847
:107480000422DA637B68242200219954012340E01E
:107490007B681B681A687B681B680E218A431A6028
:1074A0007B689B6C1A687B689B6C1C490A401A605D
:1074B0007B681B681A687B681B6801218A431A6015
:1074C0007B685B6C1C221A407B681B6C012191401D
:1074D0000A005A607B68DB6C7A68126D5A607B68C0
:1074E0005B6D002B0CD07B685B6D1A687B685B6DF5
:1074F0000A490A401A607B689B6D7A68D26D5A60AF
:107500007B682522012199547B682422002199540B
:1075100000231800BD4602B080BDC046FFFEFFFF3D
:1075200080B584B000AF78600F217B1800221A70FC
:107530007B6825229B5CDBB2022B06D07B68042291
:10754000DA637B1801221A7048E07B681B681A68AE
:107550007B681B680E218A431A607B681B681A6867
:107560007B681B6801218A431A607B689B6C1A68E0
:107570007B689B6C1D490A401A607B685B6C1C220F
:107580001A407B681B6C012191400A005A607B689D
:10759000DB6C7A68126D5A607B685B6D002B0CD0D7
:1075A0007B685B6D1A687B685B6D10490A401A60E6
:1075B0007B689B6D7A68D26D5A607B6825220121B9
:1075C00099547B682422002199547B689B6B002B83
:1075D00004D07B689B6B7A68100098470F23FB18D8
:1075E0001B781800BD4604B080BDC046FFFEFFFFFB
:1075F00080B584B000AF78607B68002B01D1012397
:107600004EE17B685C229B5CDBB2002B07D17B6880
:107610005D22002199547B681800FEF71DFE7B68EF
:107620001B689A697B681B6810218A439A61FFF77F
:10763000CBF90300FB6012E0FFF7C6F90200FB681C
:10764000D31A0A2B0BD97B681B6E01221A437B6865
:107650001A667B685C2203219954012320E17B6830
:107660001B689B6908221340082BE5D07B681B68C8
:107670009A697B681B6801210A439A61FFF7A4F9A4
:107680000300FB6012E0FFF79FF90200FB68D31ACA
:107690000A2B0BD97B681B6E01221A437B681A6682
:1076A0007B685C22032199540123F9E07B681B6805
:1076B0009B6901221340E6D07B681B689A697B684E
:1076C0001B6802210A439A617B681B68764A9342D1
:1076D00003D1764A7B685B6813607B681B7C012B57
:1076E00008D17B681B689A697B681B6840218A43C4
:1076F0009A6107E07B681B689A697B681B68402178
:107700000A439A617B685B7C012B09D17B681B680B
:107710009A697B681B688021C9010A439A6107E066
:107720007B681B689A697B681B6861490A409A619B
:107730007B689B7C012B08D17B681B689A697B68FE
:107740001B685C490A409A6108E07B681B689A697B
:107750007B681B68802149010A439A617B681B682A
:107760009B69554A134019007B689A687B681B68BF
:107770000A439A617B681B689A697B681B68A4212D
:107780008A439A617B681B681A697B681B681021B1
:107790008A431A617B68DB68012B08D17B681B6810
:1077A0009A697B681B6804210A439A612CE07B6814
:1077B000DB68002B28D07B68DB68022B1CD07B6841
:1077C0001B689A697B681B6880210A439A617B6801
:1077D0001B681A697B681B6810210A431A617B6861
:1077E000DB68032B10D17B681B689A697B681B6878
:1077F00020210A439A6107E07B681B689A697B68CD
:107800001B6820210A439A617B689B69013B5A06E9
:107810007B68DB69013B1B021A437B681B6A013BE7
:107820001A4311007B685B69013B1A047B681B6883
:107830000A43DA617B689A68C0239B009A4215D19B
:107840007B689B6A5A1E7B68DB6A013B1B021A43FA
:107850007B681B6B013B1B011A4311007B685B6A51
:10786000013B1A047B681B680A43DA607B681B686B
:10787000C02299587B68DA6B7B681B680A43C02179
:107880005A507B68180000F075FC7B6800229A65EE
:107890007B6800221A667B685C22012199540023D0
:1078A0001800BD4604B080BD006400400065004083
:1078B000FFBFFFFFFFEFFFFFFFFCFFFF80B586B0BC
:1078C00000AF7860396017203B187A685C21525C01
:1078D0001A700200BB181B78012B03D0BB181B7851
:1078E000022B3DD13B681B68002B19D13B689B687C
:1078F0009A073B68DB68DB061A433B681B691B047D
:107900001A433B685B6913433B617B681A6C3B68B5
:107910005B689B00D318BB60BB683A691A601DE0C6
:107920003B68DB685A073B681B6913433B613B6854
:107930009B689A073B685B691343FB607B685A6CE2
:107940003B685B68DB00D318BB60BB683A691A60B0
:10795000BB680433BB60BB68FA681A60002306E0AA
:107960007B681B6E02221A437B681A66012318008B
:10797000BD4606B080BD80B582B000AF78607B6840
:107980005C229B5CDBB2012B10D17B685C22022164
:1079900099547B681B689A697B681B6801218A433C
:1079A0009A617B6800221A66002306E07B681B6EE2
:1079B00004221A437B681A6601231800BD4602B0F0
:1079C00080BD80B584B000AF78600023FB607B6829
:1079D0005C229B5CDBB2022B55D17B681B689A69E9
:1079E0007B681B6801210A439A6111E0FB680A2B3E
:1079F0000BD97B681B6E01221A437B681A667B6871
:107A00005C2203219954012344E0FB680133FB60AD
:107A10007B681B689B6901221340E7D00023FB6051
:107A20007B681B689A697B681B6810218A439A618E
:107A300011E0FB680A2B0BD97B681B6E01221A43ED
:107A40007B681A667B685C2203219954012321E03C
:107A5000FB680133FB607B681B689B69082213404D
:107A6000082BE6D07B681B689A697B681B6802213B
:107A70000A439A617B6800229A657B685C22012137
:107A80009954002306E07B681B6E08221A437B682A
:107A90001A6601231800BD4604B080BD80B586B0CB
:107AA00000AFF860B9607A60FB685C229B5CDBB277
:107AB000022B2DD1FB681B68C4229A5880239B039C
:107AC000134008D0FB681B6E802292001A43FB68AB
:107AD0001A66012323E0FB681B68C4229B581B0C19
:107AE000032213407B617B697A68B968F86800F00B
:107AF000ADFBFB681B6801217A6991400A00CC212B
:107B00005A5001227B699A40FB689A65002306E07F
:107B1000FB681B6E08221A43FB681A6601231800D3
:107B2000BD4606B080BD000080B58AB000AFF860E9
:107B3000B9607A603B600023FB611B203B18FA6848
:107B40005C21525C1A703B181B78022B00D0F4E0C9
:107B5000BB68402B3BD1FB681B6890229B580F22CF
:107B6000134008D1FB681B6E802252001A43FB6849
:107B70001A660123E8E0FB681B6890229A5880236C
:107B80005B041A4080235B049A420CD1FB681B689B
:107B900080229A5880239B001A4080239B009A429F
:107BA00001D10123FB61FB681B6890229B581B0AD3
:107BB00003221340FA69D318FB61FB68996CFA69D8
:107BC0001300DB009B18DB00CB187B623AE0FB68FC
:107BD0001B6898229B580F22134008D1FB681B6E2C
:107BE000802252001A43FB681A660123ACE0FB684E
:107BF0001B6898229A5880235B041A4080235B04F8
:107C00009A420CD1FB681B6880229A5880235B0043
:107C10001A4080235B009A4201D10123FB61FB687B
:107C20001B6898229B581B0A03221340FA69D31839
:107C3000FB61FB68D96CFA691300DB009B18DB0061
:107C4000CB187B627B6A1A688023DB051A407B684D
:107C50005A607B685B68002B07D17B6A1B689B0CB2
:107C60005B055A0D7B681A6005E07B6A1B68DB00C8
:107C7000DA087B681A607B6A1A6880239B051A40C1
:107C80007B689A607B6A1B68DB0FDA077B681A6186
:107C90007B6A04337B627B6A1B681B041A0C7B685B
:107CA000DA617B6A1B681B0C0F221A407B68DA6062
:107CB0007B6A1A6880235B031A407B685A617B6A7F
:107CC0001A6880239B031A407B689A617B6A1B6851
:107CD0001B0E7F221A407B681A627B6A1B68DA0FD0
:107CE0007B685A627B6A04337B627B6A7B61002318
:107CF0003B620AE07A693B6AD21839683B6ACB1862
:107D000012781A703B6A01333B627B68DB68104A69
:107D1000D35C1A003B6A9342ECD3BB68402B05D17D
:107D2000FB681B689421FA695A5004E0FB681B68E1
:107D30009C21FA695A50002306E0FB681B6E08225A
:107D40001A43FB681A6601231800BD460AB080BDBD
:107D500048A8010880B584B000AF786039607B68BE
:107D60001B685B6CFB60FB6807221A403B681A606B
:107D7000FB681B0A07221A403B685A60FB681822FE
:107D80001A403B689A60FB685B0901221A403B6815
:107D9000DA60FB689B0901221A403B681A61FB68A4
:107DA000DB0901221A403B685A61FB68DB0A0122A9
:107DB0001A403B689A61FB681B0B01221A403B6822
:107DC000DA61FB685B0B01221A403B681A62FB68B0
:107DD0009B0B01221A403B685A62FB681B0C7F22F6
:107DE0001A403B689A6200231800BD4604B080BD6B
:107DF00080B584B000AF786039603B68402B07D114
:107E00007B681B6890229B580F221340FB6006E0A2
:107E10007B681B6898229B580F221340FB60FB680D
:107E20001800BD4604B080BD80B58CB000AF78604E
:107E30007B681B681A6DE0235B011340FB627B6863
:107E40001B685A6DFB6A1340FB627B681B681B6DE5
:107E500007221340BB627B681B685A6DBB6A1340E4
:107E6000BB627B681B681B6D382213407B627B689A
:107E70001B685A6D7B6A13407B627B681B681A6DB6
:107E8000F1231B0413403B627B681B685A6D3B6AFD
:107E900013403B627B681B681A6DE0231B03134091
:107EA000FB617B681B685A6DFB691340FB617B6853
:107EB0001B685B6DBB617B681B681B6D7B617B69AD
:107EC0009B091A00012313400DD0BB699B091A00BE
:107ED0000123134007D07B681B6840221A657B682A
:107EE000180000F02DF97B691B0A1A0001231340CA
:107EF0001CD0BB691B0A1A000123134016D07B68F3
:107F00001B68D8229B583B617B681B68E0229A580B
:107F10003B6913403B617B681B68802252001A65F5
:107F20003A697B681100180000F0F1F8FB6A002B39
:107F300009D07B681B68FA6A1A65FA6A7B681100C7
:107F4000180000F0B8F8BB6A002B09D07B681B68EA
:107F5000BA6A1A65BA6A7B681100180000F0B4F8B2
:107F60007B6A002B09D07B681B687A6A1A657A6A7B
:107F70007B681100180000F0B0F87B695B0A1A00FA
:107F8000012313400ED0BB695B0A1A000123134082
:107F900008D07B681B68802292001A657B681800F5
:107FA00000F0A4F87B69DB091A00012313401BD001
:107FB000BB69DB091A000123134015D07B681B68DD
:107FC000D4229B58FB607B681B68DC229A58FB68B4
:107FD0001340FB607B681B6880221A65FA687B6827
:107FE0001100180000F08AF87B695B0B1A0001236E
:107FF00013400ED0BB695B0B1A000123134008D05D
:108000007B681B68802292011A657B68180000F06B
:1080100087F87B69DB0B1A00012313400ED0BB6984
:10802000DB0B1A000123134008D07B681B688022F9
:1080300012021A657B68180000F07AF87B699B0BC6
:108040001A000123134010D0BB699B0B1A000123B7
:1080500013400AD07B681B688022D2011A657B68B6
:108060001B6E80221A437B681A66FB69002B09D0BD
:108070007B681B68FA691A65FA697B681100180049
:1080800000F06EF83B6A002B09D07B681B683A6AE7
:108090001A657B681A6E3B6A1A437B681A667B68AE
:1080A0001B6E002B03D07B68180000F051F8C0460F
:1080B000BD460CB080BD80B582B000AF786039603D
:1080C000C046BD4602B080BD80B582B000AF7860CA
:1080D0003960C046BD4602B080BD80B582B000AFF9
:1080E00078603960C046BD4602B080BD80B582B0C0
:1080F00000AF7860C046BD4602B080BD80B582B09A
:1081000000AF78603960C046BD4602B080BD80B522
:1081100082B000AF78603960C046BD4602B080BD15
:1081200080B582B000AF7860C046BD4602B080BD69
:1081300080B582B000AF7860C046BD4602B080BD59
:1081400080B582B000AF7860C046BD4602B080BD49
:1081500080B582B000AF7860C046BD4602B080BD39
:1081600080B582B000AF78603960C046BD4602B0CD
:1081700080BD000080B584B000AF78602F4BBB603D
:108180007B681B682E4A934205D1BB68D4229200BB
:1081900094466344BB607B68BA681A647B681B685A
:1081A00080229B58274A134019007B685B6B1A0496
:1081B0007B681B680A4380215A50BB6870331A00E1
:1081C0007B685A647B681B6880229B581E4A134058
:1081D00019007B689B6B1A067B681B680A43802129
:1081E0005A50BB68B0331A007B689A64BB68893305
:1081F000FF331A007B68DA64BB68982292009A18F1
:108200007B681A65BB689E2292009A187B685A6543
:10821000BB68FB6005E0FB6800221A60FB68043362
:10822000FB60BB68D422920094466344FA689A4289
:10823000F1D3C046C046BD4604B080BD00B4004086
:1082400000680040FFFFE0FFFFFFFFF080B588B04F
:1082500000AFF860B9607A603B60BB685B68002B78
:108260000AD1BB681A69BB689B681A43BB681B6864
:108270009B041343FB610BE0BB681A69BB689B68F6
:108280001A43BB681B6813438022D2051343FB616A
:10829000BB681B6A1A06BB68DB691A43BB689B692B
:1082A0001A43BB685B691A43BB68DB681B04134352
:1082B0003B61FB68596D3A681300DB009B18DB00DB
:1082C000CB18BB61BB69FA691A60BB690433BB6137
:1082D000BB693A691A60BB690433BB6100237B61E7
:1082E00020E07B6903337A68D3181B781A067B6910
:1082F00002337968CB181B781B041A437B6901335E
:108300007968CB181B781B02134379687A698A183D
:1083100012781A43BB691A60BB690433BB617B697D
:1083200004337B61BB68DB68054AD35C1A007B6958
:108330009342D6D3C046C046BD4608B080BDC046B5
:1083400048A80108B0B586B000AFF860B9603A60DF
:108350007B60214B1B78012B01D1022338E01E4B9F
:1083600001221A701C4B00225A6017257C19FA232F
:108370009B00180000F084F8030023707B191B7821
:10838000002B1FD1FB68012B06D13A687B68B968C6
:10839000080000F0C3F805E03A68BB681100180057
:1083A00011F0B2FC1723FC18FA239B00180000F010
:1083B00067F803002370094B5A69FB68D943074BE0
:1083C0000A405A61044B00221A701723FB181B78CD
:1083D0001800BD4606B0B0BD7C0900200020024058
:1083E00080B582B000AFFB1D00221A700B4B5B6999
:1083F000002B0CDA094B0A4A9A60084B094A9A602A
:10840000064B5B69002B02DAFB1D01221A70FB1D73
:108410001B781800BD4602B080BDC0460020024057
:1084200023016745AB89EFCD80B582B000AFFB1D5E
:1084300001221A70FA239B00180000F021F80A4B61
:108440005A69094B802109060A435A61064B5B6948
:10845000002B02DAFB1D00221A70FB1D1B7818008E
:10846000BD4602B080BDC0460020024080B500AFCE
:10847000024B5B681800BD4680BDC0467C090020E9
:1084800080B584B000AF7860FEF79EFA0300FB6011
:10849000C0239B02BB600CE07B68013309D0FEF770
:1084A00093FA0200FB68D31A7A689A4201D8032330
:1084B00028E0164B1B69BA681340EDD1134B1B69BA
:1084C000134A1340BB60114B124A1A61BB68002B60
:1084D00011D0114BBA685A60012313E07B68013355
:1084E00009D0FEF771FA0200FB68D31A7A689A4243
:1084F00001D8032306E0054B1A698023DB021340F1
:10850000ECD100231800BD4604B080BD002002401D
:10851000FAC30000FBC308007C090020B0B584B09A
:1085200000AFF8603A607B600B4B5A690A4B01213F
:108530000A435A61FB683A681A60BFF36F8FC046FE
:108540007B681C0000231D00FB68043322001A60B6
:10855000C046BD4604B0B0BD00200240B0B584B0F6
:1085600000AF78603960334B1B78012B01D10223B7
:108570005CE0304B01221A702E4B00225A600F250E
:108580007C19FA239B001800FFF77AFF0300237081
:108590002C003B191B78002B42D17B681B68042BF5
:1085A0000DD17B685B68180000F048F83C19FA238D
:1085B0009B001800FFF764FF0300237030E03B6866
:1085C000012252421A607B689B68BB601AE07B689C
:1085D0005B68BA681100180000F044F80F257C1998
:1085E000FA239B001800FFF74BFF030023707B1951
:1085F0001B78002B03D03B68BA681A600AE0BB689E
:108600000133BB607B689A687B68DB68D318BA6803
:108610009A42DCD3084B5A69074B02218A435A61BC
:10862000044B00221A700F23FB181B781800BD465C
:1086300004B0B0BD7C0900200020024080B582B0AB
:1086400000AF7860064B5A697B681A43044B80215F
:1086500049020A435A61C046BD4602B080BDC046C9
:108660000020024080B584B000AF786039600F4BC5
:108670005B690F4A1340FB607B68042B05D0FB68E5
:10868000802292011343FB6003E0FB68094A134018
:10869000FB603B68DA00FB681A43044B06490A4357
:1086A0005A61C046BD4604B080BDC04600200240AD
:1086B00007E0FFFFFFDFFFFF0200010080B586B08B
:1086C00000AF7860396000237B614DE13B681B6837
:1086D00001217A6991400A001340FB60FB68002B7E
:1086E00000D13EE13B685B6803221340012B05D0BB
:1086F0003B685B6803221340022B30D17B689B6888
:108700003B617B695B0003229A401300DA433B69BB
:1087100013403B613B68DA687B695B009A40130059
:108720003A6913433B617B683A699A607B685B688E
:108730003B6101227B699A401300DA433B69134095
:108740003B613B685B681B0901221A407B699A40C8
:1087500013003A6913433B617B683A695A603B688E
:108760005B6803221340032B17D07B68DB683B61F7
:108770007B695B0003229A401300DA433B69134094
:108780003B613B689A687B695B009A4013003A69D9
:1087900013433B617B683A69DA603B685B6803229C
:1087A0001340022B23D17B69DA087B6808329200E0
:1087B000D3583B617B69072213409B000F229A40EC
:1087C0001300DA433B6913403B613B681A697B69DC
:1087D00007210B409B009A4013003A6913433B6109
:1087E0007B69DA087B68083292003969D1507B686E
:1087F0001B683B617B695B0003229A401300DA43EC
:108800003B6913403B613B685B6803221A407B690C
:108810005B009A4013003A6913433B617B683A69F5
:108820001A603B685A68C0239B02134000D198E04D
:10883000534A7B699B0818339B009B583B617B69BB
:1088400003221340DB000F229A401300DA433B69F6
:1088500013403B617A68A023DB059A4219D07B68FC
:10886000484A934213D07B68474A93420DD07B68B5
:10887000464A934207D07B68454A934201D104237C
:1088800008E0052306E0032304E0022302E00123BD
:1088900000E000237A6903210A40D20093403A693C
:1088A00013433B6136497B699B0818339B003A6947
:1088B0005A50334B1B683B61FB68DA433B691340FA
:1088C0003B613B685A6880235B03134003D03A69DD
:1088D000FB6813433B612A4B3A691A60284B5B687B
:1088E0003B61FB68DA433B6913403B613B685A6874
:1088F00080239B03134003D03A69FB6813433B6119
:108900001F4B3A695A601E4A8423D3583B61FB6867
:10891000DA433B6913403B613B685A6880239B0202
:10892000134003D03A69FB6813433B611449842226
:108930003B698B50124A8023D3583B61FB68DA4372
:108940003B6913403B613B685A6880235B021340DC
:1089500003D03A69FB6813433B61094980223B69B4
:108960008B507B6901337B613B681A687B69DA4015
:10897000131E00D0AAE6C046C046BD4606B080BD64
:10898000001802400004005000080050000C005085
:108990000010005080B584B000AF78600A00BB1CA6
:1089A0001A807B681B69BA1C1288134004D00F23FD
:1089B000FB1801221A7003E00F23FB1800221A7023
:1089C0000F23FB181B781800BD4604B080BD80B58E
:1089D00082B000AF786008001100BB1C021C1A8036
:1089E0007B1C0A1C1A707B1C1B78002B04D0BB1C40
:1089F0001A887B689A6103E0BB1C1A887B689A62BC
:108A0000C046BD4602B080BD80B584B000AF78607E
:108A10000A00BB1C1A800A23FB6002E0FB68013BD2
:108A2000FB60FB68002BF9D1BB1C1B88DB00064AEE
:108A3000944663445B681B0C9BB29B059B0D9BB2E9
:108A40001800BD4604B080BD0098004080B584B0D9
:108A500000AF78600A00BB1C1A800A23FB6002E0AA
:108A6000FB68013BFB60FB68002BF9D1BB1C1B883A
:108A7000DB00064A944663441B681B0C9BB29B05B3
:108A80009B0D9BB21800BD4604B080BD009800400D
:108A900080B584B000AF78600A00BB1C1A800A233E
:108AA000FB6002E0FB68013BFB60FB68002BF9D137
:108AB000BB1C1B88DB00064A944663445B681B0CA6
:108AC0009BB29B059B0D9BB21800BD4604B080BDB8
:108AD0000098004090B587B002AF78607B68002BAB
:108AE00001D10123EAE07B68764A9B5CDBB2002B74
:108AF00008D17A68A5239B000021D1547B68180017
:108B00000CF046F87B686F4A032199547B681B6818
:108B1000180005F063F90F23FB1800221A7049E0D2
:108B20000F203B181A78796813009B009B18DB0014
:108B3000CB18153301221A703B181A787968130084
:108B40009B009B18DB00CB1814333A1812781A706C
:108B50003B181A78796813009B009B18DB00CB1830
:108B6000173300221A703B181A78796813009B009B
:108B70009B18DB00CB18243300221A603B181A78AC
:108B8000796813009B009B18DB00CB182833002268
:108B90001A603B181B7879685A1C13009B009B18BD
:108BA000DB00CB18043300221A603B181A783B18FC
:108BB00001321A707B681B790F217A1812789A4259
:108BC000AED37B1800221A7056E00F243B191A7896
:108BD00078685623FF33190013009B009B18DB00B5
:108BE000C3185B1800221A703B191A787868AA23F8
:108BF000590013009B009B18DB00C3185B183A193F
:108C000012781A703B191A7878685823FF331900C4
:108C100013009B009B18DB00C3185B1800221A701E
:108C20003B191A787868B223590013009B009B18EF
:108C3000DB00C3185B1800221A603B191A787868A9
:108C4000B423590013009B009B18DB00C3185B186A
:108C500000221A603B191A787868B623590013006D
:108C60009B009B18DB00C3185B1800221A603B199D
:108C70001A783B1901321A707B681B790F22BA18D7
:108C800012789A42A1D37B6818687B686A46197C7F
:108C9000117059689A68DB6805F0D9F87B68002282
:108CA0005A747B68074A012199547B681B7B012B0E
:108CB00003D17B68180001F0F1FB00231800BD46CA
:108CC00005B090BD9502000080B582B000AF78601D
:108CD0007A68A5239B00D35C012B01D1022314E009
:108CE0007A68A5239B000121D1547B681B6818007A
:108CF00005F060F87B681B68180006F06AFE7A6869
:108D0000A5239B000021D15400231800BD4602B0CA
:108D100080BD000080B584B000AF78607B681B68C0
:108D2000180006F066FE0300FB607C4AA023D358BF
:108D30000422134000D1EDE0FA6880231B021340A7
:108D400004D07B68180000F035FBE4E0FA6880236B
:108D5000DB00134011D07B681B685A6C7B681B6872
:108D60006F490A405A647B6818000BF0D4FF7B6897
:108D70000021180000F0E4F8CDE0FA688023DB0160
:108D8000134008D07B681B685A6C7B681B68654978
:108D90000A405A64BFE0FA6880239B01134008D060
:108DA0007B681B685A6C7B681B685F490A405A6481
:108DB000B1E0FA6880235B0113402CD07B681B680C
:108DC0001A6C7B681B6804218A431A647B681B68E1
:108DD0001A6C7B681B6808218A431A647A68B3237B
:108DE0009B00D35C012B09D17A68B3239B0000213F
:108DF000D1547B68002118000CF00CFA7B68180035
:108E00000BF0CAFF7B681B685A6C7B681B6847497C
:108E10000A405A647FE0FA6880231B0113401CD08B
:108E20007B681B681A6C7B681B6808210A431A64FC
:108E30007B681B685A6C7B681B683D490A405A6412
:108E40007B681B681A6C7B681B6804210A431A64E0
:108E50007B6818000BF084FF5DE0FB688022134004
:108E600038D07B681B685A6C7B681B6831490A40A4
:108E70005A647A68B3239B00D35C002B25D17B68AE
:108E80001B681A6C7B681B6804210A431A647B68A0
:108E90001B681A6C7B681B6808210A431A647A688D
:108EA000B3239B000121D1547B681B685B6D9B0839
:108EB0003C22134019007A68B4239B00D1507B6890
:108EC000012118000CF0A6F925E07B6818000BF0D2
:108ED00047FF20E0FA6880239B0013400CD07B689A
:108EE0001B685A6C7B681B6813490A405A647B688C
:108EF00018000BF001FF0EE0FA6880235B001340BE
:108F000009D07B681B685A6C7B681B680B490A4058
:108F10005A6400E0C046BD4604B080BD0000014078
:108F2000FFFB0000FFBF0000FFDF0000FFEF0000BD
:108F3000FFF700007FFF0000FFFD0000FFFE0000C4
:108F400080B582B000AF78600A00FB1C1A707A68A6
:108F5000A5239B00D35C012B01D1022316E07A6884
:108F6000A5239B000121D1547B68FA1C12785A7406
:108F70007B681A68FB1C1B781900100006F016FDB0
:108F80007A68A5239B000021D15400231800BD4618
:108F900002B080BD90B585B000AF78600C001000C5
:108FA0001900FB1C221C1A703B00021C1A80BB1CFF
:108FB0000A1C1A700B23FB1800221A70FB1C1B786A
:108FC0005BB2002B10DAFB1C1B7807221A4013003F
:108FD0009B009B18DB0010337A68D3180433FB60C6
:108FE000FB6801225A7010E0FB1C1B7807221A4014
:108FF00013009B009B18DB005133FF337A68D318B2
:109000000433FB60FB6800225A70FB1C1B780722AC
:109010001340DAB2FB681A703B001A88FB681A61C9
:10902000FB68BA1C1278DA70BB1C1B78022B02D1C9
:10903000FB6800221A717A68A5239B00D35C012B80
:1090400001D1022313E07A68A5239B000121D154AA
:109050007B681B68FA681100180004F023FF7A6827
:10906000A5239B000021D1540B23FB181B7818006B
:10907000BD4605B090BD80B584B000AF78600A00F1
:10908000FB1C1A70FB1C1B785BB2002B10DAFB1C5C
:109090001B7807221A4013009B009B18DB0010333B
:1090A0007A68D3180433FB60FB6801225A7010E021
:1090B000FB1C1B7807221A4013009B009B18DB0047
:1090C0005133FF337A68D3180433FB60FB68002206
:1090D0005A70FB1C1B7807221340DAB2FB681A7027
:1090E0007A68A5239B00D35C012B01D1022311E0F8
:1090F0007A68A5239B000121D1547B681B68FA681C
:109100001100180005F002FA7A68A5239B000021DF
:10911000D15400231800BD4604B080BD80B586B090
:1091200000AFF8607A603B600B203B180A1C1A7095
:1091300001007B181B7807221A4013009B009B1824
:10914000DB005133FF33FA68D31804337B617B694A
:109150007A685A617B693A689A617B690022DA61B0
:109160007B6900225A707B181B7807221340DAB201
:109170007B691A70FB681B687A691100180005F09A
:109180002BFB00231800BD4606B080BD80B582B021
:1091900000AF78600A00FB1C1A70FB1C1B780722CA
:1091A0001A407868B823590013009B009B18DB0015
:1091B000C3185B181B681800BD4602B080BD80B59F
:1091C00086B000AFF8607A603B600B203B180A1C49
:1091D0001A703B181B7807221A4013009B009B183B
:1091E000DB001033FA68D31804337B617B697A683B
:1091F0005A617B693A689A617B69242201219954FA
:109200007B693A681A627B690022DA617B69012214
:109210005A703B181B7807221340DAB27B691A7028
:10922000FB681B687A691100180005F0D5FA002365
:109230001800BD4606B080BD80B584B000AF786030
:109240000A00FB1C1A70FB1C1B78072213407A686B
:109250001279934201D9012348E0FB1C1B785BB2D1
:10926000002B10DAFB1C1B7807221A4013009B000E
:109270009B18DB0010337A68D3180433FB60FB685B
:1092800001225A700EE0FB1C1A7813009B009B18F9
:10929000DB005133FF337A68D3180433FB60FB687B
:1092A00000225A70FB6801229A70FB1C1B7807226F
:1092B0001340DAB2FB681A707A68A5239B00D35C6E
:1092C000012B01D1022311E07A68A5239B00012123
:1092D000D1547B681B68FA681100180006F092FAF6
:1092E0007A68A5239B000021D15400231800BD46B5
:1092F00004B080BD80B584B000AF78600A00FB1C6C
:109300001A70FB1C1B780F2213407A681279934263
:1093100001D901234AE0FB1C1B785BB2002B10DA59
:10932000FB1C1B7807221A4013009B009B18DB00D4
:1093300010337A68D3180433FB60FB6801225A703B
:1093400010E0FB1C1B7807221A4013009B009B189F
:10935000DB005133FF337A68D3180433FB60FB68BA
:1093600000225A70FB6800229A70FB1C1B780722AF
:109370001340DAB2FB681A707A68A5239B00D35CAD
:10938000012B01D1022311E07A68A5239B00012162
:10939000D1547B681B68FA681100180006F074FA53
:1093A0007A68A5239B000021D15400231800BD46F4
:1093B00004B080BDB0B58EB000AF786055E37B6877
:1093C0001B685A6C22203B181A803B181B88DAB2A3
:1093D00021243B190F210A401A703B191B78002BDE
:1093E00000D02BE13B181B881022134040D17B6832
:1093F0001B681B68C54A1340BB607B681B68BA6862
:10940000802109020A431A607B6814337B637B6BFB
:109410001B78DB00BE4A944663441B681B0C9B050B
:109420009A0D7B6BDA617B6B5A697B6BDB69D218B7
:109430007B6B5A617B68002118000BF03FFC7B6856
:109440005B7CDBB2002B00D10FE37B6B9B69002BB5
:1094500000D00AE37B685B7CDBB28022524213437C
:10946000DAB27B681B68DA647B6800225A74FCE21B
:109470007B685533FF337B637B681B681A68322136
:109480007B181A807B181A8880231B01134029D06F
:109490007B681A687B6B1B7819001000FFF7B4FA21
:1094A00003001A007B6BDA617B6818687B68A7226F
:1094B000920099187B6BDA887B6BDB699BB206F0B4
:1094C0001BFB7B681B681B68924A1340FB607B6830
:1094D0001B68FA6880210A431A607B6818000BF049
:1094E000B7FBC2E23223FB1800229B5E002B00DB9D
:1094F000BBE27B681B681B68864A1340FB627B6883
:109500001B68FA6A80210A431A607B681A687B6BC1
:109510001B7819001000FFF777FA03001A007B6B25
:10952000DA617B6BDB69002B1AD07B6B5B69002BEC
:1095300016D07B6818687B6B59697B6BDA887B6B0C
:10954000DB699BB206F0D8FA7B6B5A697B6BDB69EF
:10955000D2187B6B5A617B68002118000BF08DFBE1
:109560007B681B681A6832217B181A807B181A885E
:1095700080231B01134000D077E27B181A88C02398
:109580009B011A40C0239B019A4200D16DE2604BBF
:109590005A685F4B920192095A607B6B1B693E2BA4
:1095A00016D97B6B1B695B097B617B6B1B691F2277
:1095B000134002D17B69013B7B61554B5A687B6943
:1095C0009B061A43524B802109060A435A601EE04B
:1095D0007B6B1B69002B07D14D4B5A684C4B80218C
:1095E00009060A435A6012E07B6B1B695B087B61CA
:1095F0007B6B1B690122134002D07B6901337B61C5
:10960000434B59687B699A06414B0A435A607B6811
:109610001B681B68404A13403B613B698022520132
:1096200053403B613B698022920153403B617B6820
:109630001B683A6939490A431A6016E27B681B685D
:109640001A0021217B181B789B00D3181A6832203E
:109650003B181A803B1800229B5E002B00DBE0E0E9
:109660007B681B681A007B181B789B00D3181B684B
:10967000284A1340FB617B681B681A0008007B18AE
:109680001B789B00D318FA6980210A431A603B18A3
:109690001A7813009B009B18DB005133FF337A6864
:1096A000D31804337B637B6B1B7B002B1CD17B6843
:1096B0001A687B6B1B7824257C1919001000FFF7B2
:1096C000A3F9030023802C003B191B88002B00D139
:1096D0007FE07B6818687B6B59697B6BDA883B1984
:1096E0001B8806F009FA74E07B6BDB78022B17D13C
:1096F0002423FC183223FB181A88796B7B68180026
:1097000000F0C8F90300238063E0C0460F8FFF0715
:10971000009800408F0FFF078FBFFF078080000079
:109720007B681B681A007B6B1B789B00D3181B6837
:10973000D44A1340BB617B681B681A007B6B1B78A3
:109740009B00D318BA69D0490A431A607B681B682A
:109750001A007B6B1B789B00D3181A688023DB01EF
:1097600013401BD07B681A687B6B1B7824257C19FF
:1097700019001000FFF76AF9030023802C003B1941
:109780001B88002B25D07B6818687B6B59697B6B25
:109790001A893B191B8806F0AFF91AE07B681A6832
:1097A0007B6B1B7824257C1919001000FFF770F9DA
:1097B000030023802C003B191B88002B09D07B68F9
:1097C00018687B6B59697B6B5A893B191B8806F0BB
:1097D00093F97B6BDA6924217B181B88D2187B6B89
:1097E000DA617B6B5A697B181B88D2187B6B5A61D4
:1097F0007B6B9B69002B05D07B181A887B6B1B69E0
:109800009A4207D27B6B1A787B68110018000BF024
:1098100034FA06E07B681B687A6B1100180004F0CC
:10982000DBFF32203B181B888022134000D11CE153
:1098300021217B181A7813009B009B18DB00103342
:109840007A68D31804337B637B681B681A007B1823
:109850001B789B00D3181B688C4A1340BB627B6843
:109860001B681A007B181B789B00D318BA6A8021EA
:1098700009020A431A607B6BDB78012B00D0A3E05E
:109880007B6B00229A617B6B1B7B002B00D193E0EA
:109890003B181B884022134047D07B6B5B78002B22
:1098A00021D17B6B1B78DB00794A944663441A68AC
:1098B0007B6B1B78DB0076498C46634492019209EE
:1098C0001A607B6B1B78DB00714A944663441A680C
:1098D0007B6B1B78DB006E498C4663448021090654
:1098E0000A431A6068E07B6B5B78012B64D17B6B69
:1098F0001B78DB00664A944663441A687B6B1B78CE
:10990000DB0063498C4663441204120C1A607B6BC3
:109910001B78DB005E4A9A187B6B1B78DB005C4986
:109920008C46634412681A6046E07B6B5B78002BC0
:1099300021D17B6B1B78DB00554A944663445A68FF
:109940007B6B1B78DB0052498C4663449201920981
:109950005A607B6B1B78DB004D4A944663445A681F
:109960007B6B1B78DB004A498C46634480210906E7
:109970000A435A6020E07B6B5B78012B1CD17B6B28
:109980001B78DB00424A944663445A687B6B1B7821
:10999000DB003F498C4663441204120C5A607B6B17
:1099A0001B78DB003A4A9A187B6B1B78DB0038493E
:1099B0008C46634452685A607B6B1A787B6811004E
:1099C00018000BF07BF950E03223FB181A88802333
:1099D0005B00134041D17B6B1B78DB002C4A944623
:1099E00063441B681B0C9AB226217B189205920DCA
:1099F0001A807B6B9A697B181B889A4207D97B6B0C
:109A00009A697B181B88D21A7B6B9A6102E07B6B88
:109A100000229A617B6B9B69002B07D17B6B1A78C4
:109A20007B68110018000BF049F91EE07B6B5A6946
:109A300026217B181B88D2187B6B5A617B6BDA69F5
:109A40007B181B88D2187B6BDA617B681B687A6B8A
:109A50001100180004F0C0FE07E03223FB181A883A
:109A6000796B7B68180000F0FFF87B681B685A6C04
:109A700080231B02134000D0A1E400231800BD4640
:109A80000EB0B0BD8F8FFF07C08000000F8FFF07A3
:109A900000980040B0B58AB000AFF860B960BB1D57
:109AA0001A80BB1D1A888023DB01134067D0FB6836
:109AB0001A68BB681B781E257C1919001000FEF778
:109AC000C5FF03002380BB689A697B191B889A42F3
:109AD00007D3BB689A697B191B88D21ABB689A6145
:109AE00002E0BB6800229A61BB689B69002B1AD117
:109AF000FB681B681A00BB681B789B00D3181B68A7
:109B0000554A1340BB61BB69802292015340BB613F
:109B1000FB681B681A00BB681B789B00D318BA69E6
:109B20004E490A431A60BB1D1B884022134015D0C2
:109B3000FB681B681A00BB681B789B00D3181B6866
:109B4000474A13407B61FB681B681A00BB681B789F
:109B50009B00D3187A6943490A431A601E243B19B3
:109B60001B88002B00D170E0FB681868BB6859693E
:109B7000BB681A893B191B8805F0BEFF65E0FB68CE
:109B80001A68BB681B781E257C1919001000FEF7A7
:109B90007FFF03002380BB689A697B191B889A4268
:109BA00007D3BB689A697B191B88D21ABB689A6174
:109BB00002E0BB6800229A61BB689B69002B1AD146
:109BC000FB681B681A00BB681B789B00D3181B68D6
:109BD000214A13407B627B6A8022920153407B6260
:109BE000FB681B681A00BB681B789B00D3187A6A55
:109BF0001A490A431A60BB1D1B884022134015D125
:109C0000FB681B681A00BB681B789B00D3181B6895
:109C1000134A13403B62FB681B681A00BB681B7841
:109C20009B00D3183A6A0F490A431A601E243B1955
:109C30001B88002B09D0FB681868BB685969BB6892
:109C40005A893B191B8805F057FF1E23FB181B88F8
:109C50001800BD460AB0B0BD8FBFFF07808000006E
:109C60008F8FFF07C0800000B0B58EB000AFF860E6
:109C7000B960BB1D1A80BB1D1B884022134000D158
:109C8000C3E1FB681A68BB681B781E257C191900A4
:109C90001000FEF7DBFE03002380BB689A697B1986
:109CA0001B889A4207D9BB689A697B191B88D21A0C
:109CB000BB689A6102E0BB6800229A61BB689B693D
:109CC000002B00D0B2E0BB685B78002B21D1BB68D1
:109CD0001B78DB00DA4A944663441A68BB681B7839
:109CE000DB00D7498C466344920192091A60BB6835
:109CF0001B78DB00D24A944663441A68BB681B7821
:109D0000DB00CF498C466344802109060A431A6070
:109D100020E0BB685B78012B1CD1BB681B78DB00A3
:109D2000C74A944663441A68BB681B78DB00C44981
:109D30008C4663441204120C1A60BB681B78DB006B
:109D4000BF4A9A18BB681B78DB00BD498C46634448
:109D500012681A60BB685B78002B21D1BB681B7846
:109D6000DB00B74A944663445A68BB681B78DB0043
:109D7000B3498C466344920192095A60BB681B78D0
:109D8000DB00AF4A944663445A68BB681B78DB002B
:109D9000AB498C466344802109060A435A6020E09F
:109DA000BB685B78012B1CD1BB681B78DB00A44A25
:109DB000944663445A68BB681B78DB00A0498C4614
:109DC00063441204120C5A60BB681B78DB009C4A87
:109DD0009A18BB681B78DB0099498C46634452682B
:109DE0005A60BB681A78FB68110018000AF066FF19
:109DF000BB1D1A888023DB01134000D1D5E2FB682C
:109E00001B681A00BB681B789B00D3181B688D4A1F
:109E100013407B63FB681B681A00BB681B789B00C0
:109E2000D3187A6B88490A431A60BEE2BB1D1A88B0
:109E30008023DB01134015D0FB681B681A00BB6848
:109E40001B789B00D3181B687E4A1340BB62FB68DB
:109E50001B681A00BB681B789B00D318BA6A7A4942
:109E60000A431A60BB6824229B5C012B00D09CE251
:109E7000BB685A691E217B181B88D218BB685A61BF
:109E8000BB68DA697B181B88D218BB68DA61BB68CB
:109E90001A6ABB681B699A4209D3BB681B697B625B
:109EA000BB681A6A7B6AD21ABB681A6216E0BB6882
:109EB0001B6A002B08D11E23FB181B887B62BB6822
:109EC00024220021995409E0BB68242200219954DE
:109ED000BB681B6A7B62BB6800221A62BB685B7846
:109EE000002B62D1BB681B78DB00554A9446634463
:109EF0001A68BB681B78DB0051498C4663449201A9
:109F000092091A607B6A3E2B1ED97B6A5B09FB6251
:109F10007B6A1F22134002D1FB6A013BFB62BB68D4
:109F20001B78DB00464A944663441A68FB6A9B062A
:109F30001A43BB681B78DB0041498C46634480218F
:109F400009060A431A6055E07B6A002B11D1BB68F1
:109F50001B78DB003A4A944663441A68BB681B7856
:109F6000DB0037498C466344802109060A431A60A6
:109F700040E07B6A5B08FB627B6A0122134002D0EF
:109F8000FB6A0133FB62BB681B78DB002C4A9446FA
:109F900063441968FB6A9A06BB681B78DB00284893
:109FA000844663440A431A6024E0BB685B78012B53
:109FB00020D1BB681B78DB00214A944663441A68B1
:109FC000BB681B78DB001E498C4663441204120CEC
:109FD0001A60BB681B78DB00194A94466344196811
:109FE0007B6A1A04BB681B78DB001548844663440F
:109FF0000A431A60FB681868BB685969BB681A890C
:10A000007B6A9BB205F002FDCFE1FB681A68BB6872
:10A010001B781E257C1919001000FEF739FD03007E
:10A020002380BB689A697B191B889A420ED3BB6850
:10A030009A697B191B88D21ABB689A6109E0C046ED
:10A04000009800408F8FFF0780C00000BB6800228F
:10A050009A61BB689B69002B00D0B2E0BB685B785B
:10A06000002B21D1BB681B78DB00B54A94466344C2
:10A070001A68BB681B78DB00B1498C4663449201C7
:10A0800092091A60BB681B78DB00AD4A94466344B2
:10A090001A68BB681B78DB00A9498C4663448021A1
:10A0A00009060A431A6020E0BB685B78012B1CD1CB
:10A0B000BB681B78DB00A24A944663441A68BB68FD
:10A0C0001B78DB009E498C4663441204120C1A6014
:10A0D000BB681B78DB009A4A9A18BB681B78DB00C8
:10A0E00097498C46634412681A60BB685B78002B02
:10A0F00021D1BB681B78DB00914A944663445A68BF
:10A10000BB681B78DB008E498C4663449201920940
:10A110005A60BB681B78DB00894A944663445A68DE
:10A12000BB681B78DB0086498C46634480210906A6
:10A130000A435A6020E0BB685B78012B1CD1BB68E6
:10A140001B78DB007E4A944663445A68BB681B78E0
:10A15000DB007B498C4663441204120C5A60BB68D6
:10A160001B78DB00764A9A18BB681B78DB007449C1
:10A170008C46634452685A60BB681A78FB681100C9
:10A1800018000AF09BFDBB1D1A888023DB011340D9
:10A1900000D00AE1FB681B681A00BB681B789B00B3
:10A1A000D3181B68674A13403B62FB681B681A00A0
:10A1B000BB681B789B00D3183A6A63490A431A604C
:10A1C000F3E0BB1D1A888023DB01134015D1FB6827
:10A1D0001B681A00BB681B789B00D3181B68594A80
:10A1E00013407B61FB681B681A00BB681B789B00EF
:10A1F000D3187A6954490A431A60BB6824229B5CCD
:10A20000012B00D0D1E0BB685A691E217B181B8846
:10A21000D218BB685A61BB68DA697B181B88D218F0
:10A22000BB68DA61BB681A6ABB681B699A4209D3CA
:10A23000BB681B697B62BB681A6A7B6AD21ABB68FF
:10A240001A6216E0BB681B6A002B08D11E23FB189C
:10A250001B887B62BB6824220021995409E0BB68FB
:10A260001B6A7B62BB6800221A62BB682422002141
:10A270009954BB685B78002B68D1BB681B78DB0006
:10A280002F4A944663445A68BB681B78DB002C490C
:10A290008C466344920192095A607B6A3E2B1ED918
:10A2A0007B6A5B09BB617B6A1F22134002D1BB69D9
:10A2B000013BBB61BB681B78DB00214A94466344C9
:10A2C0005A68BB699B061A43BB681B78DB001C49B4
:10A2D0008C466344802109060A435A605BE07B6A2E
:10A2E000002B11D1BB681B78DB00154A94466344F0
:10A2F0005A68BB681B78DB0011498C466344802197
:10A3000009060A435A6046E07B6A5B08BB617B6AC8
:10A310000122134002D0BB690133BB61BB681B78CB
:10A32000DB00074A944663445968BB699A06BB68D8
:10A330001B78DB000248844663440A435A602AE0E3
:10A34000009800408F8FFF0780C00000BB685B78DB
:10A35000012B20D1BB681B78DB00254A944663445F
:10A360005A68BB681B78DB0021498C4663441204A1
:10A37000120C5A60BB681B78DB001D4A944663448C
:10A3800059687B6A1A04BB681B78DB00184884464E
:10A3900063440A435A60FB681868BB685969BB6824
:10A3A0005A897B6A9BB205F031FBFB681B681A0077
:10A3B000BB681B789B00D3181B680E4A13403B6395
:10A3C0003B6B102253403B633B6B202253403B636B
:10A3D000FB681B681A00BB681B789B00D3183A6B9C
:10A3E00005490A431A6000231800BD460EB0B0BDEF
:10A3F00000980040BF8FFF078080000090B587B0B5
:10A4000000AFF860080011007B600A243B19021CB1
:10A410001A800823FB180A1C1A8021007B181B884D
:10A42000802213409BB2002B0DD07B181B88072283
:10A430001A4013009B009B18DB001033FA68D318F6
:10A4400004337B610CE00A23FB181A8813009B007D
:10A450009B18DB005133FF33FA68D31804337B6158
:10A460000823FB181B88002B07D17B6900221A7375
:10A470007B689AB27B69DA800BE07B6901221A73F0
:10A480007B689AB27B691A817B681B0C9AB27B69E4
:10A490005A8100231800BD4607B090BD80B584B036
:10A4A00000AF78607B681B68FB607A68B5239B000F
:10A4B0000121D1507A68B3239B000021D154FB685D
:10A4C0005B6D01221A43FB685A65FB685B6D0222D3
:10A4D0001A43FB685A6500231800BD4604B080BDCE
:10A4E00080B500AF044B5A68034B8021C9000A4372
:10A4F0005A60C046BD4680BD0070004080B584B043
:10A5000000AF7860194B1B68194A13401900174BAC
:10A510007A680A431A607A6880239B009A421FD1A6
:10A52000144B1A6813005B009B185B00124918005B
:10A53000F5F706FE03000133FB6008E0FB68002B23
:10A5400003D0FB68013BFB6001E0032309E0074BFC
:10A550005A698023DB001A408023DB009A42EDD049
:10A5600000231800BD4604B080BDC0460070004006
:10A57000FFF9FFFFA000002040420F0080B500AFB0
:10A58000034B9A68E023DB0113401800BD4680BDF1
:10A590000010024080B588B000AF78607B68002B67
:10A5A00002D1012300F050FB7B681B68012213409D
:10A5B00000D17CE0C34B9B6838221340BB61C14B88
:10A5C000DB68032213407B61BB69102B02D17B69DE
:10A5D000032B02D0BB69082B0BD1BA4B1A6880231E
:10A5E0009B02134062D07B685B68002B5ED1012325
:10A5F0002AE37B685A6880235B029A4207D1B14BF9
:10A600001A68B04B802149020A431A6020E07B6837
:10A610005A68A023DB029A420ED1AA4B1A68A94BB2
:10A620008021C9020A431A60A64B1A68A54B8021F3
:10A6300049020A431A600BE0A24B1A68A14BA249D7
:10A640000A401A609F4B1A689E4BA0490A401A6044
:10A650007B685B68002B14D0FCF7B6F903003B6104
:10A6600008E0FCF7B1F902003B69D31A642B01D969
:10A670000323E9E2934B1A6880239B021340F0D036
:10A6800015E0FCF7A1F903003B6108E0FCF79CF939
:10A6900002003B69D31A642B01D90323D4E2894B0E
:10A6A0001A6880239B021340F0D100E0C0467B680B
:10A6B0001B680222134000D199E0824B9B6838222C
:10A6C0001340BB617F4BDB68032213407B61BB6996
:10A6D000102B02D17B69022B02D0BB69002B35D134
:10A6E000784B1A688023DB00134005D07B68DB6859
:10A6F000002B01D10123A7E2724B5B68744A13401F
:10A7000019007B685B691A026E4B0A435A60BB6989
:10A71000002B12D16B4B1B686E4A134019007B68EB
:10A720001A69684B0A431A60664B1B68DB0A0722EA
:10A730001340694ADA40694B1A60694B1B6818007C
:10A74000FBF746FF031E51D001237DE27B68DB68E7
:10A75000002B30D05B4B1B685E4A134019007B68AE
:10A760001A69584B0A431A60564B1A68554B802198
:10A7700049000A431A60FCF727F903003B6108E02F
:10A78000FCF722F902003B69D31A022B01D90323FB
:10A790005AE24C4B1A688023DB001340F0D0494B3F
:10A7A0005B684B4A134019007B685B691A02454B92
:10A7B0000A435A601BE0434B1A68424B49490A401E
:10A7C0001A60FCF701F903003B6108E0FCF7FCF8B4
:10A7D00002003B69D31A022B01D9032334E2394B1F
:10A7E0001A688023DB001340F0D100E0C0467B688C
:10A7F0001B680822134047D0324B9B683822134015
:10A80000182B0AD12F4B1B6E022213403CD07B68C1
:10A810009B69002B38D1012316E27B689B69002BD2
:10A8200019D0284B1A6E274B01210A431A66FCF7F0
:10A83000CBF803003B6108E0FCF7C6F802003B6977
:10A84000D31A022B01D90323FEE11E4B1B6E0222F9
:10A850001340F1D018E01B4B1A6E1A4B01218A43AA
:10A860001A66FCF7B1F803003B6108E0FCF7ACF8AE
:10A8700002003B69D31A022B01D90323E4E1114BF7
:10A880001B6E02221340F1D17B681B680422134027
:10A8900000D1C7E01F23FB1800221A70094B9B68E8
:10A8A00038221340202B1FD1064BDB6D02221340B0
:10A8B00000D1B7E07B689B68002B00D0B2E0012399
:10A8C000C2E1C04600100240FFFFFEFFFFFFFBFF9A
:10A8D000FF80FFFFFFC7FFFF0024F400A00000205F
:10A8E000A4000020FFFEFFFFB54BDA6B80235B0561
:10A8F000134001D1012300E00023002B11D0B04B05
:10A90000DA6BAF4B802149050A43DA63AC4BDA6B53
:10A9100080235B051340FB60FB681F23FB180122AB
:10A920001A70A84B1A6880235B0013401AD1A54BFC
:10A930001A68A44B802149000A431A60FCF744F8C6
:10A9400003003B6108E0FCF73FF802003B69D31AC3
:10A95000022B01D9032377E19A4B1A6880235B000D
:10A960001340F0D07B689B68012B06D1944BDA6DC5
:10A97000934B01210A43DA651CE07B689B68052B39
:10A980000CD18F4BDA6D8E4B04210A43DA658C4B68
:10A99000DA6D8B4B01210A43DA650BE0884BDA6DE7
:10A9A000874B01218A43DA65854BDA6D844B04219C
:10A9B0008A43DA657B689B68002B14D0FCF704F8A7
:10A9C00003003B6109E0FBF7FFFF02003B69D31A7C
:10A9D0007D4A934201D9032336E1794BDB6D022294
:10A9E0001340F0D013E0FBF7EFFF03003B6109E0F9
:10A9F000FBF7EAFF02003B69D31A734A934201D97D
:10AA0000032321E16E4BDB6D02221340F0D11F23A3
:10AA1000FB181B78012B05D1694BDA6B684B6B492E
:10AA20000A40DA637B681B682022134039D07B68B8
:10AA3000DB69002B1BD0624B1A68614B8021C90374
:10AA40000A431A60FBF7C0FF03003B6108E0FBF715
:10AA5000BBFF02003B69D31A022B01D90323F3E0A9
:10AA6000574B1A6880231B041340F0D019E0544B55
:10AA70001A68534B56490A401A60FBF7A5FF0300BA
:10AA80003B6108E0FBF7A0FF02003B69D31A022BF1
:10AA900001D90323D8E04A4B1A6880231B041340D2
:10AAA000F0D17B681B6A002B00D1CCE0444B9B6843
:10AAB00038221340102B00D17BE07B681B6A022BED
:10AAC00056D13F4B1A683E4B42490A401A60FBF789
:10AAD0007BFF03003B6108E0FBF776FF02003B6968
:10AAE000D31A022B01D90323AEE0354B1A68802319
:10AAF0009B041340F0D1324BDB68374A13401900F6
:10AB00007B685A6A7B689B6A1A437B68DB6A1B0214
:10AB10001A437B681B6B1A437B685B6B1A437B6829
:10AB20009B6B1A43264B0A43DA60254B1A68244B69
:10AB3000802149040A431A60214BDA68204B8021A6
:10AB400049050A43DA60FBF73FFF03003B6108E079
:10AB5000FBF73AFF02003B69D31A022B01D903230A
:10AB600072E0174B1A6880239B041340F0D06AE010
:10AB7000134B1A68124B17490A401A60FBF724FF5F
:10AB800003003B6108E0FBF71FFF02003B69D31A9B
:10AB9000022B01D9032357E0094B1A6880239B0439
:10ABA0001340F0D1064BDA68054B0C490A40DA60D5
:10ABB00049E07B681B6A012B12D1012344E0C046A7
:10ABC000001002400070004088130000FFFFFFEFFC
:10ABD000FFFFBFFFFFFFFFFE8C80C111FCFFFEEEF9
:10ABE0001B4BDB687B617B6903221A407B685B6AD5
:10ABF0009A4226D17B6970221A407B689B6A9A42EE
:10AC00001FD17A69FE23DB011A407B68DB6A1B02D5
:10AC10009A4216D17A69F8239B031A407B681B6B12
:10AC20009A420ED17A69E0231B051A407B685B6B60
:10AC30009A4206D17B695B0F5A077B689B6B9A42ED
:10AC400001D0012300E000231800BD4608B080BDFC
:10AC50000010024080B584B000AF786039607B6836
:10AC6000002B01D10123E9E0764B1B68072213403A
:10AC70003A689A421ED9734B1B6807229343190006
:10AC8000704B3A680A431A60FBF79EFE0300FB60B4
:10AC900009E0FBF799FE0200FB68D31A6A4A934267
:10ACA00001D90323CAE0674B1B68072213403A68A7
:10ACB0009A42EED17B681B680222134015D07B6854
:10ACC0001B680422134006D0604B9A685F4BE0215A
:10ACD000C9010A439A605D4B9B685D4A13401900A5
:10ACE0007B689A68594B0A439A607B681B6801220B
:10ACF000134057D07B685B68012B07D1534B1A6810
:10AD000080239B0213402BD1012397E07B685B6873
:10AD1000022B07D14D4B1A6880239B0413401FD18F
:10AD200001238BE07B685B68002B07D1474B1A68D7
:10AD30008023DB00134013D101237FE07B685B6835
:10AD4000032B06D1414B1B6E0222134008D1012375
:10AD500074E03E4BDB6D0222134001D101236DE014
:10AD60003A4B9B680722934319007B685A68374B1C
:10AD70000A439A60FBF728FE0300FB6009E0FBF73B
:10AD800023FE0200FB68D31A2F4A934201D9032302
:10AD900054E02E4B9B6838221A407B685B68DB00CE
:10ADA0009A42ECD1274B1B68072213403A689A421B
:10ADB0001ED2244B1B68072293431900214B3A688B
:10ADC0000A431A60FBF700FE0300FB6009E0FBF793
:10ADD000FBFD0200FB68D31A1B4A934201D90323EF
:10ADE0002CE0184B1B68072213403A689A42EED1B8
:10ADF0007B681B680422134009D0144B9B68154ADA
:10AE0000134019007B68DA68104B0A439A6000F01F
:10AE100029F801000D4B9B681B0A0F221A400E4BAC
:10AE20009200D3581F2213400A00DA400B4B1A60DD
:10AE30000B4B1B681800FBF7CBFB03001800BD464B
:10AE400004B080BD002002408813000000100240C2
:10AE5000FFF0FFFFFF8FFFFFE8A70108A000002021
:10AE6000A400002080B586B000AF3C4B9B68382220
:10AE700013400FD1394B1B68DB0A07221340012214
:10AE80009A4013003B6039683548F5F759F90300DB
:10AE90003B615DE0314B9B6838221340082B02D1A7
:10AEA000304B3B6154E02D4B9B6838221340102BF4
:10AEB00038D12A4BDB6803221340FB60274BDB6849
:10AEC0001B09072213400133BB60FB68032B0DD124
:10AED000B9682448F5F734F9030019001F4BDB6803
:10AEE0001B0A7F2213404B437B610DE0B9681C486D
:10AEF000F5F726F903001900184BDB681B0A7F22BF
:10AF000013404B437B61C046144BDB685B0F072249
:10AF1000134001337B6079687869F5F711F9030014
:10AF20003B6115E00D4B9B6838221340202B03D169
:10AF300080231B023B610BE0084B9B6838221340C7
:10AF4000182B03D1FA23DB013B6101E000233B61B5
:10AF50003B691800BD4606B080BDC04600100240E7
:10AF60000024F40000127A0080B500AF024B1B6889
:10AF70001800BD4680BDC046A0000020B0B500AF9F
:10AF8000FFF7F2FF0400FFF7F9FA03001A0B054B75
:10AF90009200D3581F221340DC4023001800BD4606
:10AFA000B0BDC04628A8010880B582B000AF786067
:10AFB00039607B6807221A600E4B9B6807221A4093
:10AFC0007B685A600B4B9A68F0231B011A407B6820
:10AFD0009A60084B9A68E023DB011A407B68DA60CC
:10AFE000054B1B6807221A403B681A60C046BD46E5
:10AFF00002B080BD001002400020024080B586B043
:10B0000000AF78601323FB1800221A701223FB187C
:10B0100000221A707B681A6880239B02134000D1BB
:10B02000ADE011203B1800221A70474BDA6B8023E9
:10B030005B05134010D1444BDA6B434B802149052B
:10B040000A43DA63404BDA6B80235B051340BB6035
:10B05000BB683B1801221A703C4B1A683B4B80219D
:10B0600049000A431A60FBF7AFFC0300FB600BE0EA
:10B07000FBF7AAFC0200FB68D31A022B04D91323A6
:10B08000FB1803221A7005E0304B1A6880235B001E
:10B090001340EDD01323FB181B78002B5ED12A4BF5
:10B0A000DA6DC0239B0013407B617B69002B19D0B4
:10B0B0007B681B6C7A699A4214D0234BDB6D244A5F
:10B0C00013407B61204BDA6D1F4B802149020A43FC
:10B0D000DA651D4BDA6D1C4B1E490A40DA651A4BC6
:10B0E0007A69DA657B690122134016D0FBF76CFCA4
:10B0F0000300FB600CE0FBF767FC0200FB68D31A5F
:10B10000154A934204D91323FB1803221A7004E052
:10B110000D4BDB6D02221340EDD01323FB181B787F
:10B12000002B0AD1084BDB6D094A134019007B68DC
:10B130001A6C054B0A43DA6516E01223FB1813223A
:10B14000BA1812781A700FE0001002400070004028
:10B15000FFFCFFFFFFFFFEFF881300001223FB1818
:10B160001322BA1812781A701123FB181B78012BBE
:10B1700005D1B64BDA6BB54BB5490A40DA637B684B
:10B180001B680122134009D0B04B5B6D032293432F
:10B1900019007B685A68AD4B0A435A657B681B6887
:10B1A0000222134009D0A94B5B6D0C229343190076
:10B1B0007B689A68A54B0A435A657B681B68042222
:10B1C000134009D0A14B5B6D3022934319007B687B
:10B1D000DA689E4B0A435A657B681B68102213404D
:10B1E00009D09A4B5B6D9B4A134019007B681A6922
:10B1F000964B0A435A657B681A6880235B011340AB
:10B2000009D0924B5B6D944A134019007B685A69D0
:10B210008E4B0A435A657B681A6880239B00134053
:10B2200009D08A4B5B6D8D4A134019007B689A6A7E
:10B23000864B0A435A657B681A688023DB001340FB
:10B2400009D0824B5B6D864A134019007B68DA6A2D
:10B250007E4B0A435A657B681B682022134009D045
:10B260007A4B5B6D7F4A134019007B689A69774B74
:10B270000A435A657B681B684022134009D0734B10
:10B280005B6D794A134019007B68DA696F4B0A439A
:10B290005A657B681A688023DB01134015D06B4B1D
:10B2A0005B6D9B0099087B681A6B684B0A435A6573
:10B2B0007B681A6B8023DB059A4206D1634BDA6800
:10B2C000624B802149020A43DA607B681A68802356
:10B2D0001B03134009D05D4B5B6D40229343190063
:10B2E0007B685A6B594B0A435A657B681A688023FE
:10B2F0009B03134016D0554B5B6D5C4A13401900FD
:10B300007B689A6B514B0A435A657B689A6B802322
:10B31000DB039A4206D14D4BDA684C4B802149043D
:10B320000A43DA607B681A688023DB03134016D077
:10B33000464B5B6D4E4A134019007B68DA6B434BFA
:10B340000A435A657B68DA6B80235B049A4206D114
:10B350003E4BDA683D4B802149040A43DA607B6842
:10B360001A6880231B01134014D0384B9B6D0322B5
:10B37000934319007B681A6A344B0A439A657B68C9
:10B380001B6A012B06D1314BDA68304B8021490210
:10B390000A43DA607B681A6880239B01134014D04B
:10B3A0002A4B9B6D0C22934319007B685A6A274BEA
:10B3B0000A439A657B685B6A042B06D1234BDA68E3
:10B3C000224B802149020A43DA607B681A68802395
:10B3D0005B04134016D01D4B9B6D224A134019008D
:10B3E0007B685A6C194B0A439A657B685A6C8023B8
:10B3F0009B019A4206D1154BDA68144B802149040F
:10B400000A43DA607B681A6880239B04134016D0D5
:10B410000E4B9B6D104A134019007B689A6C0B4BC6
:10B420000A439A657B689A6C80235B009A4206D136
:10B43000064BDA68054B802149040A43DA6012237F
:10B44000FB181B781800BD4606B080BD00100240F6
:10B45000FFFFFFEFFFF3FFFFFFFCFFFFFFFFF3FF27
:10B46000FFFFCFFFFFCFFFFFFF3FFFFFFFFFBFFF4C
:10B47000FFFFFFFE80B584B000AF78607B68002BD3
:10B4800001D10123A8E07B685B6A002B09D17B68AE
:10B490005A6882235B009A4209D07B680022DA61F5
:10B4A00005E07B6800221A617B6800225A617B6894
:10B4B00000229A627B685D229B5CDBB2002B07D185
:10B4C0007B685C22002199547B681800FAF7A4FF7E
:10B4D0007B685D22022199547B681B681A687B682F
:10B4E0001B6840218A431A607B68DA68E023DB002E
:10B4F0009A4202D90023FB6002E080235B01FB60DB
:10B500007B68DA68F0231B019A4208D07B68DA680E
:10B51000E023DB009A4202D07B6800229A627B68BB
:10B520005A6882235B001A407B68996884231B0257
:10B530000B401A437B681B6902210B401A437B684E
:10B540005B6901210B401A437B68996980239B004A
:10B550000B401A437B68DB6938210B401A437B6838
:10B560001B6A80210B401A4311007B689A6A802372
:10B570009B011A407B681B680A431A607B689B69C1
:10B580001B0C04221A407B685B6A10210B401A4393
:10B590007B685B6B08210B401A437B68D968F023FA
:10B5A0001B010B401A431100FA6880235B011A400B
:10B5B0007B681B680A435A607B681B68DA697B6892
:10B5C0001B6807490A40DA617B6800221A667B68BB
:10B5D0005D220121995400231800BD4604B080BDAE
:10B5E000FFF7FFFF80B582B000AF78607B68002B6B
:10B5F00001D101234AE07B683D229B5CDBB2002B3A
:10B6000007D17B683C22002199547B681800FAF727
:10B610004FFF7B683D22022199547B681A687B6842
:10B6200004331900100000F0BFF97B6848220121A3
:10B6300099547B683E22012199547B683F22012165
:10B6400099547B684022012199547B684122012151
:10B6500099547B684222012199547B68432201213D
:10B6600099547B684422012199547B684522012129
:10B6700099547B684622012199547B684722012115
:10B6800099547B683D220121995400231800BD463E
:10B6900002B080BD80B584B000AF78607B683D2289
:10B6A0009B5CDBB2012B01D0012347E07B683D228C
:10B6B000022199547B681B68DA687B681B6801214A
:10B6C0000A43DA607B681B681E4A934214D07B6889
:10B6D0001A688023DB059A420ED07B681B681A4AE1
:10B6E000934209D07B681B68184A934204D07B6858
:10B6F0001B68174A934216D17B681B689B68154AE2
:10B700001340FB60FB68062B16D0FA6880235B02AF
:10B710009A4211D07B681B681A687B681B680121FC
:10B720000A431A6008E07B681B681A687B681B681C
:10B7300001210A431A6000E0C04600231800BD46FC
:10B7400004B080BD002C014000040040000800400F
:10B75000004001400700010080B584B000AF786070
:10B760007B681B68DB68FB607B681B681B69BB60D0
:10B77000BB680222134021D0FB68022213401DD077
:10B780007B681B68032252421A617B6801221A7788
:10B790007B681B689B690322134004D07B681800F8
:10B7A00000F0EAF807E07B68180000F0DDF87B683D
:10B7B000180000F0E9F87B6800221A77BB680422C1
:10B7C000134022D0FB68042213401ED07B681B6804
:10B7D000052252421A617B6802221A777B681B6835
:10B7E0009A69C0239B00134004D07B68180000F0C6
:10B7F000C3F807E07B68180000F0B6F87B68180013
:10B8000000F0C2F87B6800221A77BB680822134058
:10B8100021D0FB68082213401DD07B681B680922D9
:10B8200052421A617B6804221A777B681B68DB69C5
:10B830000322134004D07B68180000F09DF807E055
:10B840007B68180000F090F87B68180000F09CF806
:10B850007B6800221A77BB681022134022D0FB6855
:10B86000102213401ED07B681B68112252421A61BD
:10B870007B6808221A777B681B68DA69C0239B0003
:10B88000134004D07B68180000F076F807E07B686E
:10B89000180000F069F87B68180000F075F87B6804
:10B8A00000221A77BB68012213400CD0FB680122EA
:10B8B000134008D07B681B68022252421A617B68E1
:10B8C0001800FAF73DFCBB688022134004D1BA6827
:10B8D00080239B0113400BD0FB688022134007D0CC
:10B8E0007B681B681E4A1A617B68180000F0FCF830
:10B8F000BA6880235B0013400BD0FB6880221340A2
:10B9000007D07B681B68174A1A617B68180000F033
:10B91000F3F8BB68402213400CD0FB684022134070
:10B9200008D07B681B68412252421A617B6818006C
:10B9300000F032F8BB68202213400CD0FB682022B4
:10B94000134008D07B681B68212252421A617B6831
:10B95000180000F0C1F8C046BD4604B080BDC04626
:10B960007FDFFFFFFFFEFFFF80B582B000AF786092
:10B97000C046BD4602B080BD80B582B000AF7860E1
:10B98000C046BD4602B080BD80B582B000AF7860D1
:10B99000C046BD4602B080BD80B582B000AF7860C1
:10B9A000C046BD4602B080BD80B584B000AF7860AF
:10B9B00039607B681B68FB607B683F4A93420CD010
:10B9C0007A688023DB059A4207D07B683B4A934222
:10B9D00003D07B683A4A934208D1FB6870229343B4
:10B9E000FB603B685B68FA681343FB607B68324A24
:10B9F00093421CD07A688023DB059A4217D07B687B
:10BA00002E4A934213D07B682D4A93420FD07B6815
:10BA10002C4A93420BD07B682B4A934207D07B6819
:10BA20002A4A934203D07B68294A934208D1FB6893
:10BA3000284A1340FB603B68DB68FA681343FB60ED
:10BA4000FB68802293431A003B685B691343FB60E9
:10BA50007B68FA681A603B689A687B68DA623B68C0
:10BA60001A687B689A627B68134A93420BD07B68A2
:10BA7000154A934207D07B68144A934203D07B68EF
:10BA8000134A934203D13B681A697B681A637B6847
:10BA900001225A617B681B6901221340012B06D1E8
:10BAA0007B681B69012293431A007B681A61C046B8
:10BAB000BD4604B080BDC046002C014000040040DB
:10BAC00000080040002000400040014000440140C8
:10BAD00000480140FFFCFFFF80B582B000AF7860F6
:10BAE000C046BD4602B080BD80B582B000AF786070
:10BAF000C046BD4602B080BD80B582B000AF786060
:10BB0000C046BD4602B080BD80B582B000AF78604F
:10BB10007B68002B01D1012346E07B6888229B587B
:10BB2000002B07D17B688422002199547B68180080
:10BB3000FAF7E6FC7B688822242199507B681B6811
:10BB40001A687B681B6801218A431A607B689B6ABC
:10BB5000002B03D07B68180000F032FF7B681800D0
:10BB600000F0D8FB0300012B01D101231CE07B680E
:10BB70001B685A687B681B680D490A405A607B68DD
:10BB80001B689A687B681B682A218A439A607B68D5
:10BB90001B681A687B681B6801210A431A607B686E
:10BBA000180000F0C1FF03001800BD4602B080BDC0
:10BBB000FFB7FFFF80B588B000AFF860B960BB1D6C
:10BBC0001A80FB688C229B58202B4FD1BB68002B1E
:10BBD00003D0BB1D1B88002B01D1012347E0FB686C
:10BBE0009A6880235B019A4209D1FB681B69002B8C
:10BBF00005D1BB680122134001D0012337E0FB6867
:10BC00000022DA66FB681B681B4A934225D0FB685A
:10BC10001B681A4A934220D0FB681B685A6880232D
:10BC20001B04134019D0EFF310833B613B69FB61A8
:10BC300001237B617B6983F31088C046FB681B6826
:10BC40001A68FB681B688021C9040A431A60FB69F3
:10BC5000BB61BB6983F31088C046BB1D1A88B968F5
:10BC6000FB68180001F07AF8030000E002231800D6
:10BC7000BD4608B080BDC046008000400084004042
:10BC8000B0B5AAB000AF78607B681B68DB69A422FE
:10BC9000B9180B607B681B681B68A02039180B6003
:10BCA0007B681B689B689C2439190B601100BB18CA
:10BCB0001B68A24A13409822BD182B60BB181B6852
:10BCC000002B1AD17B181B682022134015D03B187B
:10BCD0001B682022134005D13B191A6880235B059D
:10BCE00013400AD07B685B6F002B00D1DCE27B68DD
:10BCF0005B6F7A6810009847D6E29823FB181B68A0
:10BD0000002B00D122E19C23FB181B688C4A1340B6
:10BD100006D1A023FB181B688A4A134000D115E105
:10BD2000A423FB181B680122134012D0A023FB1888
:10BD30001A6880235B0013400BD07B681B680122CC
:10BD40001A627B6890229B5801221A437B689021DB
:10BD50005A50A423FB181B680222134011D09C23C5
:10BD6000FB181B68012213400BD07B681B68022262
:10BD70001A627B6890229B5804221A437B689021A8
:10BD80005A50A423FB181B680422134011D09C2393
:10BD9000FB181B68012213400BD07B681B68042230
:10BDA0001A627B6890229B5802221A437B6890217A
:10BDB0005A50A423FB181B680822134017D0A02355
:10BDC000FB181B682022134005D19C23FB181B681D
:10BDD0005B4A13400BD07B681B6808221A627B68A1
:10BDE00090229B5808221A437B6890215A50A42322
:10BDF000FB181A6880231B01134013D0A023FB18E3
:10BE00001A688023DB0413400CD07B681B688022F7
:10BE100012011A627B6890229B5820221A437B6889
:10BE200090215A507B6890229B58002B00D13DE214
:10BE3000A423FB181B682022134015D0A023FB1855
:10BE40001B682022134006D19C23FB181A6880230C
:10BE50005B05134008D07B685B6F002B04D07B68C8
:10BE60005B6F7A68100098477B6890229B589421FA
:10BE70007A1813607B681B689B6840221340402B34
:10BE800004D07B181B68282213404CD07B68180014
:10BE900001F088F87B681B689B6840221340402BA8
:10BEA0003CD1EFF310833B663B6E90203A18136051
:10BEB00001237B667B6E83F31088C0467B681B681A
:10BEC0009A687B681B6840218A439A603B181B680C
:10BED000BB66BB6E83F31088C0467B6880229B588C
:10BEE000002B16D07B6880229B58174A9A637B6888
:10BEF00080229B581800FBF713FB031E1CD07B68A5
:10BF000080229B589B6B7A6880215258100098477A
:10BF100012E07B68180000F0E9F90DE07B6818007A
:10BF200000F0E4F908E07B68180000F0DFF97B68B6
:10BF3000902200219950B9E1C046B7E10F080000F6
:10BF4000010000102001000471D000087B68DB6E46
:10BF5000012B00D03EE1A423FB181B6810221340E4
:10BF600000D137E1A023FB181B681022134000D139
:10BF700030E17B681B6810221A627B681B689B6833
:10BF800040221340402B00D0A4E07B6880229B58C5
:10BF90001B685A687E217B181A807B181B88002B2F
:10BFA00000D185E17B685C229B5A7A1812889A42FC
:10BFB00000D37DE17B687A185E2112885A527B6833
:10BFC00080229B581B681B682022134070D1EFF31E
:10BFD00010833B633B6BBB6701237B637B6B83F30A
:10BFE0001088C0467B681B681A687B681B68B44968
:10BFF0000A401A60BB6FBB63BB6B83F31088C046FB
:10C00000EFF31083FB63FB6B7B6701233B643B6CAB
:10C0100083F31088C0467B681B689A687B681B683E
:10C0200001218A439A607B6F7B647B6C83F3108869
:10C03000C046EFF31083BB64BB6C3B670123FB641A
:10C04000FB6C83F31088C0467B681B689A687B682A
:10C050001B6840218A439A603B6F3B653B6D83F3CD
:10C060001088C0467B688C22202199507B68002272
:10C07000DA66EFF310837B657B6DFB660123BB659E
:10C08000BB6D83F31088C0467B681B681A687B68A9
:10C090001B6810218A431A60FB6EFB65FB6D83F3FE
:10C0A0001088C0467B6880229B581800FBF7D8F99F
:10C0B0007B6802221A677B685C229A5A7B685E2141
:10C0C0005B5A9BB2D31A9AB27B681100180000F039
:10C0D00015F9EDE07B685C22995A7B685E229B5AD9
:10C0E0009AB28E203B188A1A1A807B685E229B5A6D
:10C0F0009BB2002B00D1DDE03B181B88002B00D148
:10C10000D8E0EFF31083FB60FB6888243A191360D2
:10C1100001233B613B6983F31088C0467B681B6841
:10C120001A687B681B6867490A401A603B191B68DC
:10C130007B617B6983F31088C046EFF31083BB619A
:10C14000BB6984243A1913600123FB61FB6983F303
:10C150001088C0467B681B689A687B681B685A49D0
:10C160000A409A603B191B683B623B6A83F3108864
:10C17000C0467B688C22202199507B680022DA66B9
:10C180007B6800225A67EFF310837B627B6A80240E
:10C190003A1913600123BB62BB6A83F31088C0465F
:10C1A0007B681B681A687B681B6810218A431A60C9
:10C1B0003B191B68FB62FB6A83F31088C0467B68EF
:10C1C00002221A673B181A887B681100180000F0D9
:10C1D00095F86FE0A423FB181A6880235B031340D3
:10C1E00010D09C23FB181A688023DB03134009D06E
:10C1F0007B681B68802252031A627B68180001F07A
:10C20000A7FC5AE0A423FB181B688022134016D019
:10C21000A023FB181B688022134006D19C23FB1827
:10C220001A6880231B04134009D07B689B6F002B86
:10C2300042D07B689B6F7A68100098473CE0A4234B
:10C24000FB181B68402213400AD0A023FB181B6870
:10C250004022134004D07B68180000F020FF2CE03F
:10C26000A423FB181A6880231B0413400BD0A023BF
:10C27000FB181A688023DB05134004D07B68180084
:10C2800001F076FC19E0A423FB181A6880235B04F4
:10C29000134012D0A023FB181B68002B0DDA7B681B
:10C2A000180001F05DFC08E0C04606E0C04604E06E
:10C2B000C04602E0C04600E0C046BD462AB0B0BD60
:10C2C000FFFEFFFFDFFEFFFFFEFFFFEF80B582B046
:10C2D00000AF7860C046BD4602B080BD80B582B078
:10C2E00000AF7860C046BD4602B080BD80B582B068
:10C2F00000AF7860C046BD4602B080BD80B582B058
:10C3000000AF78600A00BB1C1A80C046BD4602B070
:10C3100080BD0000B0B590B000AF78621A23202233
:10C320009B18DB1900221A707B6A9A687B6A1B696A
:10C330001A437B6A5B691A437B6ADB691343FB63BD
:10C340007B6A1B681B68C14A134019007B6A1A6824
:10C35000FB6B0B4313607B6A1B685B68BC4A134032
:10C3600018007B6AD9687B6A1A6803000B43536024
:10C370007B6A9B69FB637B6A1B68B64A934209D060
:10C380007B6A1B68B44A934204D07B6A1B6AFA6BCF
:10C390001343FB637B6A1B689B68B04A1340190018
:10C3A0007B6A1A68FB6B0B4393607B6A1B68DB6AD2
:10C3B0000F22934318007B6A596A7B6A1A6803004C
:10C3C0000B43D3627B6A1B68A54A934231D1A54BCC
:10C3D0005B6D03221340032B1DD023D8022B0CD0FE
:10C3E00020D8002B02D0012B0ED01BE01B232022D3
:10C3F0009B18DB1900221A7054E11B2320229B1882
:10C40000DB1902221A704DE11B2320229B18DB1935
:10C4100004221A7046E11B2320229B18DB190822F4
:10C420001A703FE11B2320229B18DB1910221A707F
:10C4300038E17B6A1B688C4A934231D1894B5B6D32
:10C440000C2213400C2B1DD023D8082B0CD020D845
:10C45000002B02D0042B0ED01BE01B2320229B18A4
:10C46000DB1900221A701DE11B2320229B18DB1907
:10C4700002221A7016E11B2320229B18DB190422CA
:10C480001A700FE11B2320229B18DB1908221A7057
:10C4900008E11B2320229B18DB1910221A7001E1EE
:10C4A0007B6A1B68714A934231D16E4B5B6D3022BF
:10C4B0001340302B1DD023D8202B0CD020D8002B9C
:10C4C00002D0102B0ED01BE01B2320229B18DB195F
:10C4D00000221A70E6E01B2320229B18DB1902229F
:10C4E0001A70DFE01B2320229B18DB1904221A702C
:10C4F000D8E01B2320229B18DB1908221A70D1E0F8
:10C500001B2320229B18DB1910221A70CAE07B6AB9
:10C510001B68574A934206D11B2320229B18DB1924
:10C5200000221A70BEE07B6A1B68524A934206D111
:10C530001B2320229B18DB1900221A70B2E07B6AB1
:10C540001B684D4A934206D11B2320229B18DB19FE
:10C5500000221A70A6E07B6A1B683E4A93423ED1D5
:10C56000404B5A6DC0231B011340C022120193425D
:10C5700027D0C022120193422AD88022120193426E
:10C5800011D080221201934222D8002B04D08022A5
:10C59000D20093420ED01BE01B2320229B18DB19F4
:10C5A00000221A707EE01B2320229B18DB19022236
:10C5B0001A7077E01B2320229B18DB1904221A70C3
:10C5C00070E01B2320229B18DB1908221A7069E0F7
:10C5D0001B2320229B18DB1910221A7062E07B6A51
:10C5E0001B681D4A934257D11E4B5A6DC0239B00B6
:10C5F0001340C0229200934240D0C0229200934246
:10C6000043D880229200934211D08022920093421C
:10C610003BD8002B04D08022520093420ED034E04D
:10C620001B2320229B18DB1900221A703AE01B23DF
:10C6300020229B18DB1902221A7033E01B232022D0
:10C640009B18DB1904221A702CE0C046F369FFCF57
:10C65000FFCFFFFF0080004000840040FFF4FF1187
:10C6600000380140001002400044004000480040F3
:10C67000004C004000500040003C01401B232022A1
:10C680009B18DB1908221A700CE01B2320229B1830
:10C69000DB1910221A7005E01B2320229B18DB19DE
:10C6A00010221A707B6A1B68C14A934205D07B6ACC
:10C6B0001B68C04A934200D093E01B2320229B18A2
:10C6C000DB191B78082B15D018DC042B0DD015DCDA
:10C6D000002B02D0022B05D010E0FEF74FFC030028
:10C6E0007B6314E0B44B7B6311E0FEF7BBFB0300FC
:10C6F0007B630CE080231B027B6308E000237B63E9
:10C700001A2320229B18DB1901221A70C0467B6B6A
:10C71000002B00D135E17B6A5A6AA84B5200D35AEC
:10C720001900786BF3F70CFD0300BB627B6A5A6853
:10C7300013005B009B18BA6A9A4205D37B6A5B6858
:10C740001B03BA6A9A4206D91A2320229B18DB19C6
:10C7500001221A7044E07B6BBB610023FB617B6AA2
:10C760005A6A964B5200D35A3B6100237B613A6967
:10C770007B69B869F969F3F7D1FE02000B00110E6D
:10C780001D020D4314027B6A5B685B08BB600023DB
:10C79000FB60B868F968001969417B6A5B683B60B7
:10C7A00000237B603A687B68F3F7B8FE02000B0059
:10C7B00013003B633A6BC0239B009A4209D33A6B48
:10C7C00080235B039A4204D27B6A1B683A6BDA606F
:10C7D00006E01A2320229B18DB1901221A70D0E0F0
:10C7E000CFE07B6ADA6980231B029A4200D070E0B6
:10C7F0001B2320229B18DB191B78082B15D018DC73
:10C80000042B0DD015DC002B02D0022B05D010E03C
:10C81000FEF7B4FB03007B6314E0674B7B6311E01E
:10C82000FEF720FB03007B630CE080231B027B638D
:10C8300008E000237B631A2320229B18DB190122C6
:10C840001A70C0467B6B002B00D19AE07B6A5A6A53
:10C850005A4B5200D35A1900786BF3F771FC03005E
:10C860005A007B6A5B685B08D2187B6A5B681900B8
:10C870001000F3F765FC03003B633B6B0F2B21D9E2
:10C880003A6B80235B029A421CD23B6B9AB20E2019
:10C8900020240319DB190F218A431A803B6B5B08A4
:10C8A0009BB20722134099B20319DB190219D2195E
:10C8B00012880A431A807B6A1B680219D2191288EF
:10C8C000DA605EE01A2320229B18DB1901221A701D
:10C8D00057E01B2320229B18DB191B78082B15D04F
:10C8E00018DC042B0DD015DC002B02D0022B05D058
:10C8F00010E0FEF743FB03007B6314E02E4B7B63E9
:10C9000011E0FEF7AFFA03007B630CE080231B020B
:10C910007B6308E000237B631A2320229B18DB192A
:10C9200001221A70C0467B6B002B2AD07B6A5A6AA0
:10C93000224B5200D35A1900786BF3F701FC030025
:10C940001A007B6A5B685B08D2187B6A5B68190017
:10C950001000F3F7F5FB03003B633B6B0F2B0AD989
:10C960003A6B80235B029A4205D23B6B9AB27B6A98
:10C970001B68DA6005E01A2320229B18DB190122CC
:10C980001A707B6A6A22012199527B6A682201210E
:10C9900099527B6A00225A677B6A00229A671A239F
:10C9A00020229B18DB191B781800BD4610B0B0BDC3
:10C9B00000800040008400400024F40058A80108D2
:10C9C00080B582B000AF78607B689B6A0822134014
:10C9D0000BD07B681B685B684A4A134019007B6870
:10C9E0009A6B7B681B680A435A607B689B6A0122CA
:10C9F00013400BD07B681B685B68434A13401900E7
:10CA00007B68DA6A7B681B680A435A607B689B6AAA
:10CA1000022213400BD07B681B685B683B4A1340C3
:10CA200019007B681A6B7B681B680A435A607B6835
:10CA30009B6A042213400BD07B681B685B68344AF6
:10CA4000134019007B685A6B7B681B680A435A6065
:10CA50007B689B6A102213400BD07B681B689B6825
:10CA60002C4A134019007B68DA6B7B681B680A4309
:10CA70009A607B689B6A202213400BD07B681B68FE
:10CA80009B68254A134019007B681A6C7B681B68F9
:10CA90000A439A607B689B6A402213401DD07B68E2
:10CAA0001B685B681D4A134019007B685A6C7B68E1
:10CAB0001B680A435A607B685A6C80235B039A4266
:10CAC0000BD17B681B685B68154A134019007B68B3
:10CAD0009A6C7B681B680A435A607B689B6A802259
:10CAE00013400BD07B681B685B680E4A134019002B
:10CAF0007B68DA6C7B681B680A435A60C046BD4697
:10CB000002B080BDFF7FFFFFFFFFFDFFFFFFFEFFC5
:10CB1000FFFFFBFFFFEFFFFFFFDFFFFFFFFFEFFF69
:10CB2000FFFF9FFFFFFFF7FF80B592B002AF786075
:10CB30007B68902200219950F9F746FF0300FB63C0
:10CB40007B681B681B6808221340082B2DD1FB6BE8
:10CB5000802291037868474A0092002200F08EF804
:10CB6000031E22D0EFF310837B627B6ABB63012339
:10CB7000BB62BB6A83F31088C0467B681B681A6877
:10CB80007B681B6880218A431A60BB6BFB62FB6A6F
:10CB900083F31088C0467B688822202199507B68E7
:10CBA000842200219954032360E07B681B681B6882
:10CBB00004221340042B46D1FB6B8022D1037868FA
:10CBC0002C4A0092002200F059F8031E3BD0EFF3EC
:10CBD0001083FB60FB687B6301233B613B6983F34C
:10CBE0001088C0467B681B681A687B681B682249EE
:10CBF0000A401A607B6B7B617B6983F31088C046B7
:10CC0000EFF31083BB61BB693B630123FB61FB69ED
:10CC100083F31088C0467B681B689A687B681B6832
:10CC200001218A439A603B6B3B623B6A83F3108825
:10CC3000C0467B688C22202199507B688422002189
:10CC40009954032312E07B688822202199507B6845
:10CC50008C22202199507B680022DA667B680022B2
:10CC60001A677B6884220021995400231800BD466E
:10CC700010B080BDFFFFFF01DFFEFFFF80B584B075
:10CC800000AFF860B9603B60FB1D1A7051E0BB69F2
:10CC900001334ED0F9F798FE02003B68D31ABA6907
:10CCA0009A4202D3BB69002B01D1032351E0FB68F8
:10CCB0001B681B68042213403BD0BB68802B38D014
:10CCC000BB68402B35D0FB681B68DB69082213402A
:10CCD000082B11D1FB681B6808221A62FB68180038
:10CCE00000F060F9FB68902208219950FB688422CB
:10CCF0000021995401232CE0FB681B68DA6980232A
:10CD00001B011A4080231B019A4212D1FB681B6849
:10CD1000802212011A62FB68180000F043F9FB68D8
:10CD2000902220219950FB688422002199540323EA
:10CD30000FE0FB681B68DB69BA681340BA68D31A56
:10CD40005A425341DBB21A00FB1D1B789A429ED017
:10CD500000231800BD4604B080BD000080B598B027
:10CD600000AFF860B960BB1D1A80FB68BA689A65AD
:10CD7000FB68BA1D5C2112885A52FB68BA1D5E21FD
:10CD800012885A52FB6800225A67FB689A6880230F
:10CD90005B019A420DD1FB681B69002B04D1FB6833
:10CDA00060227B4999522EE0FB686022FF21995254
:10CDB00029E0FB689B68002B0DD1FB681B69002BE9
:10CDC00004D1FB686022FF2199521CE0FB686022BD
:10CDD0007F21995217E0FB689A6880235B059A428D
:10CDE0000DD1FB681B69002B04D1FB6860227F21F9
:10CDF000995208E0FB6860223F21995203E0FB68EA
:10CE0000602200219952FB68902200219950FB6812
:10CE10008C2222219950EFF310833B643B6CFB651D
:10CE200001237B647B6C83F31088C046FB681B681E
:10CE30009A68FB681B6801210A439A60FB6DBB641A
:10CE4000BB6C83F31088C046FB685A6E80239B0539
:10CE50009A4250D1FB6868229B5ABA1D12889A42A6
:10CE600049D3FB689A6880235B019A4207D1FB682B
:10CE70001B69002B03D1FB68464A5A6702E0FB6836
:10CE8000454A5A67FB681B69002B19D0EFF31083E2
:10CE90007B637B6BBB650123BB63BB6B83F3108838
:10CEA000C046FB681B681A68FB681B688021490044
:10CEB0000A431A60BB6DFB63FB6B83F31088C046AB
:10CEC000EFF31083BB62BB6A7B650123FB62FB6AE5
:10CED00083F31088C046FB681B689A68FB681B6870
:10CEE000802149050A439A607B6D3B633B6B83F36A
:10CEF0001088C04647E0FB689A6880235B019A422D
:10CF000007D1FB681B69002B03D1FB68234A5A67D2
:10CF100002E0FB68224A5A67FB681B69002B19D0A4
:10CF2000EFF31083FB61FB69FB6401233B623B6A07
:10CF300083F31088C046FB681B681A68FB681B688F
:10CF4000902149000A431A60FB6C7B627B6A83F381
:10CF5000108818E0EFF310833B613B693B650123C8
:10CF60007B617B6983F31088C046FB681B681A6885
:10CF7000FB681B6820210A431A603B6DBB61BB69DB
:10CF800083F31088C04600231800BD4618B080BD4A
:10CF9000FF010000EDD70008A1D40008CDD20008A1
:10CFA000F9D0000880B58EB000AF7860EFF3108341
:10CFB0007B617B697B630123BB61BB6983F3108861
:10CFC000C0467B681B681A687B681B6826490A4054
:10CFD0001A607B6BFB61FB6983F31088C046EFF33B
:10CFE00010833B623B6A3B6301237B627B6A83F372
:10CFF0001088C0467B681B689A687B681B681B4961
:10D000000A409A603B6BBB62BB6A83F31088C046E0
:10D010007B68DB6E012B18D1EFF31083BB60BB681C
:10D02000FB620123FB60FB6883F31088C0467B68CA
:10D030001B681A687B681B6810218A431A60FB6AA8
:10D040003B613B6983F31088C0467B688C222021BA
:10D0500099507B680022DA667B6800225A67C046D6
:10D06000BD460EB080BDC046DFFEFFFFFEFFFFEFF6
:10D0700080B584B000AF78607B689B6AFB60FB681A
:10D080005E2200219952FB68562200219952FB68CA
:10D090001800FFF72BF9C046BD4604B080BD80B52F
:10D0A00086B000AF7860EFF31083BB60BB687B6134
:10D0B0000123FB60FB6883F31088C0467B681B6814
:10D0C0001A687B681B6840218A431A607B693B6150
:10D0D0003B6983F31088C0467B68882220219950E1
:10D0E0007B6800229A677B681800FFF7EFF8C0465C
:10D0F000BD4606B080BD000080B594B000AF78603A
:10D100004E203B187A686021525A1A807B688C2224
:10D110009B58222B00D0C4E07B681B685A6A4C21C4
:10D120007B181A807B181B88DAB23B181B88D9B28F
:10D130007B689B6D0A40D2B21A707B689B6D5A1C4B
:10D140007B689A657B685E229B5A9BB2013B99B2D1
:10D150007B685E2299527B685E229B5A9BB2002BB1
:10D1600000D0A6E0EFF310837B627B6ABB640123EF
:10D17000BB62BB6A83F31088C0467B681B681A6871
:10D180007B681B684D490A401A60BB6CFB62FB6AF6
:10D1900083F31088C046EFF310833B633B6B7B64E3
:10D1A00001237B637B6B83F31088C0467B681B681D
:10D1B0009A687B681B6801218A439A607B6CBB6319
:10D1C000BB6B83F31088C0467B688C22202199506A
:10D1D0007B6800225A677B6800221A677B681B689D
:10D1E000374A934224D07B681B68364A93421FD04B
:10D1F0007B681B685A6880231B04134018D0EFF328
:10D200001083BB61BB693B640123FB61FB6983F352
:10D210001088C0467B681B681A687B681B682A49AF
:10D220000A401A603B6C3B623B6A83F31088C0463D
:10D230007B68DB6E012B2FD17B680022DA66EFF36F
:10D240001083FB60FB68FB6301233B613B6983F355
:10D250001088C0467B681B681A687B681B681021B1
:10D260008A431A60FB6B7B617B6983F31088C0463D
:10D270007B681B68DB6910221340102B03D17B688D
:10D280001B6810221A627B685C229A5A7B68110024
:10D290001800FFF733F80CE07B681800FFF71EF862
:10D2A00007E07B681B689A697B681B6808210A4352
:10D2B0009A61C046BD4614B080BDC046DFFEFFFF88
:10D2C0000080004000840040FFFFFFFB80B594B069
:10D2D00000AF78604E203B187A686021525A1A805D
:10D2E0007B688C229B58222B00D0C4E07B681B6893
:10D2F0005A6A4C217B181A807B689B6DBB647B1833
:10D300003A181B88128813409AB2BB6C1A807B684B
:10D310009B6D9A1C7B689A657B685E229B5A9BB2C8
:10D32000013B99B27B685E2299527B685E229B5AD0
:10D330009BB2002B00D0A6E0EFF310833B623B6A68
:10D340007B6401237B627B6A83F31088C0467B6821
:10D350001B681A687B681B684D490A401A607B6C21
:10D36000BB62BB6A83F31088C046EFF31083FB6295
:10D37000FB6A3B6401233B633B6B83F31088C0462D
:10D380007B681B689A687B681B6801218A439A60E6
:10D390003B6C7B637B6B83F31088C0467B688C227D
:10D3A000202199507B6800225A677B6800221A6707
:10D3B0007B681B68374A934224D07B681B68364AD7
:10D3C00093421FD07B681B685A6880231B0413405C
:10D3D00018D0EFF310837B617B69FB630123BB6192
:10D3E000BB6983F31088C0467B681B681A687B683A
:10D3F0001B682A490A401A60FB6BFB61FB6983F3D7
:10D400001088C0467B68DB6E012B2FD17B68002221
:10D41000DA66EFF31083BB60BB68BB630123FB607C
:10D42000FB6883F31088C0467B681B681A687B68BA
:10D430001B6810218A431A60BB6B3B613B6983F315
:10D440001088C0467B681B68DB6910221340102BD4
:10D4500003D17B681B6810221A627B685C229A5A8F
:10D460007B6811001800FEF749FF0CE07B6818008C
:10D47000FEF734FF07E07B681B689A697B681B68CE
:10D4800008210A439A61C046BD4614B080BDC0461B
:10D49000DFFEFFFF0080004000840040FFFFFFFB35
:10D4A00080B5A0B000AF78607A23FB187A6860215D
:10D4B000525A1A807B681B68DB69FB677B681B68B4
:10D4C0001B687B677B681B689B683B677B688C225B
:10D4D0009B58222B00D06FE16E23FB187A686821DD
:10D4E000525A1A8016E17B681B685A6A6C217B18B5
:10D4F0001A807B181B88DAB27A23FB181B88D9B2F2
:10D500007B689B6D0A40D2B21A707B689B6D5A1C77
:10D510007B689A657B685E229B5A9BB2013B99B2FD
:10D520007B685E2299527B681B68DB69FB67FB6F37
:10D530000722134049D0FB6F0122134010D07A6FAD
:10D5400080235B0013400BD07B681B6801221A62AA
:10D550007B6890229B5801221A437B6890215A5085
:10D56000FB6F022213400FD03B6F012213400BD000
:10D570007B681B6802221A627B6890229B580422F7
:10D580001A437B6890215A50FB6F042213400FD03E
:10D590003B6F012213400BD07B681B6804221A6288
:10D5A0007B6890229B5802221A437B6890215A5034
:10D5B0007B6890229B58002B07D07B681800FEF7F1
:10D5C00095FE7B689022002199507B685E229B5AD1
:10D5D0009BB2002B00D09DE0EFF31083BB63BB6BCD
:10D5E000BB660123FB63FB6B83F31088C0467B683B
:10D5F0001B681A687B681B6875490A401A60BB6E15
:10D600003B643B6C83F31088C046EFF310837B646C
:10D610007B6C7B660123BB64BB6C83F31088C046C4
:10D620007B681B689A687B681B686A490A409A6035
:10D630007B6EFB64FB6C83F31088C0467B688C2296
:10D64000202199507B6800225A677B6800221A6764
:10D650007B681B68604A934224D07B681B685F4AE2
:10D6600093421FD07B681B685A6880231B041340B9
:10D6700018D0EFF31083FB62FB6A3B6601233B6328
:10D680003B6B83F31088C0467B681B681A687B6815
:10D690001B6853490A401A603B6E7B637B6B83F3C4
:10D6A0001088C0467B68DB6E012B2FD17B6800227F
:10D6B000DA66EFF310833B623B6AFB6501237B6212
:10D6C0007B6A83F31088C0467B681B681A687B6896
:10D6D0001B6810218A431A60FB6DBB62BB6A83F32F
:10D6E0001088C0467B681B68DB6910221340102B32
:10D6F00003D17B681B6810221A627B685C229A5AED
:10D700007B6811001800FEF7F9FD03E07B68180044
:10D71000FEF7E4FD6E23FB181B88002B04D0FB6F83
:10D720002022134000D0DEE65A203B187A685E21A2
:10D73000525A1A8001007B181B88002B44D07B684A
:10D7400068229B5A7A1812889A423DD2EFF31083CE
:10D75000BB60BB687B650123FB60FB6883F31088BB
:10D76000C0467B681B689A687B681B681D490A4035
:10D770009A607B6D3B613B6983F31088C0467B6890
:10D78000194A5A67EFF310837B617B693B6501237C
:10D79000BB61BB6983F31088C0467B681B681A684D
:10D7A0007B681B6820210A431A603B6DFB61FB69A3
:10D7B00083F31088C04607E07B681B689A697B6822
:10D7C0001B6808210A439A61C046BD4620B080BD4F
:10D7D000FFFEFFFFFEFFFFEF0080004000840040DF
:10D7E000FFFFFFFBFFFFFFEFF9D0000880B5A2B0FD
:10D7F00000AF78608223FB187A686021525A1A8041
:10D800007B681B68DB698422BA1813607B681B681D
:10D810001B68FB677B681B689B68BB677B688C2207
:10D820009B58222B00D079E17623FB187A68682177
:10D83000525A1A801EE17B681B685A6A74217B1851
:10D840001A807B689B6D3B677B188222BA181B8805
:10D85000128813409AB23B6F1A807B689B6D9A1CAA
:10D860007B689A657B685E229B5A9BB2013B99B2AA
:10D870007B685E2299527B681B68DB6984217A1879
:10D8800013607B181B68072213404ED07B181B685F
:10D890000122134010D0FA6F80235B0013400BD09D
:10D8A0007B681B6801221A627B6890229B580122C8
:10D8B0001A437B6890215A508423FB181B6802226C
:10D8C00013400FD0BB6F012213400BD07B681B6845
:10D8D00002221A627B6890229B5804221A437B68BA
:10D8E00090215A508423FB181B68042213400FD048
:10D8F000BB6F012213400BD07B681B6804221A62A5
:10D900007B6890229B5802221A437B6890215A50D0
:10D910007B6890229B58002B07D07B681800FEF78D
:10D92000E5FC7B689022002199507B685E229B5A1F
:10D930009BB2002B00D09DE0EFF31083FB63FB6BE9
:10D94000FB6601233B643B6C83F31088C0467B6815
:10D950001B681A687B681B6876490A401A60FB6E70
:10D960007B647B6C83F31088C046EFF31083BB6449
:10D97000BB6CBB660123FB64FB6C83F31088C04661
:10D980007B681B689A687B681B686B490A409A60D1
:10D99000BB6E3B653B6D83F31088C0467B688C2271
:10D9A000202199507B6800225A677B6800221A6701
:10D9B0007B681B68614A934224D07B681B68604A7D
:10D9C00093421FD07B681B685A6880231B04134056
:10D9D00018D0EFF310833B633B6B7B6601237B63C3
:10D9E0007B6B83F31088C0467B681B681A687B6872
:10D9F0001B6854490A401A607B6EBB63BB6B83F3A0
:10DA00001088C0467B68DB6E012B2FD17B6800221B
:10DA1000DA66EFF310837B627B6A3B660123BB62AD
:10DA2000BB6A83F31088C0467B681B681A687B68F2
:10DA30001B6810218A431A603B6EFB62FB6A83F30A
:10DA40001088C0467B681B68DB6910221340102BCE
:10DA500003D17B681B6810221A627B685C229A5A89
:10DA60007B6811001800FEF749FC03E07B68180092
:10DA7000FEF734FC7623FB181B88002B06D084238A
:10DA8000FB181B682022134000D0D4E65E203B1810
:10DA90007A685E21525A1A8001007B181B88002B7D
:10DAA00044D07B6868229B5A7A1812889A423DD2E9
:10DAB000EFF31083FB60FB68BB6501233B613B69AF
:10DAC00083F31088C0467B681B689A687B681B6874
:10DAD0001D490A409A60BB6D7B617B6983F31088A6
:10DAE000C0467B68194A5A67EFF31083BB61BB6974
:10DAF0007B650123FB61FB6983F31088C0467B686B
:10DB00001B681A687B681B6820210A431A607B6DBA
:10DB10003B623B6A83F31088C04607E07B681B6862
:10DB20009A697B681B6808210A439A61C046BD4612
:10DB300022B080BDFFFEFFFFFEFFFFEF0080004030
:10DB400000840040FFFFFFFBFFFFFFEFCDD2000886
:10DB500080B582B000AF7860C046BD4602B080BDDF
:10DB600080B582B000AF7860C046BD4602B080BDCF
:10DB700080B582B000AF7860C046BD4602B080BDBF
:10DB800080B584B000AF78607B6884229B5C012BF9
:10DB900001D1022327E07B688422012199547B680C
:10DBA0008822242199507B681B681B68FB607B6876
:10DBB0001B681A687B681B6801218A431A60FB682E
:10DBC0000B4A1340FB607B6800225A667B681B6827
:10DBD000FA681A607B688822202199507B68842229
:10DBE0000021995400231800BD4604B080BDC046F2
:10DBF000FFFFFFDF80B584B000AF786039607B68DD
:10DC000084229B5C012B01D102232EE07B688422BD
:10DC1000012199547B688822242199507B681B68D4
:10DC20001B68FB607B681B681A687B681B680121A6
:10DC30008A431A607B681B689B68DB00D9087B6895
:10DC40001B683A680A439A607B68180000F054F831
:10DC50007B681B68FA681A607B68882220219950CB
:10DC60007B6884220021995400231800BD4604B02B
:10DC700080BD000080B584B000AF786039607B68FB
:10DC800084229B5C012B01D102232FE07B6884223C
:10DC9000012199547B688822242199507B681B6854
:10DCA0001B68FB607B681B681A687B681B68012126
:10DCB0008A431A607B681B689B680E4A13401900F0
:10DCC0007B681B683A680A439A607B68180000F01A
:10DCD00013F87B681B68FA681A607B688822202129
:10DCE00099507B6884220021995400231800BD4676
:10DCF00004B080BDFFFFFFF1F0B585B000AF7860E4
:10DD00007B685B6E002B08D17B686A2201219952E7
:10DD10007B6868220121995243E00F26BB19082233
:10DD20001A700E203B1808221A707B681B689B68CB
:10DD30005B0EDAB20D243B1907210A401A707B688A
:10DD40001B689B685B0FDAB20C257B1907210A4020
:10DD50001A703B181B787A19127814498A5C5A4356
:10DD600010007B191B78124AD35C1900F2F772FA83
:10DD7000030099B27B686A229952BB191B783A1941
:10DD800012780A498A5C5A4310003B191B78084AEA
:10DD9000D35C1900F2F75EFA030099B27B6868223F
:10DDA0009952C046BD4605B0F0BDC04670A80108F6
:10DDB00078A8010880B584B000AF78607B68002245
:10DDC0005A64054BFB607B68FA681A6400231800EC
:10DDD000BD4604B080BDC04680BF000080B584B0A1
:10DDE00000AF7860064BFB607B681B6CFA68D2431F
:10DDF0001A407B681A6400231800BD4604B080BD39
:10DE000080BF000080B582B000AF78600A00FB1CC4
:10DE10001A70FB1C1B78002B06D17B681B6C5B0007
:10DE20005A087B681A640DE0FB1C1B78012B07D194
:10DE30007B681B6C802212061A437B681A6401E01F
:10DE4000012300E000231800BD4602B080BD84B06D
:10DE5000B0B584B000AF7860042020240019C01948
:10DE60000160426083607B6801221A647B681B6CDE
:10DE7000012293431A007B681A640F257C197B6882
:10DE800000211800FFF7BEFF030023707B6800220B
:10DE90005A647B191B781800BD4604B0B0BC08BC9E
:10DEA00004B0184780B59EB000AF78603960772322
:10DEB000FB1800221A707A683B681B789B00D31805
:10DEC0001B68DC4A13403B673B68DB78032B0ED0B2
:10DED00019DC022B1CD016DC002B02D0012B0CD03D
:10DEE00011E03B6F8022920013433B6711E03B6FD0
:10DEF000C022D20013433B670BE03B6F8022D2006D
:10DF000013433B6705E07723FB1801221A7000E0FA
:10DF1000C0467A683B681B789B00D3183A6FC649A5
:10DF20000A431A607A683B681B789B00D3181B6809
:10DF3000C24A13403A6812781343BB667A683B685A
:10DF40001B789B00D318BA6EBB490A431A603B6822
:10DF50001B7B002B00D055E13B685B78002B6ED01B
:10DF60003B681B78DB00B64A944663441A683B68FA
:10DF70001B78DB00B2498C466344120C12041A6011
:10DF80003B681B78DB00AE4A9446634419683B68E3
:10DF9000DB889B089BB29A003B681B78DB00A84893
:10DFA000844663440A431A607A683B681B789B0086
:10DFB000D3181B68BB61BB694022134011D07A683B
:10DFC0003B681B789B00D3181B689C4A13407B61FD
:10DFD0007A683B681B789B00D3187A6999490A4391
:10DFE0001A603B68DB78012B16D07A683B681B7897
:10DFF0009B00D3181B68944A1340FB60FB682022E7
:10E000005340FB607A683B681B789B00D318FA6822
:10E0100089490A431A6061E27A683B681B789B0071
:10E02000D3181B68884A13403B617A683B681B78A9
:10E030009B00D3183A6980490A431A604EE23B6854
:10E040001B78DB007E4A944663445A683B681B7821
:10E05000DB007B498C466344120C12045A603B6817
:10E060001B78DB00764A9446634459683B68DB883A
:10E070009B089BB29A003B681B78DB007048844683
:10E0800063440A435A603B681B78DB006C4A944641
:10E0900063445A683B681B78DB0069498C466344DB
:10E0A000920192095A603B681B693E2B20D93B685C
:10E0B0001B695B09FB663B681B691F22134002D189
:10E0C000FB6E013BFB663B681B78DB005C4A9446B9
:10E0D00063445A68FB6E9B061A433B681B78DB005F
:10E0E00057498C466344802109060A435A6032E04E
:10E0F0003B681B69002B11D13B681B78DB00504A41
:10E10000944663445A683B681B78DB004C498C4654
:10E110006344802109060A435A601CE03B681B697E
:10E120005B08FB663B681B690122134002D0FB6E53
:10E130000133FB663B681B78DB00414A944663442D
:10E140005968FB6E9A063B681B78DB003C488446A6
:10E1500063440A435A607A683B681B789B00D31873
:10E160001B68BB62BA6A8023DB01134011D07A6856
:10E170003B681B789B00D3181B68304A13407B62B6
:10E180007A683B681B789B00D3187A6A2F490A4348
:10E190001A603B681B78002B1CD17A683B681B789F
:10E1A0009B00D3181B682A4A1340FB61FB6980223D
:10E1B00052015340FB61FB69802292015340FB6195
:10E1C0007A683B681B789B00D318FA691A490A439E
:10E1D0001A6083E17A683B681B789B00D3181B6840
:10E1E0001B4A13403B623B6A8022920153403B62D0
:10E1F0007A683B681B789B00D3183A6A0E490A4339
:10E200001A606BE13B68DB78022B25D17A683B68AA
:10E210001B789B00D3181B68084A13403B667A683A
:10E220003B681B789B00D3183A6E0A490A431A6070
:10E2300024E0C0468F89FF07808000008F8FFF0792
:10E2400000980040C0800000BF8FFF0780C0000022
:10E250008FBFFF07808100007A683B681B789B00B6
:10E26000D3181B68A14A13407B667A683B681B7809
:10E270009B00D3187A6E9E490A431A603B681B784C
:10E28000DB009C4A944663441A683B681B78DB00B9
:10E2900098498C466344120C12041A603B681B7840
:10E2A000DB00944A9446634419683B681B899B08C9
:10E2B0009BB29A003B681B78DB008E48844663441F
:10E2C0000A431A603B681B78DB008A4A9446634421
:10E2D0005A683B681B78DB0086498C466344120C05
:10E2E00012045A603B681B78DB00824A9446634400
:10E2F00059683B685B899B089BB29A003B681B7816
:10E30000DB007C48844663440A435A603B685B7880
:10E31000002B69D17A683B681B789B00D3181B6877
:10E320003B643A6C8023DB01134011D07A683B6870
:10E330001B789B00D3181B686F4A1340FB637A68F5
:10E340003B681B789B00D318FA6B6C490A431A6030
:10E350007A683B681B789B00D3181B68BB63BB6B58
:10E360004022134011D07A683B681B789B00D31879
:10E370001B68614A13407B637A683B681B789B008B
:10E38000D3187A6B5E490A431A607A683B681B7837
:10E390009B00D3181B685B4A13403B633B6B802296
:10E3A000520153403B633B6B8022920153403B63DD
:10E3B0007A683B681B789B00D3183A6B4C490A4338
:10E3C0001A607A683B681B789B00D3181B684E4A1A
:10E3D0001340FB627A683B681B789B00D318FA6A8B
:10E3E00043490A431A6079E07A683B681B789B00CE
:10E3F000D3181B68FB65FA6D8023DB01134011D035
:10E400007A683B681B789B00D3181B683A4A134014
:10E41000BB657A683B681B789B00D318BA6D374997
:10E420000A431A607A683B681B789B00D3181B6804
:10E430007B657B6D4022134011D07A683B681B7866
:10E440009B00D3181B682C4A13403B657A683B68D5
:10E450001B789B00D3183A6D29490A431A603B6820
:10E46000DB78012B16D07A683B681B789B00D318A9
:10E470001B68254A1340BB64BB6C20225340BB641D
:10E480007A683B681B789B00D318BA6C18490A431A
:10E490001A6011E07A683B681B789B00D3181B68F0
:10E4A000194A1340FB647A683B681B789B00D318B9
:10E4B000FA6C0F490A431A607A683B681B789B0024
:10E4C000D3181B680F4A13407B647A683B681B783B
:10E4D0009B00D3187A6C06490A431A607723FB180D
:10E4E0001B781800BD461EB080BDC0468F8EFF074A
:10E4F00080800000009800408F8FFF0780C00000E0
:10E50000C08000008FBFFF07BF8FFF0780B596B0A8
:10E5100000AF786039603B681B7B002B64D13B689F
:10E520005B78002B2FD07A683B681B789B00D31850
:10E530001B683B613B694022134011D07A683B68FD
:10E540001B789B00D3181B689D4A1340FB607A68B8
:10E550003B681B789B00D318FA689A490A431A60F3
:10E560007A683B681B789B00D3181B68964A134057
:10E57000BB607A683B681B789B00D318BA689349E4
:10E580000A431A6017E17A683B681B789B00D3182E
:10E590001B68FB61FA698023DB01134011D07A68A4
:10E5A0003B681B789B00D3181B68854A1340BB61EE
:10E5B0007A683B681B789B00D318BA6984490A4380
:10E5C0001A607A683B681B789B00D3181B68814AE5
:10E5D00013407B617A683B681B789B00D3187A698B
:10E5E0007A490A431A60E6E03B685B78002B71D1F8
:10E5F0007A683B681B789B00D3181B68BB63BA6BB7
:10E600008023DB01134011D07A683B681B789B00A4
:10E61000D3181B686A4A13407B637A683B681B788F
:10E620009B00D3187A6B6A490A431A607A683B6880
:10E630001B789B00D3181B683B633B6B4022134045
:10E6400011D07A683B681B789B00D3181B685C4A22
:10E650001340FB627A683B681B789B00D318FA6A08
:10E6600058490A431A607A683B681B789B00D318A4
:10E670001B68534A1340BB627A683B681B789B0057
:10E68000D318BA6A4F490A431A607A683B681B7804
:10E690009B00D3181B684F4A13407B627A683B6823
:10E6A0001B789B00D3187A6A48490A431A607A6833
:10E6B0003B681B789B00D3181B68434A13403B629E
:10E6C0007A683B681B789B00D3183A6A3F490A4333
:10E6D0001A6070E07A683B681B789B00D3181B684F
:10E6E0007B657A6D8023DB01134011D07A683B682B
:10E6F0001B789B00D3181B68314A13403B657A682E
:10E700003B681B789B00D3183A6D31490A431A6065
:10E710007A683B681B789B00D3181B68FB64FB6C12
:10E720004022134011D07A683B681B789B00D318B5
:10E730001B68234A1340BB647A683B681B789B00C4
:10E74000D318BA6C1F490A431A607A683B681B7871
:10E750009B00D3181B681A4A13407B647A683B6895
:10E760001B789B00D3187A6C19490A431A607A689F
:10E770003B681B789B00D3181B68134A13403B640B
:10E780007A683B681B789B00D3183A6C0F490A43A0
:10E790001A607A683B681B789B00D3181B680D4A87
:10E7A0001340FB637A683B681B789B00D318FA6BB5
:10E7B00006490A431A6000231800BD4616B080BD02
:10E7C0008F8FFF07C0800000BF8FFF078080000091
:10E7D00080C000008FBFFF0790B597B000AF786092
:10E7E00039603B685B78012B01D000F0BFFC3B68CF
:10E7F0009A693B681B699A4203D93B681B697B6530
:10E8000002E03B689B697B653B681B7B002B2BD13F
:10E810003B6859693B68DA887B6D9BB2786801F088
:10E82000F5F83B681B78DB00CE4A944663441A68CF
:10E830003B681B78DB00CB498C4663441204120C06
:10E840001A603B681B78DB00C64A9446634419682B
:10E850007B6D1A043B681B78DB00C2488446634426
:10E860000A431A6000F067FC3B68DB78022B00D09B
:10E870001AE33B681A6A3B681B699A4200D8C7E2F0
:10E880007A683B681B789B00D3181B68B64A134014
:10E890003B617A683B681B789B00D3183A69B3499F
:10E8A0000A431A603B681A6A7B6DD21A3B681A6287
:10E8B0007A683B681B789B00D3181B684022134082
:10E8C00000D155E13B685B78002B62D13B681B7837
:10E8D000DB00A44A944663445A683B681B78DB001B
:10E8E000A0498C466344920192095A607B6D3E2B8D
:10E8F0001ED97B6D5B093B657B6D1F22134002D1E6
:10E900003B6D013B3B653B681B78DB00954A9446B9
:10E9100063445A683B6D9B061A433B681B78DB00D7
:10E9200090498C466344802109060A435A6055E0A9
:10E930007B6D002B11D13B681B78DB00894A944624
:10E9400063445A683B681B78DB0086498C46634405
:10E95000802109060A435A6040E07B6D5B083B65F5
:10E960007B6D0122134002D03B6D01333B653B6858
:10E970001B78DB007B4A9446634459683B6D9A06DA
:10E980003B681B78DB007748844663440A435A603F
:10E9900024E03B685B78012B20D13B681B78DB00CF
:10E9A000704A944663445A683B681B78DB006D49A3
:10E9B0008C4663441204120C5A603B681B78DB00DF
:10E9C000684A9446634459687B6D1A043B681B7817
:10E9D000DB006448844663440A435A601A203B18AB
:10E9E0003A6852891A803B6859697B6D9CB23B1822
:10E9F0001A887868230001F009F83B685A697B6D32
:10EA0000D2183B685A613B681A6A3B681B699A4294
:10EA100006D93B681A6A7B6DD21A3B681A6205E018
:10EA20003B681B6A7B653B6800221A623B685B7827
:10EA3000002B62D13B681B78DB004A4A9446634452
:10EA40001A683B681B78DB0046498C466344920198
:10EA500092091A607B6D3E2B1ED97B6D5B09FB64AE
:10EA60007B6D1F22134002D1FB6C013BFB643B68B2
:10EA70001B78DB003B4A944663441A68FB6C9B0698
:10EA80001A433B681B78DB0036498C46634480217F
:10EA900009060A431A6055E07B6D002B11D13B68D3
:10EAA0001B78DB002F4A944663441A683B681B7846
:10EAB000DB002C498C466344802109060A431A6016
:10EAC00040E07B6D5B08FB647B6D0122134002D04C
:10EAD000FB6C0133FB643B681B78DB00214A9446E6
:10EAE00063441968FB6C9A063B681B78DB001D4881
:10EAF000844663440A431A6024E03B685B78012B38
:10EB000020D13B681B78DB00164A944663441A68A0
:10EB10003B681B78DB0013498C4663441204120CDB
:10EB20001A603B681B78DB000E4A94466344196800
:10EB30007B6D1A043B681B78DB000A4884466344FB
:10EB40000A431A601A203B183A6812891A803B68F7
:10EB500059697B6D9CB23B181A887868230000F0D5
:10EB600055FFE8E2009800408F8FFF07808100008A
:10EB70003B685B78002B62D13B681B78DB00C74A9F
:10EB8000944663441A683B681B78DB00C3498C4693
:10EB90006344920192091A607B6D3E2B1ED97B6DF6
:10EBA0005B09BB647B6D1F22134002D1BB6C013B30
:10EBB000BB643B681B78DB00B84A944663441A6820
:10EBC000BB6C9B061A433B681B78DB00B3498C4641
:10EBD0006344802109060A431A6055E07B6D002BCF
:10EBE00011D13B681B78DB00AC4A944663441A6839
:10EBF0003B681B78DB00A9498C46634480210906E9
:10EC00000A431A6040E07B6D5B08BB647B6D0122A8
:10EC1000134002D0BB6C0133BB643B681B78DB0044
:10EC20009E4A944663441968BB6C9A063B681B78FD
:10EC3000DB009A48844663440A431A6024E03B6838
:10EC40005B78012B20D13B681B78DB00934A94460C
:10EC500063441A683B681B78DB0090498C46634428
:10EC60001204120C1A603B681B78DB008B4A944636
:10EC7000634419687B6D1A043B681B78DB00874886
:10EC8000844663440A431A601A203B183A68128982
:10EC90001A803B6859697B6D9CB23B181A8878686A
:10ECA000230000F0B3FE3B685A697B6DD2183B68C5
:10ECB0005A613B681A6A3B681B699A4206D93B68ED
:10ECC0001A6A7B6DD21A3B681A6205E03B681B6AC0
:10ECD0007B653B6800221A623B685B78002B62D13F
:10ECE0003B681B78DB006D4A944663445A683B6876
:10ECF0001B78DB0069498C466344920192095A6093
:10ED00007B6D3E2B1ED97B6D5B097B647B6D1F2267
:10ED1000134002D17B6C013B7B643B681B78DB00BA
:10ED20005E4A944663445A687B6C9B061A433B6870
:10ED30001B78DB0059498C466344802109060A434D
:10ED40005A6055E07B6D002B11D13B681B78DB00CE
:10ED5000524A944663445A683B681B78DB004F492B
:10ED60008C466344802109060A435A6040E07B6D6B
:10ED70005B087B647B6D0122134002D07B6C013306
:10ED80007B643B681B78DB00444A944663445968C3
:10ED90007B6C9A063B681B78DB00404884466344E2
:10EDA0000A435A6024E03B685B78012B20D13B6822
:10EDB0001B78DB00394A944663445A683B681B78E9
:10EDC000DB0036498C4663441204120C5A603B68DF
:10EDD0001B78DB00314A9446634459687B6D1A0402
:10EDE0003B681B78DB002D48844663440A435A6025
:10EDF0001A203B183A6852891A803B6859697B6D22
:10EE00009CB23B181A887868230000F0FFFD92E15D
:10EE10003B681B6A7B657A683B681B789B00D3184C
:10EE20001B681F4A13407B617A683B681B789B0014
:10EE3000D3187A691B490A431A603B681B78DB00C8
:10EE4000164A944663441A683B681B78DB001349F2
:10EE50008C4663441204120C1A603B681B78DB007A
:10EE60000E4A9446634419687B6D1A043B681B780C
:10EE7000DB000A48844663440A431A601A203B18A0
:10EE80003A6812891A803B6859697B6D9CB23B18BD
:10EE90001A887868230000F0B9FD4CE10098004022
:10EEA0008F8EFF07808000003B681A6A7B6DD21A44
:10EEB0003B681A627A683B681B789B00D3181B6812
:10EEC0004022134000D19BE03B685B78002B62D16D
:10EED0003B681B78DB00D64A944663445A683B681B
:10EEE0001B78DB00D2498C466344920192095A6038
:10EEF0007B6D3E2B1ED97B6D5B093B647B6D1F22B6
:10EF0000134002D13B6C013B3B643B681B78DB0048
:10EF1000C74A944663445A683B6C9B061A433B6855
:10EF20001B78DB00C2498C466344802109060A43F2
:10EF30005A6055E07B6D002B11D13B681B78DB00DC
:10EF4000BB4A944663445A683B681B78DB00B84967
:10EF50008C466344802109060A435A6040E07B6D79
:10EF60005B083B647B6D0122134002D03B6C013394
:10EF70003B643B681B78DB00AD4A944663445968A8
:10EF80003B6C9A063B681B78DB00A94884466344C7
:10EF90000A435A6024E03B685B78012B20D13B6830
:10EFA0001B78DB00A24A944663445A683B681B788E
:10EFB000DB009F498C4663441204120C5A603B6884
:10EFC0001B78DB009A4A9446634459687B6D1A04A7
:10EFD0003B681B78DB009648844663440A435A60CA
:10EFE0001A203B183A6852891A803B6859697B6D30
:10EFF0009CB23B181A887868230000F007FD9AE05D
:10F000003B685B78002B62D13B681B78DB00884A49
:10F01000944663441A683B681B78DB0084498C463D
:10F020006344920192091A607B6D3E2B1ED97B6D61
:10F030005B09FB637B6D1F22134002D1FB6B013B1D
:10F04000FB633B681B78DB00794A944663441A688B
:10F05000FB6B9B061A433B681B78DB0074498C46AC
:10F060006344802109060A431A6055E07B6D002B3A
:10F0700011D13B681B78DB006D4A944663441A68E3
:10F080003B681B78DB006A498C4663448021090693
:10F090000A431A6040E07B6D5B08FB637B6D0122D5
:10F0A000134002D0FB6B0133FB633B681B78DB0032
:10F0B0005F4A944663441968FB6B9A063B681B7869
:10F0C000DB005B48844663440A431A6024E03B68E3
:10F0D0005B78012B20D13B681B78DB00544A9446B7
:10F0E00063441A683B681B78DB0051498C466344D3
:10F0F0001204120C1A603B681B78DB004C4A9446E1
:10F10000634419687B6D1A043B681B78DB00484830
:10F11000844663440A431A601A203B183A681289ED
:10F120001A803B6859697B6D9CB23B181A887868D5
:10F13000230000F06BFC7A683B681B789B00D318B7
:10F140001B683C4A1340FB60FB6810225340FB6085
:10F15000FB6820225340FB607A683B681B789B0069
:10F16000D318FA6834490A431A6040E33B681B7BB2
:10F17000002B00D07EE03B689A693B681B699A428D
:10F1800009D93B681B697B653B689A697B6DD21A1C
:10F190003B689A6105E03B689B697B653B680022A0
:10F1A0009A613B681B78DB00214A944663445A68A5
:10F1B0003B681B78DB001E498C4663449201920930
:10F1C0005A607B6D3E2B1ED97B6D5B09BB637B6DEB
:10F1D0001F22134002D1BB6B013BBB633B681B7812
:10F1E000DB00134A944663445A68BB6B9B061A4380
:10F1F0003B681B78DB000E498C466344802109067E
:10F200000A435A60D7E27B6D002B17D13B681B780D
:10F21000DB00074A944663445A683B681B78DB006E
:10F2200003498C466344802109060A435A60C2E2BE
:10F2300000980040BF8FFF07808000007B6D5B0857
:10F24000BB637B6D0122134002D0BB6B0133BB63F8
:10F250003B681B78DB00C44A944663445968BB6B27
:10F260009A063B681B78DB00BF48844663440A4328
:10F270005A60A0E23B68DB78022B00D05FE13B687C
:10F280005B78002B68D13B681B78DB00B64A94465C
:10F2900063441A683B681B78DB00B3498C466344BF
:10F2A000920192091A603B681B693E2B20D93B688A
:10F2B0001B695B097B633B681B691F22134002D1FA
:10F2C0007B6B013B7B633B681B78DB00A64A944663
:10F2D00063441A687B6B9B061A433B681B78DB0010
:10F2E000A1498C466344802109060A431A6059E00B
:10F2F0003B681B69002B11D13B681B78DB009A4AE5
:10F30000944663441A683B681B78DB0096498C4638
:10F310006344802109060A431A6043E03B681B6985
:10F320005B087B633B681B690122134002D07B6B47
:10F3300001337B633B681B78DB008B4A9446634454
:10F3400019687B6B9A063B681B78DB00864884460D
:10F3500063440A431A6025E03B685B78012B21D1A6
:10F360003B681B78DB00804A944663441A683B681C
:10F370001B78DB007C498C4663441204120C1A6033
:10F380003B681B78DB00784A9446634419683B6805
:10F390001B691A043B681B78DB007348844663448E
:10F3A0000A431A603B685B78002B68D13B681B7886
:10F3B000DB006D4A944663445A683B681B78DB0067
:10F3C00069498C466344920192095A603B681B6903
:10F3D0003E2B20D93B681B695B093B633B681B697B
:10F3E0001F22134002D13B6B013B3B633B681B7800
:10F3F000DB005D4A944663445A683B6B9B061A43A4
:10F400003B681B78DB0058498C4663448021090621
:10F410000A435A6059E03B681B69002B11D13B68D5
:10F420001B78DB00504A944663445A683B681B785B
:10F43000DB004D498C466344802109060A435A602B
:10F4400043E03B681B695B083B633B681B69012227
:10F45000134002D03B6B01333B633B681B78DB00FE
:10F46000414A9446634459683B6B9A063B681B7853
:10F47000DB003D48844663440A435A6025E03B680C
:10F480005B78012B21D13B681B78DB00364A944620
:10F4900063445A683B681B78DB0033498C466344FD
:10F4A0001204120C5A603B681B78DB002E4A94460B
:10F4B000634459683B681B691A043B681B78DB008E
:10F4C0002948844663440A435A603B68DB69002B41
:10F4D00000D170E17A683B681B789B00D3181A68EA
:10F4E00026217B181A807B181A888023DB011340A1
:10F4F00004D07B181B88402213400DD126217B1895
:10F500001A888023DB01134000D054E17B181B884C
:10F510004022134000D04EE17A683B681B789B0084
:10F52000D3181B68114A13403B627A683B681B780A
:10F530009B00D3183A6A0E490A431A603BE13B68C4
:10F54000DB78012B00D034E13B689A693B681B698A
:10F550009A420FD93B681B697B653B689A697B6D52
:10F56000D21A3B689A610BE0009800408F8FFF072A
:10F57000C08000003B689B697B653B6800229A6104
:10F580003B685B78002B62D13B681B78DB009A4AB2
:10F59000944663441A683B681B78DB0096498C46A6
:10F5A0006344920192091A607B6D3E2B1ED97B6DDC
:10F5B0005B09FB627B6D1F22134002D1FB6A013B9A
:10F5C000FB623B681B78DB008B4A944663441A68F5
:10F5D000FB6A9B061A433B681B78DB0086498C4616
:10F5E0006344802109060A431A6055E07B6D002BB5
:10F5F00011D13B681B78DB007F4A944663441A684C
:10F600003B681B78DB007C498C46634480210906FB
:10F610000A431A6040E07B6D5B08FB627B6D012250
:10F62000134002D0FB6A0133FB623B681B78DB00AE
:10F63000714A944663441968FB6A9A063B681B78D2
:10F64000DB006D48844663440A431A6024E03B684B
:10F650005B78012B20D13B681B78DB00664A94461F
:10F6600063441A683B681B78DB0063498C4663443B
:10F670001204120C1A603B681B78DB005E4A944649
:10F68000634419687B6D1A043B681B78DB005A4899
:10F69000844663440A431A603B685B78002B62D15E
:10F6A0003B681B78DB00544A944663445A683B68C5
:10F6B0001B78DB0050498C466344920192095A60E2
:10F6C0007B6D3E2B1ED97B6D5B09BB627B6D1F2260
:10F6D000134002D1BB6A013BBB623B681B78DB0075
:10F6E000454A944663445A68BB6A9B061A433B6882
:10F6F0001B78DB0040498C466344802109060A439D
:10F700005A6058E07B6D002B11D13B681B78DB0001
:10F71000394A944663445A683B681B78DB00364993
:10F720008C466344802109060A435A6043E07B6D9E
:10F730005B08BB627B6D0122134002D0BB6A0133C0
:10F74000BB623B681B78DB002B4A944663445968D4
:10F75000BB6A9A063B681B78DB00274884466344F3
:10F760000A435A6027E03B685B78012B23D13B6852
:10F770001B78DB00204A944663445A683B681B7838
:10F78000DB001D498C4663441204120C5A603B682E
:10F790001B78DB00184A9446634459687B6D1A0451
:10F7A0003B681B78DB001448844663440A435A6074
:10F7B00001E001231CE07A683B681B789B00D318AA
:10F7C0001B680E4A1340FB61FB69802252015340C3
:10F7D000FB61FB69802292015340FB617A683B68C0
:10F7E0001B789B00D318FA6905490A431A60002365
:10F7F0001800BD4617B090BD009800408FBFFF07AE
:10F800008080000080B584B000AF786039603B68CC
:10F810005B78002B16D07A683B681B789B00D31866
:10F820001B68164A1340BB60BB6810225340BB6084
:10F830007A683B681B789B00D318BA6810490A4362
:10F840001A6016E07A683B681B789B00D3181B6827
:10F850000C4A1340FB60FB68802252015340FB605E
:10F860007A683B681B789B00D318FA6804490A43FE
:10F870001A6000231800BD4604B080BDBF8FFF078B
:10F88000808000008FBFFF0780B588B000AF786030
:10F8900039603B681B7B002B00D075E03B685B78D0
:10F8A000002B37D07A683B681B789B00D3181B6805
:10F8B0003B613B694022134011D07A683B681B785A
:10F8C0009B00D3181B68334A1340FB607A683B687F
:10F8D0001B789B00D318FA682F490A431A603B68CB
:10F8E000DB78012B50D07A683B681B789B00D318DB
:10F8F0001B682A4A1340BB60BB6820225340BB6090
:10F900007A683B681B789B00D318BA6824490A437D
:10F910001A6039E07A683B681B789B00D3181B6833
:10F92000FB61FA698023DB01134011D07A683B68E0
:10F930001B789B00D3181B68164A1340BB617A687A
:10F940003B681B789B00D318BA6916490A431A60B2
:10F950007A683B681B789B00D3181B68124A1340D7
:10F960007B617B698022520153407B617B698022ED
:10F97000920153407B617A683B681B789B00D318E7
:10F980007A6907490A431A6000231800BD4608B087
:10F9900080BDC0468F8FFF07C0800000BF8FFF076C
:10F9A0008080000080C000008FBFFF0780B582B05C
:10F9B00000AF78600A00FB1C1A70FB1C1B78002B40
:10F9C00002D17B688022DA6400231800BD4602B0B1
:10F9D00080BD80B582B000AF78607B689B6D80226F
:10F9E00012021A437B689A6500231800BD4602B0D4
:10F9F00080BD80B584B000AF78607B685B6CFB60D5
:10FA0000FB681800BD4604B080BD000080B58AB018
:10FA100000AFF860B9601900BB1D1A803B1D0A1CBD
:10FA20001A803B1D1B8803339B08BB6116203B18C3
:10FA30003A1D128803210A401A80BB683B613B18BB
:10FA40001B88002B02D0BB69013BBB61BB1D1B881F
:10FA5000284A94466344FB61BB693B621FE03B69F3
:10FA60001A78597809020A43997809040A43DB781D
:10FA70001B0613431A00FB691A60FB690433FB6120
:10FA80003B6901333B613B6901333B613B690133B6
:10FA90003B613B6901333B613B6A013B3B623B6A33
:10FAA000002BDCD11623FB181B88002B1ED0002353
:10FAB0007B623B691B781A003B6ADB009A401300AB
:10FAC0007A6A13437B623B6A01333B623B690133D1
:10FAD0003B6116217B181A887B18013A1A807B1823
:10FAE0001B88002BE5D1FB697A6A1A60C046BD46C7
:10FAF0000AB080BD0098004090B58BB000AFF860B0
:10FB0000B9601900BB1D1A803B1D0A1C1A803B1DE1
:10FB10001B8803339B08FB611A203B183A1D12888F
:10FB200003210A401A80BB687B61BB1D1B88394AD0
:10FB3000944663443B623B181B88002B02D0FB6950
:10FB4000013BFB61FB697B623CE03B6A1A687B69B5
:10FB5000FF2111400C00197800200140081C211CD5
:10FB600001431970110AFF2001400C005978002050
:10FB70000140081C211C01435970110CFF20014059
:10FB80000C00997800200140081C211C0143997049
:10FB9000100EDA7800210A40111C021C0A43DA70A8
:10FBA0003B6A04333B627B6901337B617B690133D0
:10FBB0007B617B6901337B617B6901337B617B6A9C
:10FBC000013B7B627B6A002BBFD11A23FB181B8889
:10FBD000002B1BD03B6A1B683B617B6ADBB2DB00FE
:10FBE0003A69DA401300DAB27B691A707B6A013332
:10FBF0007B627B6901337B611A217B181A887B1831
:10FC0000013A1A807B181B88002BE6D1C046BD46FE
:10FC10000BB090BD0098004080B584B000AF786014
:10FC20000A00FB1C1A7087239B00180005F02CFBB0
:10FC30000300FB60FB68002B0AD17A68B5239B00A8
:10FC4000D2587B68B03292000021D1500223E9E003
:10FC500087239A00FB680021180006F037FB7A68BA
:10FC6000B5239B00D2587B68B0329200F968D1501E
:10FC70007A68B5239B00D2587B68B0329200D15885
:10FC80007A68AF239B00D1507B681B7C002B3CD152
:10FC9000664B197880239B007868022205F031F9C1
:10FCA000624B1B781A000F231A40796813009B00DF
:10FCB0009B189B00CB18243301221A805C4B1978C7
:10FCC00080239B007868022205F01BF9584B1B78B3
:10FCD0001A000F231A407868B223590013009B00C2
:10FCE0009B189B00C3185B1801221A80514B1B788C
:10FCF0001A000F231A40796813009B009B189B0081
:10FD0000CB18263310221A8039E0484B19787868CE
:10FD10004023022205F0F5F8444B1B781A000F230C
:10FD20001A40796813009B009B189B00CB18243362
:10FD300001221A803E4B197878684023022205F090
:10FD4000E0F83B4B1B781A000F231A407868B22367
:10FD5000590013009B009B189B00C3185B180122DD
:10FD60001A80344B1B781A000F231A40796813004D
:10FD70009B009B189B00CB18263310221A802D4B1A
:10FD8000197878680823032205F0BBF8294B1B7803
:10FD90001A000F231A40796813009B009B189B00E0
:10FDA000CB18243301221A80FA6881239B0000219A
:10FDB000D1507A68B5239B00D3587A68B0339B0042
:10FDC000D31804331B681B689847FA6885239B0087
:10FDD0000021D150FA6886239B000021D150FA6897
:10FDE00081239B00D358002B01D102231AE07B68AA
:10FDF0001B7C002B0BD10E4B1978FA6881239B00DA
:10FE0000D25880239B00786805F0BEF909E0084BC2
:10FE10001978FA6881239B00D2587868402305F04E
:10FE2000B3F900231800BD4604B080BD33010020A3
:10FE3000340100203501002080B582B000AF786029
:10FE40000A00FB1C1A70414B1A787B6811001800DD
:10FE500005F08EF83D4B1B781A000F231A40796885
:10FE600013009B009B189B00CB18243300221A80A0
:10FE7000374B1A787B681100180005F079F8344B7D
:10FE80001B781A000F231A407868B2235900130018
:10FE90009B009B189B00C3185B1800221A802D4BF7
:10FEA0001A787B681100180005F062F8294B1B785E
:10FEB0001A000F231A40796813009B009B189B00BF
:10FEC000CB18243300221A80224B1B781A000F23F0
:10FED0001A40796813009B009B189B00CB182633AF
:10FEE00000221A807A68B5239B00D2587B68B03212
:10FEF0009200D358002B24D07A68B5239B00D358A6
:10FF00007A68B0339B00D31804331B685B6898474A
:10FF10007A68B5239B00D2587B68B0329200D358E0
:10FF2000180005F0BDF97A68B5239B00D2587B68AC
:10FF3000B03292000021D1507A68AF239B0000219B
:10FF4000D15000231800BD4602B080BD330100200F
:10FF5000340100203501002080B586B000AF786004
:10FF600039607A68B5239B00D2587B68B032920022
:10FF7000D3583B610D23FB1800221A700A23FB188B
:10FF800000221A801723FB1800221A703B69002BED
:10FF900001D10323D1E03B681B781A006023134092
:10FFA0005BD0202B00D0BAE03B68DB88002B43D02D
:10FFB0003B681B785BB2002B22DA7A68B5239B0082
:10FFC000D3587A68B0339B00D31804331B689B68FE
:10FFD0003A68507839693A68D28898473B68DB8834
:10FFE0000E22BA1899B2072900D90723138039695C
:10FFF0000E23FB181A887B68180001F087FF99E030
:020000040801F1
:100000003B6859783A6980239B00D1543B68DB8870
:100010003F2B03D83B68DB88DAB200E040223B6923
:1000200048495A5439693B69464A9B5C1A007B68C7
:10003000180001F098FF7DE07A68B5239B00D35843
:100040007A68B0339B00D31804331B689B683A6806
:1000500050783968002298476CE03B685B780B2B3E
:100060003CD04DDC0A2B1FD04ADC002B02D0012BE8
:1000700051D045E07A68A7239B00D35CDBB2032B09
:1000800007D10A23F9187B680222180001F03EFF0D
:1000900044E03A687B681100180001F0AFFE1723B6
:1000A000FB1803221A7039E07A68A7239B00D35CFF
:1000B000DBB2032B07D10D23F9187B68012218004E
:1000C00001F024FF2AE03A687B681100180001F073
:1000D00095FE1723FB1803221A701FE07A68A723E6
:1000E0009B00D35CDBB2032B17D03A687B6811000E
:1000F000180001F083FE1723FB1803221A700CE08E
:100100003A687B681100180001F078FE1723FB188D
:1001100003221A7002E0C0460CE0C0460AE03A68CA
:100120007B681100180001F069FE1723FB180322F9
:100130001A70C0461723FB181B781800BD4606B07E
:1001400080BDC0460102000090B585B000AF786068
:100150000A00FB1C1A707A68B2239B00D358FB601C
:100160007A68B5239B00D2587B68B0329200D3588E
:10017000002B01D1032372E07A68B5239B00D2588B
:100180007B68B0329200D358BB60FB1C1B780F22F7
:100190001A40796813009B009B189B00CB181833FA
:1001A0001B68002B31D0FB1C1B780F221A4079688A
:1001B00013009B009B189B00CB1818331868FB1C7E
:1001C0001B780F221A40F96813009B009B18DB0074
:1001D000CB1824331B681900F0F738F80B1E14D124
:1001E000FB1C1B780F221A40796813009B009B1898
:1001F0009B00CB18183300221A60FB1C1978786812
:100200000023002204F090FF28E0BA6885239B00B9
:100210000021D1507A68B5239B00D3587A68B03357
:100220009B00D31804331B681B69002B16D07A6817
:10023000B5239B00D3587A68B0339B00D31804339E
:100240001B681C69BA6882239B00D058BB68842253
:1002500092009918FB1C1B781A00A0470023180075
:10026000BD4605B090BD80B584B000AF78600A008F
:10027000FB1C1A707A68B5239B00D2587B68B03299
:100280009200D358FB607A68B5239B00D2587B68F4
:10029000B0329200D358002B01D1032322E0FB1C83
:1002A0001A787B681100180004F09EFF0100FA68BC
:1002B00083239B00D1507A68B5239B00D3587A687A
:1002C000B0339B00D31804331B68DA68F9688123C4
:1002D0009B00C858FB68832189008C466344190041
:1002E000904700231800BD4604B080BD90B585B08E
:1002F00000AF78607A68B5239B00D2587B68B03233
:100300009200D358FB60FB68002B01D103232BE044
:100310007A68B5239B00D3587A68B0339B00D31812
:1003200004331B68002B1ED0FA6880239B00D35C2B
:10033000FF2B18D07A68B5239B00D3587A68B03366
:100340009B00D31804331B689B68F96880229200D5
:10035000885CF968FA68064C125D9847FA68802351
:100360009B00FF21D15400231800BD4605B090BD6D
:100370000102000080B586B000AF7860204B82217A
:10038000180000F09CFD03007B611D4B012118004B
:1003900000F095FD03003B61194B8121180000F02E
:1003A0008EFD0300FB607B69002B02D07B6910226D
:1003B0009A713B69002B0BD03B691A7900210A40E6
:1003C000111C40220A431A715A7900210A405A71BD
:1003D000FB68002B0BD0FB681A7900210A40111C26
:1003E00040220A431A715A7900210A405A717B68E7
:1003F00043221A80024B1800BD4606B080BDC0469D
:10040000F000002080B586B000AF7860204B8221DC
:10041000180000F054FD03007B611D4B0121180002
:1004200000F04DFD03003B61194B8121180000F0E5
:1004300046FD0300FB607B69002B02D07B69102224
:100440009A713B69002B0BD03B691A7900210A4055
:100450001A715A7900210A40111C02220A435A716A
:10046000FB68002B0BD0FB681A7900210A401A7137
:100470005A7900210A40111C02220A435A717B68F2
:1004800043221A80024B1800BD4606B080BDC0460C
:10049000F000002080B586B000AF7860204B82214C
:1004A000180000F00CFD03007B611D4B01211800BA
:1004B00000F005FD03003B61194B8121180000F09D
:1004C000FEFC0300FB607B69002B02D07B691022DD
:1004D0009A713B69002B0BD03B691A7900210A40C5
:1004E000111C40220A431A715A7900210A405A719C
:1004F000FB68002B0BD0FB681A7900210A40111C05
:1005000040220A431A715A7900210A405A717B68C5
:1005100043221A80024B1800BD4606B080BDC0467B
:10052000F000002080B582B000AF78607B680A22BE
:100530001A80024B1800BD4602B080BDAC000020FE
:1005400080B582B000AF786039603B68002B01D184
:1005500003230BE07A68B5239B00D3587A68B03345
:100560009B00D31804333A681A6000231800BD4674
:1005700002B080BD80B586B000AFF860B9607A6027
:10058000FA68B5239B00D258FB68B0329200D3586A
:100590007B617B69002B01D103230AE07A69822306
:1005A0009B00B968D1507A6984239B007968D15047
:1005B00000231800BD4606B080BD80B584B000AFF2
:1005C000786039607A68B5239B00D2587B68B03276
:1005D0009200D358FB60FB68002B01D1032305E098
:1005E000FA6881239B003968D15000231800BD466A
:1005F00004B080BD90B585B000AF78607A68B5234F
:100600009B00D2587B68B0329200D358BB600F2356
:10061000FB1801221A70BB68002B01D1032330E0C4
:10062000BA6885239B00D358002B27D1BA6885234D
:100630009B000121D150154B1B781A000F231A4043
:10064000B96884239B00C958786813009B009B18E5
:100650009B00C318183319600C4B1978BA688223B1
:100660009B00D458BA6884239B00D3587868220032
:1006700004F05AFD0F23FB1800221A700F23FB18F9
:100680001B781800BD4605B090BDC0463301002060
:1006900080B584B000AF78607A68B5239B00D258EB
:1006A0007B68B0329200D358FB607A68B5239B0018
:1006B000D2587B68B0329200D358002B01D103236B
:1006C0001AE07B681B7C002B0BD10D4B1978FA6864
:1006D00081239B00D25880239B00786804F054FD4E
:1006E00009E0074B1978FA6881239B00D258786893
:1006F000402304F049FD00231800BD4604B080BD2E
:1007000034010020B0B586B000AFF860B960FB1DC1
:100710001A70FB68002B01D1032329E0FA68AE238D
:100720009B000021D150FA68B1239B000021D150D9
:10073000FA68B4239B000021D150BB68002B04D081
:10074000FA68AD239B00B968D150FA68A7239B00D3
:100750000121D154FB68FA1D12781A7017257C19F3
:10076000FB68180004F036FB030023707B191B782C
:100770001800BD4606B0B0BD80B584B000AF78604B
:1007800039600E23FB1800221A803B68002B01D130
:1007900003232BE07A68AE239B003968D1507A6836
:1007A000B5239B00D2587B68AE329200D358DB6AE7
:1007B000002B11D07A68B5239B00D2587B68AE32EB
:1007C0009200D358DB6A0E22BA1810009847010035
:1007D0007A68B4239B00D1507A68B6239B00D35823
:1007E000591C7A68B6239B00D15000231800BD46DF
:1007F00004B080BD80B582B000AF78607B6818001F
:1008000004F05AFB03001800BD4602B080BD80B55D
:1008100082B000AF786000231800BD4602B080BDF2
:1008200090B585B000AF78600A00FB1C1A700F21EC
:100830007B1800221A707A68AE239B00D358002BD5
:100840000CD07A68AE239B00D3581B687C18FA1C26
:1008500011787A6810009847030023700F23FB1863
:100860001B781800BD4605B090BD90B585B000AFAF
:1008700078600A00FB1C1A700F243B1900221A70C2
:100880007A68AE239B00D3585B68FA1C11787A68AB
:1008900010009847031E02D03B1903221A700F2341
:1008A000FB181B781800BD4605B090BD90B585B00B
:1008B00000AF786039607B68304A944663443A6898
:1008C0001100180001F05DFA7A68A5239B00012150
:1008D000D1507A68AC239B00D35A19007A68A623BA
:1008E0009B00D1507B68254A9B5C1A001F23134054
:1008F000022B1FD02BD8002B02D0012B0DD026E0CD
:100900007B681E4A9A180F23FC187B681100180098
:1009100000F05CFB0300237029E07B68174A9A18FB
:100920000F23FC187B681100180000F0CDFB0300BA
:1009300023701CE07B68114A9A180F23FC187B680F
:100940001100180000F04DFC030023700FE07B68DD
:100950000A4A9B5C7F229343DAB20F23FC187B6820
:100960001100180004F02FFB03002370C0460F2372
:10097000FB181B781800BD4605B090BDAA02000008
:10098000F0B587B000AFF8607A600B203B180A1C06
:100990001A701723FB1800221A703B181B78002BC3
:1009A00000D084E0FB685533FF333B61FA68A52330
:1009B0009B00D358032B00D0C0E03B699A683B6989
:1009C000DB689A4214D93B699A683B69DB68D21AA2
:1009D0003B699A603B69D9683B699A680B0093420E
:1009E00000D913007968F8681A0001F0DCFAA5E074
:1009F000FB68554A9B5C1A001F231340022B18D03A
:100A000025D8002B02D0012B05D020E01623FB189F
:100A100000221A7020E0FB684C4A9B5ADAB2162377
:100A2000FC18FB681100180000F031FA0300237075
:100A300012E0FB68454A9B5ADAB21623FC18FB68A1
:100A40001100180000F02FFA0300237004E01623B1
:100A5000FB1800221A70C04616217B181B78002B49
:100A600020D1FA68A7239B00D35CDBB2032B19D1FA
:100A70007B181A78FB68AE329200D3581B69002BA2
:100A800010D008007B181978FA68B5239B00D15064
:100A90003B181A78FB68AE329200D3581B69FA688B
:100AA00010009847FB68180001F08EFA46E00B260C
:100AB000BB191B787F221340DAB216257C19FB681C
:100AC0001100180000F0EFF90300237029007B18D3
:100AD0001B78FF2B32D07B181B78002B2ED1FA68A5
:100AE000A7239B00D35CDBB2032B1FD17B181A78A2
:100AF000FB68AE329200D3589B69002B16D00800D9
:100B00007B181978FA68B5239B00D1503B181A78E6
:100B1000FB68AE329200D3589B691722BC18BA19F1
:100B20001178FA6810009847030023701722BB1849
:100B30001B78002B02D0BB181B7800E000231800A4
:100B4000BD4607B0F0BDC046AA020000AE020000DC
:100B5000F0B587B000AFF8607A600B203B180A1C34
:100B60001A703B181B78002B00D07DE0FB68143313
:100B70003B61FA68A5239B00D358022B64D13B69E3
:100B80009A683B69DB689A4214D93B699A683B6969
:100B9000DB68D21A3B699A603B699A687968FB689E
:100BA000180001F0CFF9F86800230022002104F0BA
:100BB000EBFA49E03B69DA683B699B689A421FD1CE
:100BC0003B695A683B69DB689A4219D33B695A68AA
:100BD000F968A6239B00CB589A4211D2FB680022E9
:100BE0000021180001F0AEF9FA68A6239B0000214D
:100BF000D150F86800230022002104F0C5FA23E058
:100C0000FA68A7239B00D35CDBB2032B13D1FA68ED
:100C1000AE239B00D358DB68002B0CD0FA68B523B9
:100C20009B000021D150FA68AE239B00D358DB68AB
:100C3000FA6810009847FB688021180004F0C3F997
:100C4000FB68180001F0D4F9FA68A8239B00D35C74
:100C5000002B50D0FB681800FFF7D9FDFA68A823D5
:100C60009B000021D15446E00B26BB191B78802243
:100C700052421343DAB217257C19FB6811001800A1
:100C800000F011F90300237029007B181B78FF2B5B
:100C900031D07B181B78002B2DD1FA68A7239B003D
:100CA000D35CDBB2032B26D17B181A78FB68AE32FB
:100CB0009200D3585B69002B1DD008007B1819786F
:100CC000FA68B5239B00D1503B181A78FB68AE3206
:100CD0009200D3585B6916257C19BA191178FA6805
:100CE00010009847030023707B191B78002B02D05B
:100CF0007B191B7800E000231800BD4607B0F0BD4B
:100D000090B585B000AF78600F243B1900221A70AF
:100D10007A68A7239B000121D1547A68A5239B0000
:100D20000021D1507B6800225A607A68A9239B0079
:100D30000021D1507A68A8239B000021D1547A6801
:100D4000AE239B00D358002B16D07A68AE239B00AD
:100D5000D3585B68002B0FD07A68AE239B00D35822
:100D60005A687B685B68D9B27B6818009047031E9D
:100D700002D03B1903221A70786840230022002118
:100D800004F0BFF87A68B2235B000121D1527A687F
:100D9000B0235B004021D15078684023002280219D
:100DA00004F0AFF87B6801229A847B6840221A62C3
:100DB0000F23FB181B781800BD4605B090BD80B509
:100DC00082B000AF78600A00FB1C1A707B68FA1CC6
:100DD00012781A7400231800BD4602B080BD0000CE
:100DE00080B582B000AF78607A68A7239B00D35C9F
:100DF000D9B27B68054A99547A68A7239B000421DD
:100E0000D15400231800BD4602B080BD9D020000F1
:100E100080B582B000AF78607A68A7239B00D35C6E
:100E2000DBB2042B07D17B68054A9B5CD9B27A6898
:100E3000A7239B00D15400231800BD4602B080BDFB
:100E40009D02000080B582B000AF78607A68A72369
:100E50009B00D35CDBB2032B14D17A68AE239B00DA
:100E6000D358002B0ED07A68AE239B00D358DB6991
:100E7000002B07D07A68AE239B00D358DB697A68D1
:100E80001000984700231800BD4602B080BD80B511
:100E900082B000AF78600A00FB1C1A7000231800B3
:100EA000BD4602B080BD80B582B000AF78600A0058
:100EB000FB1C1A7000231800BD4602B080BD80B52F
:100EC00086B000AF78600A00FB1C1A707B687B61FB
:100ED0007B68FB6000233B61FB689A78DB781B0230
:100EE00013439BB2FA68127893422AD9FB681B78A5
:100EF0001A000A23FB181A8016E00A23FA187B69E5
:100F00001100180000F022F803007B617B695B7818
:100F1000052B09D17B693B613B699B78FA1C1278F0
:100F20009A420DD000233B61FB689A78DB781B0264
:100F300013439AB20A23FB181B889A42DDD800E0BB
:100F4000C0463B691800BD4606B080BD80B584B080
:100F500000AF786039607B68FB603B681B88FA688B
:100F600012789B189AB23B681A80FB681B781A00AB
:100F70007B689B18FB60FB681800BD4604B080BD11
:100F800080B586B000AF78607B687B617B691A783A
:100F900012217B181A807B6901337B617B691A7887
:100FA00010203B181A803B1800229B5E1B021AB2CD
:100FB0007B1800215B5E13431AB20E217B181A8046
:100FC0007B181B881800BD4606B080BD90B585B063
:100FD00000AF786039600F23FB1800221A703B685D
:100FE0001B781A0060231340402B04D05BD8002BE1
:100FF00013D0202B57D17A68B5239B00D2587B6839
:10100000AE329200D3589B680F22BC1839687A68B8
:1010100010009847030023704CE03B685B78092B75
:1010200039D89A00274BD3181B689F463A687B68CB
:101030001100180000F0DAFA34E03A687B68110019
:10104000180000F0ADFC2DE00F23FC183A687B6817
:101050001100180000F0FAFC0300237022E03A6847
:101060007B681100180000F0BFFD1BE03A687B6848
:101070001100180000F0F4FD14E03A687B681100DC
:10108000180000F028FE0DE03A687B681100180097
:1010900000F050FE06E03A687B681100180000F08E
:1010A000ADFEC04606E03A687B681100180000F00B
:1010B000A5FEC0460F23FB181B781800BD4605B0DF
:1010C00090BDC04680A80108B0B584B000AF78607C
:1010D00039600F23FB1800221A703B681B781A0036
:1010E00060231340402B05D000D96CE0002B01D0C9
:1010F000202B68D17A68A7239B00D35CDBB2013B2D
:10110000022B57D83B689B88DBB2012B4BD83B683E
:101110009B88DAB20E257C197B6811001800FFF756
:10112000B6FE0300237029007B181B78FF2B28D004
:101130007B181B78002B24D17B181A787B68AE3281
:101140009200D3589B68002B16D008007B181978A2
:101150007A68B5239B00D1503B181A787B68AE3271
:101160009200D3589B680F22BC1839687A68100027
:1011700098470300237008E00F23FB1803221A701E
:1011800003E00F23FB1803221A703B68DB88002B57
:1011900017D10F23FB181B78002B12D17B68180086
:1011A00000F012FF0DE03A687B681100180000F0B3
:1011B00025FE06E03A687B681100180000F01EFE6C
:1011C00000E0C04606E03A687B681100180000F0B5
:1011D00015FEC0460F23FB181B781800BD4604B04F
:1011E000B0BDB0B584B000AF786039600F23FB1894
:1011F00000221A703B689A880E23FB181A703B680D
:101200001B781A0060231340402B06D000D9DEE182
:10121000002B39D0202B00D0D9E10D257C190E23CD
:10122000FB181A787B6811001800FFF73CFE0300DA
:1012300023707B191B78FF2B00D1CFE17B191B7822
:10124000002B00D0CAE17B1919787A68B5239B007E
:10125000D15029007B181A787B68AE329200D3589F
:101260009B68002B00D1B9E17B181A787B68AE32FD
:101270009200D3589B680F22BC1839687A68100016
:10128000984703002370A9E13B685B78032B07D0E4
:1012900000DD94E1002B00D1C9E0012B4DD08EE19F
:1012A0007A68A7239B00D35CDBB2022B02D0032B0E
:1012B0001ED03AE00E22BB181B78002B11D0BB18B1
:1012C0001B78802B0DD0BB181A787B681100180092
:1012D00003F079FE7B688021180003F074FEC0469D
:1012E0002AE03A687B681100180000F087FD23E0CF
:1012F0003B685B88002B13D10E22BB181B78002B98
:101300000ED0BB181B78802B0AD03B68DB88002BE3
:1013100006D1BB181A787B681100180003F053FE41
:101320007B68180000F050FE06E03A687B68110008
:10133000180000F063FDC04648E17A68A7239B00CF
:10134000D35CDBB2022B02D0032B1ED066E00E2250
:10135000BB181B78002B11D0BB181B78802B0DD02D
:10136000BB181A787B681100180003F02CFE7B680C
:101370008021180003F027FEC04657E03A687B68DA
:101380001100180000F03AFD50E03B685B88002B2C
:101390004BD10E217B181B787F22134006D07B187F
:1013A0001A787B681100180003F038FE7B6818007B
:1013B00000F00AFE0D257C190E23FB181A787B68B5
:1013C00011001800FFF76FFD030023707B191B78D5
:1013D000FF2B2AD07B191B78002B26D17B1919787B
:1013E0007A68B5239B00D15029007B181A787B6856
:1013F000AE329200D3589B68002B16D07B181A7817
:101400007B68AE329200D3589B680F22BC183968B3
:101410007A68100098470300237006E03A687B68FA
:101420001100180000F0EAFC00E0C046CEE07A6847
:10143000A7239B00D35CDBB2022B02D0032B3CD052
:10144000B5E00E22BB181B78002B0AD0BB181B7806
:10145000802B06D03A687B681100180000F0CEFCA3
:10146000ACE00E22BB181B785BB2002B0CDABB1869
:101470001B787F221A4013009B009B189B0010339F
:101480007A68D31804330DE00E23FB181B787F22F3
:101490001A4013009B009B189B005133FF337A685E
:1014A000D3180433BB60BB6800221A60B9687B683C
:1014B0000222180000F02AFD80E00E22BB181B78E3
:1014C0005BB2002B14DABB181B780F221A40796824
:1014D00013009B009B189B00CB1824331B88002B08
:1014E0001ED13A687B681100180000F087FC65E0A7
:1014F0000E23FB181B780F221A407868B22359007C
:1015000013009B009B189B00C3185B181B88002BC3
:1015100006D13A687B681100180000F06FFC4DE0BE
:101520000E22BB181B785BB2002B0CDABB181B78A1
:101530007F221A4013009B009B189B0010337A688F
:10154000D31804330DE00E23FB181B787F221A40BA
:1015500013009B009B189B005133FF337A68D3180C
:101560000433BB600E22BB181B78002B03D0BB18C2
:101570001B78802B03D1BB6800221A6010E00E2379
:10158000FB181A787B681100180003F072FD031E27
:1015900003D0BB6801221A6002E0BB6800221A6017
:1015A000B9687B680222180000F0B0FC06E03A68D7
:1015B0007B681100180000F021FCC04606E03A6884
:1015C0007B681100180000F019FCC04607E03A687B
:1015D0007B681100180000F011FC00E0C0460F23EA
:1015E000FB181B781800BD4604B0B0BD80B584B0B0
:1015F00000AF786039600823FB1800221A800023AE
:10160000FB600B23FB1800221A703B685B881B0AE7
:101610009BB20F2B00D97BE19A00DD4BD3181B68DE
:101620009F467A68AD239B00D358DB69002B0DD011
:101630007A68AD239B00D358DB697A68127C082155
:101640007918100098470300FB606EE13A687B68E8
:101650001100180000F0D2FB0B217B181A787B18C0
:1016600001321A7061E17A68AD239B00D3581B6880
:101670007A68127C08217918100098470300FB60F3
:1016800053E17B681B7C002B0FD17A68AE239B0053
:10169000D3589B6A0822BA18100098470300FB60D1
:1016A000FB68013302221A703FE17A68AE239B0087
:1016B000D358DB6A0822BA18100098470300FB6071
:1016C000FB68013302221A702FE13B685B88DBB2B2
:1016D000052B00D9D0E09A00AE4BD3181B689F466B
:1016E0007A68AD239B00D3585B68002B0DD07A68D5
:1016F000AD239B00D3585B687A68127C0821791867
:10170000100098470300FB60C3E03A687B68110053
:10171000180000F073FB0B217B181A787B1801323C
:101720001A70B6E07A68AD239B00D3589B68002BF3
:101730000DD07A68AD239B00D3589B687A68127CE1
:1017400008217918100098470300FB60A1E03A686F
:101750007B681100180000F051FB0B217B181A78F0
:101760007B1801321A7094E07A68AD239B00D3583D
:10177000DB68002B0DD07A68AD239B00D358DB6863
:101780007A68127C08217918100098470300FB60E2
:101790007FE03A687B681100180000F02FFB0B21F6
:1017A0007B181A787B1801321A7072E07A68AD23C0
:1017B0009B00D3581B69002B0DD07A68AD239B008A
:1017C000D3581B697A68127C082179181000984751
:1017D0000300FB605DE03A687B681100180000F0D0
:1017E0000DFB0B217B181A787B1801321A7050E020
:1017F0007A68AD239B00D3585B69002B0DD07A68C3
:10180000AD239B00D3585B697A68127C0821791854
:10181000100098470300FB603BE03A687B681100CA
:10182000180000F0EBFA0B217B181A787B180132B4
:101830001A702EE07A68AD239B00D3589B69002B69
:101840000DD07A68AD239B00D3589B697A68127CCF
:1018500008217918100098470300FB6019E03A68E6
:101860007B681100180000F0C9FA0B217B181A7868
:101870007B1801321A700CE03A687B68110018007E
:1018800000F0BCFA0B217B181A787B1801321A7011
:10189000C0464AE07B681B7C002B0BD17A68AE23E4
:1018A0009B00D3585B6B0822BA18100098470300BE
:1018B000FB603AE03A687B681100180000F09EFA7D
:1018C0000B217B181A787B1801321A702DE07B6887
:1018D0001B7C002B0FD17A68AE239B00D3581B6B67
:1018E0000822BA18100098470300FB60FB68013318
:1018F00007221A7019E03A687B681100180000F09E
:101900007DFA0B217B181A787B1801321A700CE0D3
:101910003A687B681100180000F070FA0B217B1800
:101920001A787B1801321A70C0460B23FB181B78FB
:10193000002B31D13B68DB88002B23D008217B189A
:101940001B88002B17D03B68DA887B181B88181C73
:10195000111C8AB283B29A4200D9011C8AB20821B2
:101960007B181A807B181B881A00F9687B6818009E
:1019700000F0CCFA11E03A687B681100180000F022
:101980003DFA0AE07B68180000F01EFB05E0C04647
:10199000A8A80108E8A80108C046BD4604B080BD5B
:1019A00090B585B000AF786039603B689B88002BAC
:1019B0003ED13B68DB88002B3AD13B685B887F2BAC
:1019C00036D83B685B88DAB20F23FB187F210A40C8
:1019D0001A707A68A7239B00D35CDBB2032B06D175
:1019E0003A687B681100180000F008FA27E07B686D
:1019F0000F243A19144912785A543B191A787B6803
:101A00001100180003F065FB7B68180000F0DCFA99
:101A10003B191B78002B05D07A68A7239B00022175
:101A2000D1540CE07A68A7239B000121D15406E031
:101A30003A687B681100180000F0E0F9C046C04623
:101A4000BD4605B090BDC0469E020000B0B584B052
:101A500000AF786039600F23FB1800221A703B68D2
:101A60005B88DAB25F4B1A705E4B1B78012B07D98B
:101A70003A687B681100180000F0C0F90323ACE05D
:101A80007A68A7239B00D35CDBB2022B02D0032B26
:101A900033D08DE0534B1B78002B29D0514B1B7852
:101AA0001A007B685A604F4B1A780F257C197B68A7
:101AB00011001800FEF7B4FE030023707B191B7899
:101AC000002B0BD03A687B681100180000F096F9E3
:101AD0007A68A7239B000221D1547BE07B68180021
:101AE00000F072FA7A68A7239B000321D15471E0B9
:101AF0007B68180000F068FA6CE03A4B1B78002B0A
:101B000015D17A68A7239B000221D154354B1B784D
:101B10001A007B685A60334B1A787B6811001800F2
:101B2000FEF7A3FE7B68180000F04EFA52E02D4B42
:101B30001B781A007B685B689A4234D07B685B68CC
:101B4000DAB27B6811001800FEF78FFE254B1B7878
:101B50001A007B685A60234B1A780F257C197B6822
:101B600011001800FEF75CFE030023707B191B7840
:101B7000002B13D03A687B681100180000F03EF982
:101B80007B685B68DAB27B6811001800FEF76DFEB7
:101B90007A68A7239B000221D1541BE07B681800C0
:101BA00000F012FA16E07B68180000F00DFA11E060
:101BB0003A687B681100180000F020F9094B1A7888
:101BC0007B6811001800FEF750FE0F23FB1803225C
:101BD0001A70C0460F23FB181B781800BD4604B0CE
:101BE000B0BDC0469809002080B582B000AF7860D3
:101BF00039603B68DB88012B06D03A687B681100AE
:101C0000180000F0FBF827E07A68A7239B00D35C5C
:101C1000DBB2022B02DC002B03DC16E0032B0CD022
:101C200013E07B6800229A607B68083319007B68A8
:101C30000122180000F06AF90EE07B68191D7B682C
:101C40000122180000F062F906E03A687B68110092
:101C5000180000F0D3F8C046C046BD4602B080BDB3
:101C600080B582B000AF786039607A68A7239B00A6
:101C7000D35CDBB2013B022B22D83B68DB88022B12
:101C800006D03A687B681100180000F0B7F81EE033
:101C90007B680022DA607A68A9239B00D358002B66
:101CA00005D07B68DB6802221A437B68DA607B68B8
:101CB0000C3319007B680222180000F027F906E0B7
:101CC0003A687B681100180000F098F8C046C046DA
:101CD000BD4602B080BD80B582B000AF786039608B
:101CE0003B685B88012B09D17A68A9239B000121FD
:101CF000D1507B68180000F067F917E03B685B88FB
:101D0000022B0DD13B689B881B0A9BB2D9B27A6823
:101D1000A8239B00D1547B68180000F055F905E01A
:101D20003A687B681100180000F068F8C046BD46AC
:101D300002B080BD80B582B000AF786039607A684B
:101D4000A7239B00D35CDBB2013B022B0DD83B6881
:101D50005B88012B10D17A68A9239B000021D15008
:101D60007B68180000F030F906E03A687B681100E3
:101D7000180000F043F800E0C046C046BD4602B07F
:101D800080BD80B584B000AF786039603B68FB608F
:101D9000FB681A787B681A70FB680133FB60FB688C
:101DA0001A787B685A70FB680133FB60FB68180087
:101DB000FFF7E6F803001A007B685A80FB680133DE
:101DC000FB60FB680133FB60FB681800FFF7D8F885
:101DD00003001A007B689A80FB680133FB60FB6894
:101DE0000133FB60FB681800FFF7CAF803001A0014
:101DF0007B68DA80C046BD4604B080BD80B582B045
:101E000000AF786039607B688021180003F0DBF850
:101E10007B680021180003F0D6F8C046BD4602B02A
:101E200080BD90B587B000AFF860B9607A601724C4
:101E30003B1900221A70FB68002B44D0FB683B6101
:101E40003B69180000F043F8030001339BB2DB1834
:101E50009AB27B681A803B191B78BA68D3187A68E3
:101E600012781A703B191A783B1901321A703B1913
:101E70001B78BA68D31803221A703B191A783B19D9
:101E800001321A701AE017217B181B78BA68D31830
:101E90003A6912781A703B6901333B617B181A78F2
:101EA0007B1801321A707B181B78BA68D31800228D
:101EB0001A707B181A787B1801321A703B691B78EC
:101EC000002BE0D100E0C046BD4607B090BD80B514
:101ED00084B000AF78600F23FB1800221A707B6873
:101EE000BB6008E00F217B181A787B1801321A704A
:101EF000BB680133BB60BB681B78002BF2D10F239A
:101F0000FB181B781800BD4604B080BD80B584B0B6
:101F100000AFF860B9607A60FA68A5239B000221DF
:101F2000D150FB687A689A61FB687A68DA617B68ED
:101F3000BA68F868002103F0F7F800231800BD46DE
:101F400004B080BD80B584B000AFF860B9607A603D
:101F50007B68BA68F868002103F0E6F800231800EF
:101F6000BD4604B080BD80B584B000AFF860B960F4
:101F70007A60FA68A5239B000321D150FA68AC234C
:101F80005B007968D150FA68AE235B007968D15064
:101F90007B68BA68F868002103F0F6F8002318009F
:101FA000BD4604B080BD80B584B000AFF860B960B4
:101FB0007A607B68BA68F868002103F0E5F80023CE
:101FC0001800BD4604B080BD80B582B000AF786017
:101FD0007A68A5239B000421D15078680023002251
:101FE000002103F0A1F800231800BD4602B080BD17
:101FF00080B582B000AF78607A68A5239B00052188
:10200000D150786800230022002103F0BDF800239E
:102010001800BD4602B080BD90B583B000AF02008D
:102020003960FB1D1A70FB1D1B787F2B28D82F4AA7
:10203000FB1D1B785BB29B08C0339B009B58FA1DAD
:102040001278110003220A40D200FF2191400A00B9
:10205000D2431A4011003B689B01FF221A40FB1D2E
:102060001B78180003230340DB009A401F48FB1D28
:102070001B785BB29B080A43C0339B001A5031E0C7
:102080001B4AFB1D1B7819000F230B40083B9B08C4
:1020900006339B00D31804331B68FA1D1278110015
:1020A00003220A40D200FF2191400A00D2431A4085
:1020B00011003B689B01FF221A40FB1D1B78180092
:1020C00003230340DB009A400948FB1D1B781C00DA
:1020D0000F232340083B9B080A4306339B00C31889
:1020E00004331A60C046BD4603B090BD00E100E075
:1020F00000ED00E080B500AF054B1B6801F02AFC45
:102100000300012B01D002F007F9C046BD4680BD97
:1021100010E000E080B500AF05235B42002118000D
:10212000FFF77AFFC046BD4680BD000080B582B093
:1021300000AFEFF305833B603B68002B03D0062321
:102140005B427B600CE0094B1B68002B05D1074B01
:1021500001221A6000237B6002E001235B427B6066
:102160007B681800BD4602B080BDC0469C090020B7
:1021700080B582B000AFEFF305833B603B68002B76
:1021800003D006235B427B6010E00B4B1B68012BE6
:1021900009D1FFF7BFFF084B02221A6000F0E6FFEB
:1021A00000237B6002E001235B427B607B681800B8
:1021B000BD4602B080BDC0469C090020B0B58EB0BF
:1021C00004AFF860B9607A6000233B61EFF30583E8
:1021D0007B617B69002B00D081E0FB68002B00D184
:1021E0007DE080233B621823FB6100237B62012397
:1021F0005B42BB617B68002B44D07B681B68002B73
:1022000002D07B681B687B627B689B69002B02D0D5
:102210007B689B69FB61FB69002B07D0FB69382B4E
:1022200004D87B685B680122134001D0002357E08B
:102230007B685B69002B03D07B685B699B083B6212
:102240007B689B68002B0ED07B68DB68A72B0AD9C4
:102250007B681B69002B06D07B685B69002B02D072
:102260000123BB6110E07B689B68002B0CD17B686D
:10227000DB68002B08D17B681B69002B04D100238D
:10228000BB6101E00023BB61BB69012B12D17B68FC
:102290001A697B689B68BD683C6A796AF868029332
:1022A0000192FB6900932B00220000F09CFD0300CB
:1022B0003B6114E0BB69002B11D13B6A9AB2BC6848
:1022C000796AF8681023FB180193FB6900932300D7
:1022D00000F0D0FD0300012B01D000233B613B69DE
:1022E0001800BD460AB0B0BD80B584B000AFF8603C
:1022F000B9607A60FB68064A1A60BB68054A1A60D2
:102300007B6880221A60C046BD4604B080BDC046CE
:10231000A0090020480A002080B584B000AFF86012
:10232000B9607A60FB68064A1A60BB68054A1A60A1
:102330007B68802252001A60C046BD4604B080BD52
:10234000480C0020F00C002080B582B000AF78600F
:102350007B6808331A007B685A607B68012252420E
:102360009A607B6808331A007B68DA607B68083300
:102370001A007B681A617B6800221A60C046BD465D
:1023800002B080BD80B582B000AF78607B6800226B
:102390001A61C046BD4602B080BD80B584B000AFB2
:1023A000786039607B685B68FB603B68FA685A60FC
:1023B000FB689A683B689A60FB689B683A685A6059
:1023C000FB683A689A603B687A681A617B681B68A8
:1023D0005A1C7B681A60C046BD4604B080BD80B5FB
:1023E00084B000AF786039603B681B68BB60BB6835
:1023F000013303D17B681B69FB600CE07B68083309
:10240000FB6002E0FB685B68FB60FB685B681B6865
:10241000BA689A42F6D2FB685A683B685A603B68D1
:102420005B683A689A603B68FA689A60FB683A6849
:102430005A603B687A681A617B681B685A1C7B6823
:102440001A60C046BD4604B080BD80B584B000AF00
:1024500078607B681B69FB607B685B687A68926860
:102460009A607B689B687A6852685A60FB685B6810
:102470007A689A4203D17B689A68FB685A607B68E5
:1024800000221A61FB681B685A1EFB681A60FB6811
:102490001B681800BD4604B080BD80B584B000AF95
:1024A000786039607B68FB60FB68002B02D172B6F4
:1024B000C046FDE701F0D4FEFB681A68FB68D96BE3
:1024C000FB681B6C4B43D218FB689A60FB680022C8
:1024D0009A63FB681A68FB685A60FB681A68FB68B5
:1024E000DB6B591EFB681B6C4B43D218FB68DA6030
:1024F000FB684422FF219954FB684522FF2199542F
:102500003B68002B0DD1FB681B69002B13D0FB68C7
:102510001033180001F082F8031E0CD001F090FE79
:1025200009E0FB6810331800FFF70EFFFB68243347
:102530001800FFF709FF01F0A5FE01231800BD46B2
:1025400004B080BD90B589B002AFF860B9607A6020
:102550003B60FB68002B02D172B6C046FDE73B68CA
:10256000002B02D172B6C046FDE77B68002B02D07B
:10257000BB68002B01D0012300E00023002B02D117
:1025800072B6C046FDE77B68002B02D1BB68002B0A
:1025900001D1012300E00023002B02D172B6C04616
:1025A000FDE750233B613B69502B02D072B6C04619
:1025B000FDE73B693B687B617B69002B0ED07B6943
:1025C0004622012199542823FB181C787A68B9689F
:1025D000F8687B690093230000F038F87B691800E5
:1025E000BD4607B090BD90B58BB002AFF860B96042
:1025F000FB1D1A70FB68002B02D172B6C046FDE7C6
:10260000FB68BA685343FB61FB695033180001F063
:10261000BFFE0300BB61BB69002B12D0BB697B61AD
:102620007B6950337B61BB69462200219954FB1DB5
:102630001C787A69B968F868BB690093230000F0D8
:1026400005F8BB691800BD4609B090BD80B584B0DF
:1026500000AFF860B9607A601A00FB1C1A70BB68A2
:10266000002B03D1BB69BA691A6002E0BB697A68C2
:102670001A60BB69FA68DA63BB69BA681A64BB6935
:1026800001211800FFF709FFBB69FA1C4C211278E1
:102690005A54C046BD4604B080BD80B582B000AF7C
:1026A00078607B68002B0ED07B6800229A607B6884
:1026B00000221A607B680022DA607868002300221A
:1026C000002100F020F8C046BD4602B080BD80B5B4
:1026D00086B000AF0200FB1D1A7001237B6100234E
:1026E0003B61FB1D1A7839697B691800FFF77BFF96
:1026F0000300FB60FB681800FFF7CFFFFB681800C2
:10270000BD4606B080BD80B58AB000AFF860B96044
:102710007A603B6000237B62FB683B623B6A002B74
:1027200002D172B6C046FDE7BB68002B03D13B6AFD
:102730001B6C002B01D1012300E00023002B02D1F0
:1027400072B6C046FDE73B68022B03D13B6ADB6BE8
:10275000012B01D1012300E00023002B02D172B62E
:10276000C046FDE701F0F6F8031E02D17B68002B9E
:1027700001D1012300E00023002B02D172B6C04634
:10278000FDE701F06DFD3B6A9A6B3B6ADB6B9A4299
:1027900002D33B68022B1ED13A68B9683B6A180025
:1027A00000F0A8F90300FB613B6A5B6A002B09D0CB
:1027B0003B6A2433180000F031FF031E07D001F0FC
:1027C0003FFD04E0FB69002B01D001F039FD01F071
:1027D00059FD01235BE07B68002B03D101F052FD22
:1027E000002354E07B6A002B06D11423FB18180049
:1027F00000F072FF01237B6201F044FD00F016FD42
:1028000001F02EFD3B6A44229B5C5BB2013303D195
:102810003B6A4422002199543B6A45229B5C5BB28F
:10282000013303D13B6A45220021995401F02AFD6E
:102830003A1D1423FB181100180000F061FF031E5D
:102840001ED13B6A180000F05AFA031E11D03B6AF1
:1028500010337A681100180000F098FE3B6A1800E7
:1028600000F0D9F900F0EEFC031E8AD101F0E8FC7B
:1028700087E73B6A180000F0CEF900F0E3FC80E740
:102880003B6A180000F0C7F900F0DCFC00231800D8
:10289000BD460AB080BD90B58BB000AFF860B9609E
:1028A0007A603B60FB683B623B6A002B02D172B6E8
:1028B000C046FDE7BB68002B03D13B6A1B6C002BB5
:1028C00001D1012300E00023002B02D172B6C046E3
:1028D000FDE73B68022B03D13B6ADB6B012B01D187
:1028E000012300E00023002B02D172B6C046FDE7B1
:1028F00001F0E0FC0300FB613B6A9A6B3B6ADB6B17
:102900009A4202D33B68022B31D11B243B193A6A0D
:102910004521525C1A703B6A9B6B7B613A68B968CF
:102920003B6A180000F0E6F83B191B785BB20133F4
:1029300011D13B6A5B6A002B16D03B6A2433180026
:1029400000F06CFE031E0FD07B68002B0CD07B6860
:1029500001221A6008E01B23FB181B780133DBB24D
:1029600059B23B6A4522995401237B6201E000235E
:102970007B62FB69180001F0A3FC7B6A1800BD466E
:102980000BB090BD80B58AB000AFF860B9607A60D6
:1029900000237B62FB683B623B6A002B02D172B66C
:1029A000C046FDE7BB68002B03D13B6A1B6C002BC4
:1029B00001D1012300E00023002B02D172B6C046F2
:1029C000FDE700F0C7FF031E02D17B68002B01D199
:1029D000012300E00023002B02D172B6C046FDE7C0
:1029E00001F03EFC3B6A9B6BFB61FB69002B1AD03C
:1029F000BA683B6A1100180000F0E7F8FB695A1E3C
:102A00003B6A9A633B6A1B69002B08D03B6A103310
:102A1000180000F003FE031E01D001F011FC01F0CC
:102A200031FC012362E07B68002B03D101F02AFC1A
:102A300000235BE07B6A002B06D11423FB181800EF
:102A400000F04AFE01237B6201F01CFC00F0EEFB6B
:102A500001F006FC3B6A44229B5C5BB2013303D16C
:102A60003B6A4422002199543B6A45229B5C5BB23D
:102A7000013303D13B6A45220021995401F002FC45
:102A80003A1D1423FB181100180000F039FE031E34
:102A90001ED13B6A180000F01CF9031E11D03B6ADE
:102AA00024337A681100180000F070FD3B6A1800AA
:102AB00000F0B1F800F0C6FB031E91D101F0C0FB9D
:102AC0008EE73B6A180000F0A6F800F0BBFB87E732
:102AD0003B6A180000F09FF800F0B4FB3B6A180056
:102AE00000F0F7F8031E00D17AE700231800BD4676
:102AF0000AB080BD80B586B000AFF860B9607A607A
:102B000000237B61FB689B6B3B61FB681B6C002BAC
:102B10000ED1FB681B68002B4ED1FB689B68180028
:102B200000F034FF03007B61FB6800229A6043E001
:102B30007B68002B19D1FB685868FB681A6CBB686E
:102B4000190003F0BFFCFB685A68FB681B6CD218C5
:102B5000FB685A60FB685A68FB689B689A422BD3F3
:102B6000FB681A68FB685A6026E0FB68D868FB6857
:102B70001A6CBB68190003F0A5FCFB68DA68FB68F7
:102B80001B6C5B42D218FB68DA60FB68DA68FB6892
:102B90001B689A4207D2FB689A68FB681B6C5B4211
:102BA000D218FB68DA607B68022B05D13B69002BE9
:102BB00002D03B69013B3B613B695A1CFB689A634D
:102BC0007B691800BD4606B080BD80B582B000AFFD
:102BD000786039607B681B6C002B18D07B68DA68E2
:102BE0007B681B6CD2187B68DA607B68DA687B686C
:102BF0009B689A4203D37B681A687B68DA607B68BB
:102C0000D9687B681A6C3B68180003F05BFCC0460F
:102C1000BD4602B080BD80B584B000AF786001F0E1
:102C20001FFB0F23FB187A684521525C1A7013E0D2
:102C30007B685B6A002B16D07B682433180000F099
:102C4000EDFC031E01D000F0ADFD0F217B181B78B9
:102C5000013BDAB27B181A700F23FB181B785BB2AA
:102C6000002BE5DC00E0C0467B684522FF2199543B
:102C700001F008FB01F0F4FA0E23FB187A684421F6
:102C8000525C1A7013E07B681B69002B16D07B68BE
:102C90001033180000F0C2FC031E01D000F082FDCA
:102CA0000E217B181B78013BDAB27B181A700E23B9
:102CB000FB181B785BB2002BE5DC00E0C0467B68AC
:102CC0004422FF21995401F0DDFAC046BD4604B00C
:102CD00080BD80B584B000AF786001F0C1FA7B6838
:102CE0009B6B002B02D10123FB6001E00023FB6002
:102CF00001F0C8FAFB681800BD4604B080BD80B57D
:102D000084B000AF786001F0ABFA7B689A6B7B68A7
:102D1000DB6B9A4202D10123FB6001E00023FB60E0
:102D200001F0B0FAFB681800BD4604B080BD000099
:102D300080B584B000AF786039600023FB6015E097
:102D40000E4BFA68D200D358002B0CD10B4BFA680B
:102D5000D2003968D150094AFB68DB00D31804332C
:102D60007A681A6006E0FB680133FB60FB68072B9A
:102D7000E6D9C046C046BD4604B080BDF010002074
:102D800080B586B000AFF860B9607A60FB687B619F
:102D900001F066FA7B6944229B5C5BB2013303D18C
:102DA0007B694422002199547B6945229B5C5BB27C
:102DB000013303D17B6945220021995401F062FA65
:102DC0007B699B6B002B06D17B6924337A68B968D9
:102DD000180000F0FBFB7B691800FFF71CFFC046E2
:102DE000BD4606B080BD90B58DB004AFF860B96047
:102DF0007A603B607B6B002B02D172B6C046FDE768
:102E0000BB6B002B02D172B6C046FDE7A8237B61E5
:102E10007B69A82B02D072B6C046FDE77B69BB6B0D
:102E2000002B20D07B6B002B1DD0BB6BFB61FB69A3
:102E30007A6B1A63FB69A522022199543C687A686F
:102E4000B968F86800230393FB6902931823FB1801
:102E500001933B6B0093230000F058F8FB691800C6
:102E600000F0F6F801E00023BB61BB691800BD4625
:102E700009B090BD90B58DB004AFF860B9603B600B
:102E8000BB1D1A80BB1D1B889B00180001F080FA37
:102E900003007B617B69002B10D0A82001F078FA39
:102EA0000300FB61FB69002B03D0FB697A691A639D
:102EB00006E07B69180001F01BFB01E00023FB61C9
:102EC000FB69002B1AD0FB69A52200219954BB1D78
:102ED0001A883C68B968F86800230393FB69029379
:102EE0007B6B01933B6B0093230000F00FF8FB69B1
:102EF000180000F0ADF80123BB6102E001235B4242
:102F0000BB61BB691800BD4609B090BD80B586B0F5
:102F100000AFF860B9607A603B60BB6A186B7B6891
:102F20009B001A00A52103F0D1F9BB6A1A6B7B68DC
:102F300043498C4663449B00D3183B613B6907229D
:102F400093433B613B690722134002D072B6C046EF
:102F5000FDE7BB68002B20D000237B6113E0BA683B
:102F60007B69D3181878BA6A34217B69D3185B1847
:102F7000021C1A70BA687B69D3181B78002B06D024
:102F80007B6901337B617B690F2BE8D900E0C04688
:102F9000BB6A43220021995403E0BB6A342200211A
:102FA00099543B6A372B01D937233B62BB6A3A6A93
:102FB000DA62BB6A3A6ADA64BB6A00221A65BB6AE3
:102FC00004331800FFF7DEF9BB6A18331800FFF767
:102FD000D9F9BB6ABA6A1A613B6A3822D21ABB6A4B
:102FE0009A61BB6ABA6A5A62BB6AA02200219950F0
:102FF000BB6AA42200219954BB6A54334C2200219D
:10300000180003F063F9BB6A0E4A9A65BB6A0E4A60
:10301000DA65BB6A0D4A1A663A68F9683B691800B6
:1030200001F084F80200BB6A1A607B6A002B02D0B0
:103030007B6ABA6A1A60C046BD4606B080BDC0460B
:10304000FFFFFF3F98C1002000C2002068C200209F
:1030500080B582B000AF786001F002F92A4B1B689E
:103060005A1C294B1A60294B1B68002B09D1274B8E
:103070007A681A60244B1B68012B10D100F0ACFB5E
:103080000DE0234B1B68002B09D1204B1B68DA6A2B
:103090007B68DB6A9A4202D81C4B7A681A601D4B27
:1030A0001B685A1C1B4B1A601A4B1A687B685A64BF
:1030B0007B68DA6A184B1B689A4203D97B68DA6A24
:1030C000154B1A607B68DA6A13009B009B189B0003
:1030D000124A9A187B68043319001000FFF75DF953
:1030E00001F0D0F80A4B1B68002B08D0074B1B6877
:1030F000DA6A7B68DB6A9A4201D201F0A1F8C04625
:10310000BD4602B080BDC04604160020301100202C
:1031100010160020201600200C160020341100206C
:1031200080B584B000AF78600023FB607B68002B23
:1031300011D00D4B1B68002B02D072B6C046FDE7C4
:1031400000F074F87B680021180000F07DFC00F0AE
:1031500079F80300FB60FB68002B01D101F070F8E7
:10316000C046BD4604B080BD2C16002090B589B085
:1031700004AF0023BB6000237B603A00391D0823A5
:10318000FB181800FFF7B0F83C687B68BA681F4965
:103190001F48029201930023009300232200FFF7AF
:1031A00022FE02001B4B1A601A4B1B68002B02D038
:1031B0000123FB6001E00023FB60FB68012B03D1CE
:1031C00000F096FC0300FB60FB68012B13D172B684
:1031D000114B1B6854331A00104B1A60104B01221C
:1031E00052421A600F4B01221A600F4B00221A60E4
:1031F00001F002F805E0FB68013302D172B6C04667
:10320000FDE7C046BD4605B090BDC04698A6010882
:10321000B93701082816002030110020B001002025
:1032200024160020101600200816002080B500AFDC
:10323000034B1B685A1C024B1A60C046BD4680BD3A
:103240002C16002080B584B000AF0023FB60002363
:10325000BB603A4B1B68002B02D172B6C046FDE73B
:1032600000F0FEFF354B1B685A1E344B1A60334B7F
:103270001B68002B5BD1324B1B68002B57D02FE013
:10328000304BDB68DB68FB60FB6818331800FFF726
:10329000DCF8FB6804331800FFF7D7F8FB68DA6A3C
:1032A000294B1B689A4203D9FB68DA6A264B1A60DD
:1032B000FB68DA6A13009B009B189B00234A9A184C
:1032C000FB68043319001000FFF767F8FB68DA6A3F
:1032D0001F4B1B68DB6A9A4202D31E4B01221A6005
:1032E000184B1B68002BCBD1FB68002B01D000F0E2
:1032F00013FB194B1B687B607B68002B0FD000F021
:103300003BF8031E02D0134B01221A607B68013B7D
:103310007B607B68002BF2D10F4B00221A600D4BB3
:103320001B68002B03D00123BB6000F089FF00F075
:10333000A9FFBB681800BD4604B080BD2C16002054
:1033400004160020C41500200C16002034110020A3
:1033500030110020181600201416002080B582B00D
:1033600000AF044B1B687B607B681800BD4602B051
:1033700080BDC0460816002080B586B000AF00238F
:103380007B614A4B1B68002B00D085E0484B1B68D3
:1033900001333B61464B3A691A603B69002B18D1F7
:1033A000444B1B681B68002B02D072B6C046FDE779
:1033B000404B1B68FB60404B1A683E4B1A603E4B0B
:1033C000FA681A603D4B1B685A1C3C4B1A6000F0AF
:1033D000A3FA3B4B1B683A699A4249D3354B1B68A9
:1033E0001B68002B04D1364B012252421A603FE089
:1033F000304B1B68DB68DB68BB60BB685B687B606D
:103400003A697B689A4203D22D4B7A681A602FE0A2
:10341000BB6804331800FFF718F8BB689B6A002BE1
:1034200004D0BB6818331800FFF70FF8BB68DA6ADE
:10343000244B1B689A4203D9BB68DA6A214B1A6095
:10344000BB68DA6A13009B009B189B001E4A9A18FF
:10345000BB68043319001000FEF79FFFBB68DA6AEF
:103460001A4B1B68DB6A9A42B8D301237B61B5E72C
:10347000164B1B68DA6A144913009B009B189B00CB
:103480005B58012B01D901237B61114B1B68002B79
:1034900007D001237B6104E00E4B1B685A1C0D4BC7
:1034A0001A607B691800BD4606B080BD2C1600204E
:1034B00008160020BC150020C01500201C16002096
:1034C000241600200C16002034110020301100209A
:1034D000181600201416002080B582B000AF254BCE
:1034E0001B68002B03D0244B01221A603EE0224BC4
:1034F00000221A60214B1B687B6008E07B68002B70
:1035000002D172B6C046FDE77B68013B7B601C4977
:103510007A6813009B009B189B005B58002BEDD032
:103520007A6813009B009B189B00154A9B183B6010
:103530003B685B685A683B685A603B685A683B68FE
:1035400008339A4204D13B685B685A683B685A600A
:103550003B685B68DA680B4B1A60084B7A681A6044
:10356000084B1B6854331A00074B1A60C046BD460F
:1035700002B080BD2C160020181600200C1600206A
:103580003411002030110020B001002080B582B03D
:1035900000AF786039607B68002B02D172B6C046FC
:1035A000FDE7094B1B6818331A007B6811001800EF
:1035B000FEF715FF3B680121180000F045FAC046F0
:1035C000BD4602B080BDC0463011002080B584B039
:1035D00000AFF860B9607A60FB68002B02D172B668
:1035E000C046FDE70C4B1B6818331A00FB6811003E
:1035F0001800FEF7D2FE7B68002B02D001235B424D
:10360000BB607A68BB681100180000F01DFAC04664
:10361000BD4604B080BDC0463011002080B584B0E6
:1036200000AF78607B68DB68DB68BB60BB68002B41
:1036300002D172B6C046FDE7BB6818331800FEF72A
:1036400004FF1F4B1B68002B1DD1BB6804331800FF
:10365000FEF7FBFEBB68DA6A1A4B1B689A4203D975
:10366000BB68DA6A174B1A60BB68DA6A13009B0002
:103670009B189B00144A9A18BB6804331900100069
:10368000FEF78BFE07E0BB6818331A000F4B1100E2
:103690001800FEF782FEBB68DA6A0D4B1B68DB6A16
:1036A0009A4205D90123FB600A4B01221A6001E00E
:1036B0000023FB60FB681800BD4604B080BDC04617
:1036C0002C1600200C16002034110020C4150020F8
:1036D000301100201816002080B582B000AF78604D
:1036E000054B1A687B681A60044B1A687B685A603D
:1036F000C046BD4602B080BD1C1600200816002042
:1037000080B586B000AF786039607B68002B02D14D
:1037100072B6C046FDE73B68002B02D172B6C046C8
:10372000FDE700F09DFD1D4B1B683B617B685B68FE
:103730003A69D31AFB603B681B68013302D100234E
:103740007B6124E07B681A68154B1B689A4207D09E
:103750007B685B683A699A4202D301237B6116E079
:103760003B681B68FA689A420CD23B681A68FB688F
:10377000D21A3B681A607B681800FFF7ADFF002380
:103780007B6104E03B6800221A6001237B6100F04A
:1037900079FD7B691800BD4606B080BD0816002083
:1037A0001C16002080B500AF024B01221A60C046F3
:1037B000BD4680BD1816002080B582B000AF78608D
:1037C00000F04EF8034B1B68012BF9D900F038FDCF
:1037D000F6E7C0463411002080B582B000AF002368
:1037E0007B600CE07A6813009B009B189B00144AD6
:1037F0009B181800FEF7A8FD7B6801337B607B688F
:10380000372BEFD90F4B1800FEF79EFD0E4B18001B
:10381000FEF79AFD0D4B1800FEF796FD0C4B1800B5
:10382000FEF792FD0B4B1800FEF78EFD0A4B054A82
:103830001A600A4B044A1A60C046BD4602B080BDF9
:103840003411002094150020A8150020C415002074
:10385000D8150020F0150020BC150020C015002050
:1038600080B582B000AF1AE000F0FAFC104BDB68C4
:10387000DB687B607B6804331800FEF7E6FD0D4BC8
:103880001B685A1E0B4B1A600B4B1B685A1E0A4BC7
:103890001A6000F0F7FC7B68180000F00FF8064B88
:1038A0001B68002BE0D1C046C046BD4602B080BDBB
:1038B000D815002004160020EC15002080B582B039
:1038C00000AF78607B685433180002F01DFD7B6800
:1038D000A5229B5C002B09D17B681B6B180000F0B4
:1038E00007FE7B68180000F003FE11E07B68A5224C
:1038F0009B5C012B04D17B68180000F0F9FD07E008
:103900007B68A5229B5C022B02D072B6C046FDE705
:10391000C046BD4602B080BD80B582B000AF0B4B43
:103920001B681B68002B04D1094B012252421A600C
:1039300008E0064B1B68DB68DB687B607B685A68C5
:10394000034B1A60C046BD4602B080BDBC150020C6
:103950002416002080B582B000AF0A4B1B68002BF4
:1039600002D101237B6008E0074B1B68002B02D1CA
:1039700002237B6001E000237B607B681800BD466A
:1039800002B080BD101600202C16002080B584B037
:1039900000AF78607B68BB600023FB607B68002B16
:1039A00046D0264B1B68BA689A4202D072B6C0460F
:1039B000FDE7BB681B6D002B02D172B6C046FDE768
:1039C000BB681B6D5A1EBB681A65BB68DA6ABB68A8
:1039D000DB6C9A422CD0BB681B6D002B28D1BB68D6
:1039E00004331800FEF731FDBB68DA6CBB68DA629D
:1039F000BB68DB6A3822D21ABB689A61BB68DA6A94
:103A00000F4B1B689A4203D9BB68DA6A0C4B1A60E9
:103A1000BB68DA6A13009B009B189B00094A9A183E
:103A2000BB68043319001000FEF7B7FC0123FB60EC
:103A3000FB681800BD4604B080BDC04630110020B0
:103A40000C1600203411002080B584B000AF7860DF
:103A50003960214B1B68FB60204B1B680433180046
:103A6000FEF7F3FC7B6801330BD13B68002B08D0D9
:103A70001A4B1B681A1D1A4B11001800FEF78DFC1B
:103A800026E0FA687B68D318BB60144B1B68BA68E1
:103A90005A60BA68FB689A4209D2124B1A680F4BF7
:103AA0001B68043319001000FEF799FC10E00E4B60
:103AB0001A680A4B1B68043319001000FEF78FFCCC
:103AC0000A4B1B68BA689A4202D2084BBA681A605D
:103AD000C046BD4604B080BD08160020301100204D
:103AE000F0150020C0150020BC1500202416002071
:103AF00090B589B004AF0023FB6000F0D5FA184BF5
:103B00001B68002B20D00023BB6000237B603A00A1
:103B1000391D0823FB181800FEF7FEFB3C687B6884
:103B2000BA681049104802920193022300930023BF
:103B30002200FFF758F902000C4B1A600B4B1B6870
:103B4000002B01D00123FB60FB68002B02D172B671
:103B5000C046FDE7FB681800BD4605B090BDC046F5
:103B600060160020A0A60108953C010864160020FC
:103B700090B58BB000AFF860B9607A603B6000230D
:103B80007B62FB68002B02D172B6C046FDE71D4B7D
:103B90001B68002B30D014243B19BA681A603B19FB
:103BA0007A685A603B19FA689A60BB68052B19DC81
:103BB000FFF7D0FE0300022B09D1124B1868BA6B35
:103BC00039190023FEF79FFD03007B6214E00D4BC3
:103BD00018681423F91800230022FEF794FD03004F
:103BE0007B6209E0074B18683A681423F918002330
:103BF000FEF751FE03007B627B6A1800BD460BB0E6
:103C000090BDC0466016002080B586B002AF7860D7
:103C100039601F4B1B68DB68DB68FB60FB680433A3
:103C20001800FEF712FCFB6828229B5C1A00042394
:103C300013401AD0FB689A697B68D1187B683A6890
:103C4000F86800F0C7F8031E18D07A68F8680023F7
:103C5000009300230021FFF78BFF0300BB60BB68CC
:103C6000002B0BD172B6C046FDE7FB6828229B5C97
:103C700001229343D9B2FB6828229954FB681B6A3E
:103C8000FA6810009847C046BD4604B080BDC046E3
:103C90005816002080B584B000AF78600823FB1868
:103CA000180000F055F80300FB60BA68FB681100CB
:103CB000180000F005F800F0CFF8C046EEE700006D
:103CC00080B584B000AF78603960FFF7AFFA0823A1
:103CD000FB18180000F05EF80300FB60BB68002BC7
:103CE0002BD13B68002B0CD17A68FB689A4208D82C
:103CF000FFF7A8FAFA687B6811001800FFF784FF45
:103D00001DE03B68002B08D00F4B1B681B68002B85
:103D100001D1012300E000233B600C4B18687A6856
:103D2000FB68D31A3A681900FFF72AF8FFF78AFAF6
:103D3000031E04D100F084FA01E0FFF783FAC046C5
:103D4000BD4604B080BDC0465C1600206016002051
:103D500080B584B000AF78600D4B1B681B68002BEA
:103D600001D1012200E000227B681A607B681B6899
:103D7000002B05D1064B1B68DB681B68FB6001E06C
:103D80000023FB60FB681800BD4604B080BDC04640
:103D90005816002080B584B000AF7860FFF7DEFAD7
:103DA0000300FB600A4B1B68FA689A4205D200F0D8
:103DB0001DF97B6801221A6002E07B6800221A600C
:103DC000034BFA681A60FB681800BD4604B080BD5A
:103DD0006816002080B586B000AFF860B9607A60E0
:103DE0003B6000237B61FB68BA685A60FB68FA6835
:103DF0001A61BA687B689A4212D87A683B68D21A0C
:103E0000FB689B699A4202D301237B611BE0104B44
:103E10001A68FB68043319001000FEF7E0FA12E09C
:103E20007A683B689A4206D2BA683B689A4202D3E3
:103E300001237B6107E0074B1A68FB680433190014
:103E40001000FEF7CCFA7B691800BD4606B080BDB5
:103E50005C1600205816002090B58DB002AFB1E07E
:103E60000822BB181B68002B10DABB1804337B62D6
:103E70007B6A002B02D172B6C046FDE77B6A1A68E6
:103E80007B6A58687B6A9B68190090470822BB18B8
:103E90001B68002B00DA95E0BB189B683B623B6A0D
:103EA0005B69002B04D03B6A04331800FEF7CDFA9F
:103EB0003B1D1800FFF76EFF0300FB610823FB1892
:103EC0001B68092B00D97AE09A00464BD3181B686F
:103ED0009F463B6A28229B5C01221343D9B23B6A6E
:103EE0002822995408243B195A683B6A9B69D118C7
:103EF0003B195B68FA69386AFFF76CFF031E60D0F4
:103F00003B6A1B6A3A6A100098473B6A28229B5C0E
:103F10001A000423134054D03B195A683B6A9B692A
:103F2000D218386A0023009300230021FFF720FEF7
:103F30000300BB61BB69002B43D172B6C046FDE7ED
:103F40003B6A28229B5C01229343D9B23B6A282218
:103F5000995437E03B6A28229B5C01221343D9B273
:103F60003B6A282299540823FB185A683B6A9A61D5
:103F70003B6A9B69002B02D172B6C046FDE73B6AE3
:103F80009A69FB69D118FB69FA69386AFFF722FF61
:103F900018E03B6A28229B5C1A000223134004D1DC
:103FA0003B6A180000F0A4FA0CE03B6A28229B5CF4
:103FB00001229343D9B23B6A2822995402E0C046B9
:103FC00000E0C046084B1B680822B9180022180000
:103FD000FEF7D8FC031E00D042E7C046C046BD46EF
:103FE0000BB090BD00A901086016002080B588B014
:103FF00002AF42E02A4B1B68DB681B683B61284B21
:104000001B68DB68DB68FB60FB6804331800FEF7A5
:104010001CFAFB681B6AFA6810009847FB682822A4
:104020009B5C1A000423134027D0FB689B693A6904
:10403000D318BB60BA683B699A420ED9FB68BA686C
:104040005A60FB68FA681A61154B1A68FB680433FA
:1040500019001000FEF7C3F90FE03A69F868002371
:10406000009300230021FFF783FD03007B607B6842
:10407000002B02D172B6C046FDE7094B1B681B68D6
:10408000002BB7D1064B1B687B61064B1A68044BAB
:104090001A60044B7A691A60C046BD4606B080BDFE
:1040A000581600205C16002080B582B002AF00F0E8
:1040B000D7F8164B1B68002B23D1154B1800FEF7C1
:1040C00043F9144B1800FEF73FF9134B104A1A60DE
:1040D000124B104A1A60124B124A00210091102113
:1040E0000A20FEF72FFA0200084B1A60074B1B68E4
:1040F000002B06D0054B1B680B4A11001800FEF779
:1041000017FE00F0BFF8C046BD4680BD6016002017
:104110003016002044160020581600205C1600209F
:104120000C1700206C160020A8A6010880B584B0EA
:1041300000AFF860B9607A60FB68043BFB60FB6825
:10414000802252041A60FB68043BFB60BA68FB687B
:104150001A60FB68043BFB60084AFB681A60FB6856
:10416000143BFB607A68FB681A60FB68203BFB60CD
:10417000FB681800BD4604B080BDC04681410108FF
:1041800080B582B000AF00237B60084B1B68013311
:1041900002D072B6C046FDE772B6C0467B68002BFF
:1041A000FCD0C046C046BD4602B080BD38010020EC
:1041B00080B500AFC046BD4680BD000000000000D5
:1041C0000B4A13681868203080F30988022080F3B6
:1041D0001488BFF36F8F3FBCAE4608BC04BC62B608
:1041E0001847C046C046C046C046C046C046C04646
:1041F00030110020C046C04680B500AF0E4B1A6893
:104200000D4BFF2109040A431A600B4B1A680A4B35
:10421000FF2109060A431A6000F098F8074B0022B4
:104220001A60FFF7CDFFFFF757F9FFF7A9FF00234B
:104230001800BD4680BDC04620ED00E038010020DA
:1042400080B500AF054B802252051A60BFF34F8F37
:10425000BFF36F8FC046BD4680BDC04604ED00E091
:1042600080B500AF72B6064B1B685A1C044B1A602F
:10427000BFF34F8FBFF36F8FC046BD4680BDC046B2
:104280003801002080B500AF094B1B68002B02D11C
:1042900072B6C046FDE7064B1B685A1E044B1A60F7
:1042A000034B1B68002B00D162B6C046BD4680BDE3
:1042B00038010020EFF3108072B67047C046180036
:1042C00080F310887047C046000000000000000026
:1042D000EFF309800E4B1A6820381060F0C0444696
:1042E0004D4656465F46F0C008B572B6FFF7F4F883
:1042F00062B60CBC116808681030F0C8A046A94628
:10430000B246BB4680F309882038F0C81847C0463B
:1043100030110020C046C04680B582B000AFFFF724
:10432000C9FF03007B60FFF727F8031E03D0064B8D
:10433000802252051A607B681800FFF7C1FFC04653
:10434000BD4602B080BDC04604ED00E080B500AFC0
:104350000B4B00221A600B4B00221A600A4B1B68A1
:10436000FA2291001800EBF7EBFE03001A00074B4E
:10437000013A1A60024B07221A60C046BD4680BD52
:1043800010E000E018E000E0A000002014E000E0F1
:1043900080B586B000AF78600023FB60FEF746FF73
:1043A0004D4B1B68002B01D100F0F2F84B4B1B6802
:1043B0007A68134000D080E07B68002B13D008227D
:1043C0007B689B187B607B68072213400BD07B685F
:1043D0000722934308337B607B680722134002D097
:1043E00072B6C046FDE77B68002B66D03C4B1B686D
:1043F0007A689A4261D83B4B3B613A4B1B687B61C0
:1044000004E07B693B617B691B687B617B695B685E
:104410007A689A4203D97B691B68002BF1D12E4B35
:104420001B687A699A4248D03B691B6808229B182E
:10443000FB607B691A683B691A607B695A687B6814
:10444000D21A08235B009A4217D97A697B68D3187D
:10445000BB60BB680722134002D072B6C046FDE7BE
:104460007B695A687B68D21ABB685A607B697A6834
:104470005A60BB68180000F0EBF8194B1A687B69AA
:104480005B68D21A164B1A60154B1A68164B1B68DC
:104490009A4203D2124B1A68134B1A607B695A680E
:1044A0000E4B1B681A437B695A607B6900221A60B5
:1044B0000E4B1B685A1C0D4B1A60FEF7C3FEFB68BF
:1044C0000722134002D072B6C046FDE7FB68180011
:1044D000BD4606B080BDC04664A7002078A7002076
:1044E00068A700205CA700206CA7002070A7002010
:1044F00080B584B000AF78607B68FB607B68002B80
:104500003CD008235B42FA68D318FB60FB68BB60B1
:10451000BB685A681B4B1B68134002D172B6C04679
:10452000FDE7BB681B68002B02D072B6C046FDE7F2
:10453000BB685A68134B1B6813401FD0BB681B68CD
:10454000002B1BD1BB685A680E4B1B68DB431A401B
:10455000BB685A60FEF76AFEBB685A680A4B1B6864
:10456000D218094B1A60BB68180000F071F8074BAD
:104570001B685A1C054B1A60FEF764FEC046BD4618
:1045800004B080BD78A7002068A7002074A7002091
:1045900080B584B000AF90231B02BB60264BFB604C
:1045A000FB68072213400CD0FB680733FB60FB68F5
:1045B00007229343FB60BA68FB68D21A1E4BD318DC
:1045C000BB60FB687B601D4B7A681A601B4B002246
:1045D0005A607B68BA68D318FB600822FB689B1A94
:1045E000FB60FB6807229343FB60FA68144B1A6078
:1045F000134B1B6800225A60114B1B6800221A6083
:104600007B683B603B68FA68D21A3B685A600C4B87
:104610001A683B681A603B685A680A4B1A603B6824
:104620005A68094B1A60094B802212061A60C0466C
:10463000BD4604B080BDC0465C1700205CA70020CA
:1046400064A700206CA7002068A7002078A700209E
:1046500080B584B000AF7860274BFB6002E0FB6858
:104660001B68FB60FB681B687A689A42F7D8FB6896
:10467000BB60FB685B68BA68D3187A689A4208D155
:10468000FB685A687B685B68D218FB685A60FB68F5
:104690007B607B68BB607B685B68BA68D218FB682C
:1046A0001B689A4218D1FB681A68144B1B689A421F
:1046B0000DD07B685A68FB681B685B68D2187B6802
:1046C0005A60FB681B681A687B681A6008E00B4B2D
:1046D0001A687B681A6003E0FB681A687B681A60D6
:1046E000FA687B689A4202D0FB687A681A60C04612
:1046F000BD4604B080BDC0465CA7002064A7002072
:1047000080B500AF1449154B00221800FBF7FAFFE3
:10471000031E01D0F1F726FD114A104B11001800BD
:10472000FCF72AF8031E01D0F1F71CFD0D4A0B4BD4
:1047300011001800FBF704FF031E01D0F1F712FD72
:10474000064B1800FCF756F8031E01D0F1F70AFDDE
:10475000C046BD4680BDC046500100207CA7002059
:10476000B80000203C01002080B500AF0749084B8D
:1047700000221800FBF7FEFE064A054B1100180048
:10478000FBF71BFF00231800BD4680BD98B2002038
:104790007CA7002098AA002080B500AF0023180055
:1047A000BD4680BD80B582B000AF39601100FB1DF1
:1047B000021C1A703B1D0A1C1A80FB1D1B78232B40
:1047C00004D89A00044BD3181B689F46C0460023A8
:1047D0001800BD4602B080BD28A9010890B585B07B
:1047E00000AF786039607A68124B11001800FBF74F
:1047F000E4FE104B1800FBF74BFF031E14D13B687F
:104800001A680F243B191A703B191A7879680A4BF9
:10481000180001F057FE3B191A787B680021180038
:1048200001F054FD002300E003231800BD4605B04D
:1048300090BDC0467CA7002058AA0020B0B584B027
:1048400000AF78600A00BB1C1A800F23FB180022FF
:104850001A70114AAF239B00D358BB60BA688523F6
:104860009B00D358002B01D0012310E0BB1C1A88F9
:104870007968094B1800FBF77DFE0F257C19064B64
:104880001800FBF7B7FE030023707B191B78180094
:10489000BD4604B0B0BDC0467CA7002080B586B040
:1048A00000AFF860B960FB1D1A7017217B18002259
:1048B0001A707B181B785BB21800BD4606B080BD2D
:1048C00080B5C4B000AF7860184B882252009B18A6
:1048D000DB19180080235B001A00002101F0F6FCB0
:1048E0000023FB600C23FA181023FB18110018009A
:1048F000FFF774FF031E13D10D4B1B787E2B0FD1D6
:104900007A680B4B1000190040231A0001F0DAFD01
:10491000074B40220021180001F0D8FC002300E0E2
:1049200001231800BD4644B080BDC04600FFFFFF14
:1049300058AA002080B582B000AF02003960FB1D8C
:104940001A703B6812221A80024B1800BD4602B052
:1049500080BDC0467001002080B582B000AF02006B
:104960003960FB1D1A703B6804221A80024B180044
:10497000BD4602B080BDC0468401002080B582B033
:1049800000AF02003960FB1D1A70FB1D1B78002B65
:1049900006D13A680849094B1800FDF742FA05E0CC
:1049A0003A680549054B1800FDF73BFA024B180021
:1049B000BD4602B080BDC04698BA0020B0A601082E
:1049C00080B582B000AF02003960FB1D1A703A68F2
:1049D0000449054B1800FDF724FA024B1800BD46A8
:1049E00002B080BD98BA0020C8A6010880B582B088
:1049F00000AF02003960FB1D1A703B681A221A8052
:104A000000F04CF8024B1800BD4602B080BDC04615
:104A10008801002080B582B000AF02003960FB1D24
:104A20001A70FB1D1B78002B06D13A680849094B08
:104A30001800FDF7F6F905E03A680549054B18003E
:104A4000FDF7EFF9024B1800BD4602B080BDC0462D
:104A500098BA0020DCA6010880B582B000AF020041
:104A60003960FB1D1A70FB1D1B78002B06D13A68BC
:104A70000849094B1800FDF7D4F905E03A680549E3
:104A8000054B1800FDF7CDF9024B1800BD4602B0EA
:104A900080BDC04698BA0020E8A6010880B584B061
:104AA00000AF104B1B68FB600F4B1B68BB600F4BCC
:104AB0001B687B60FA687B68D318FB60FB68002B7F
:104AC0000BD00B49FB680822180000F015F80949C3
:104AD000BB680422180000F00FF8C046BD4604B0C1
:104AE00080BDC0469075FF1F9475FF1F9875FF1F0E
:104AF0008A0100209A01002080B586B000AFF860DE
:104B0000B960FB1D1A7017217B1800221A707B18E0
:104B100000221A702FE0FB681B0F092B0DD8FB68D1
:104B20001B0FDAB21723FB181B785B001900BB6858
:104B30005B183032D2B21A700CE0FB681B0FDAB28D
:104B40001723FB181B785B001900BB685B18373212
:104B5000D2B21A70FB681B01FB6017217B181B780F
:104B60005B000133BA68D31800221A707B181A78D8
:104B70007B1801321A701723FA18FB1D12781B7864
:104B80009A42C8D3C046C046BD4606B080BD0000AC
:104B900090B599B000AF786014243B1918004C23ED
:104BA0001A00002101F092FB7B681B68254A9342A2
:104BB00043D13B19802252041A603B1900225A64E7
:104BC0003B191800F6F71AFA031E01D0F1F7CAFADA
:104BD0001D4BDA6B1C4B802189010A43DA631A4BA7
:104BE000DA6B80239B0113403B613B69164BDA6B08
:104BF00080235B05134016D1134BDA6B124B8021D7
:104C000049050A43DA63104BDA6B80235B051340D6
:104C1000FB60FB68F5F764FC0B4BDA6B0A4B0B4946
:104C20000A40DA6301E0F5F75BFC0022032108206B
:104C3000F2F7F0FB0820F2F702FCC046BD4619B0BF
:104C400090BDC046005C004000100240FFFFFFEF37
:104C500080B582B000AF78607A68B7239B00D258E5
:104C60007B68A72189008C46634419001000FBF77C
:104C70001DFEC046BD4602B080BD90B583B000AFFA
:104C800078600A00FB1C1A707A68B7239B00D4581E
:104C9000FB1C1A787868B423590013009B009B18FA
:104CA000DB00C3185B181A68FB1C1B781900200076
:104CB000FBF766FEC046BD4603B090BD80B582B02E
:104CC00000AF78600A00FB1C1A707A68B7239B005B
:104CD000D058FB1C1A78796813009B009B18DB00E6
:104CE000CB1828331A68FB1C1B781900FBF730FF20
:104CF000C046BD4602B080BD80B582B000AF7860CE
:104D00007A68B7239B00D3581800FCF79BF8C0467D
:104D1000BD4602B080BD80B584B000AF78600F237F
:104D2000FB1801221A707B68DB79022B01D0F1F7A6
:104D300019FA7A68B7239B00D2580F23FB181B7807
:104D400019001000FCF73BF87A68B7239B00D35892
:104D50001800FBF7D5FFC046BD4604B080BD00007B
:104D600080B582B000AF78607A68B7239B00D358D3
:104D70001800FCF735F87B68DB7A002B05D0054B73
:104D80001A69044B06210A431A61C046BD4602B0A7
:104D900080BDC04600ED00E080B582B000AF786015
:104DA0007B68DB7A002B07D0094B1A69084B062178
:104DB0008A431A6100F07CFA7A68B7239B00D358C3
:104DC0001800FCF725F8C046BD4602B080BDC046BD
:104DD00000ED00E080B582B000AF7860344AB723C0
:104DE0009B007968D1507A68B2239B003049D1503A
:104DF0002F4B304A1A602E4B08221A712C4B082276
:104E00005A712B4B0222DA71294B02225A72284B1B
:104E100000229A72264B0022DA72254B00221A7366
:104E2000234B00225A73224B00229A73204B0022FC
:104E3000DA731F4B00221A741D4B1800F3F74AFE59
:104E4000031E01D0F1F78EF97A68B2239B00D05887
:104E5000182300220021F5F7D1FA7A68B2239B00CB
:104E6000D058582300228021F5F7C8FA7A68B22377
:104E70009B00D058C02300228121F5F7BFFA7A6841
:104E8000B2239B00D05888235B0000220121F5F754
:104E9000B5FA7A68B2239B00D05880235B000022C9
:104EA0008221F5F7ABFA00231800BD4602B080BDA1
:104EB00098BC0020005C0040F0B585B000AF786081
:104EC0000F217B1800221A700E26BB1900221A70BF
:104ED0007A68B2239B00D3580D007C181800F3F7B2
:104EE000F3FE03002370BC197B191B78180000F037
:104EF000E6F903002370BB191B781800BD4605B006
:104F0000F0BDF0B585B000AF78600C00100019005E
:104F1000FB1C221C1A70BB1C021C1A703B000A1CD2
:104F20001A800F26BB1900221A700E257B19002249
:104F30001A707A68B2239B00D058BC19BB1C1D782C
:104F40003B001A88FB1C19782B00F4F723F80300A8
:104F500023700E257C19BB191B78180000F0AFF9DF
:104F6000030023707B191B781800BD4605B0F0BD07
:104F7000F0B585B000AF78600A00FB1C1A700F21F5
:104F80007B1800221A700E26BB1900221A707A684C
:104F9000B2239B00D2580D007C18FB1C1B78190013
:104FA0001000F4F768F803002370BC197B191B7814
:104FB000180000F084F903002370BB191B78180057
:104FC000BD4605B0F0BDF0B585B000AF78600A0011
:104FD000FB1C1A700F217B1800221A700E26BB19B9
:104FE00000221A707A68B2239B00D2580D007C18F8
:104FF000FB1C1B7819001000F4F71EF90300237046
:10500000BC197B191B78180000F059F903002370B4
:10501000BB191B781800BD4605B0F0BDF0B585B0D2
:1050200000AF78600A00FB1C1A700F217B18002269
:105030001A700E26BB1900221A707A68B2239B00E0
:10504000D2580D007C18FB1C1B7819001000F4F7D7
:1050500051F903002370BC197B191B78180000F06C
:105060002EF903002370BB191B781800BD4605B04C
:10507000F0BD80B584B000AF78600A00FB1C1A70E8
:105080007A68B2239B00D358FB60FB1C1B785BB291
:10509000002B0CDAFB1C1B787F221A40F9681300E6
:1050A0009B009B18DB00CB1816331B780DE0FB1C14
:1050B0001B787F221A40F868AB23590013009B002D
:1050C0009B18DB00C3185B181B781800BD4604B0A2
:1050D00080BDF0B585B000AF78600A00FB1C1A7087
:1050E0000F217B1800221A700E26BB1900221A709D
:1050F0007A68B2239B00D2580D007C18FB1C1B78E9
:1051000019001000F3F71CFF03002370BC197B1972
:105110001B78180000F0D3F803002370BB191B782C
:105120001800BD4605B0F0BDF0B587B000AFF8601F
:105130007A603B600B23FB180A1C1A701726BB19F8
:1051400000221A7016257B1900221A70FA68B22301
:105150009B00D058BC193D687A680B23FB1819785E
:105160002B00F4F72CF80300237016257C19BB19CB
:105170001B78180000F0A3F8030023707B191B783C
:105180001800BD4607B0F0BDF0B587B000AFF860BD
:105190007A603B600B23FB180A1C1A701726BB1998
:1051A00000221A7016257B1900221A70FA68B223A1
:1051B0009B00D058BC193D687A680B23FB181978FE
:1051C0002B00F3F7ABFF0300237016257C19BB19E6
:1051D0001B78180000F073F8030023707B191B780C
:1051E0001800BD4607B0F0BD80B582B000AF786052
:1051F0000A00FB1C1A707A68B2239B00D258FB1C71
:105200001B7819001000F3F7C1FF03001800BD461A
:1052100002B080BD80B582B000AF78600A00FB1C90
:105220001A70FB1C1B78002B02D0012B14D025E038
:105230007B68DB7A002B07D000F03AF8114B1A6933
:10524000104B06218A431A617A68B7239B00D35812
:105250001800FBF7DDFD11E07A68B7239B00D358F7
:105260001800FBF7BDFD7B68DB7A002B05D0054BF2
:105270001A69044B06210A431A61C046C046BD465E
:1052800002B080BD00ED00E080B582B000AF786074
:10529000024B1800BD4602B080BDC04678BF00205A
:1052A00080B582B000AF7860C046BD4602B080BD18
:1052B00080B500AFF0F74EFCC046BD4680BD80B55E
:1052C00084B000AF0200FB1D1A700F23FB180022F0
:1052D0001A70FB1D1B78032B17D01BDC022B0FD081
:1052E00018DC002B02D0012B05D013E00F23FB1894
:1052F00000221A7013E00F23FB1803221A700EE02D
:105300000F23FB1801221A7009E00F23FB18032258
:105310001A7004E00F23FB1803221A70C0460F23F3
:10532000FB181B781800BD4604B080BDF0B51F0007
:10533000002316008BB09F4204DA802109067B18F7
:105340001F002D23129A149D1370202303229D43C6
:10535000462D07D02B00453B59424B411099013A4D
:10536000CB18109309AB049308AB0393139B0092E3
:105370000293109B320001933B0001F037F90400C7
:10538000472D1BD1119BDB0711D5109BC318079329
:105390000022002330003900EBF758F8002801D034
:1053A000079B09933022099B07998B4220D3200049
:1053B000099B159A1B1B13600BB0F0BD109BC31803
:1053C0000793462DE4D10378302B0CD10022002323
:1053D00030003900EBF73AF8002804D10123109A85
:1053E0009B1A139A1360139B079A1B68D318CEE776
:1053F000591C09911A70D6E7F0B52B2385B005002A
:105400000C1E027001DA4C4202336B70092C2CDD49
:1054100002ABDE1D20000A21EBF702F83700303125
:10542000013E200031700A210194EAF713FF019B2D
:105430000400632BEEDCBA1EA81C010013003034FC
:10544000147002AC07349C420AD80023944203D360
:10545000093302AA9B18DB1BC018401B05B0F0BD26
:105460001C7801330C700131EBE73023E418AB708A
:10547000281DEC70F1E70000F0B597B00D000A921E
:105480001C9C0B93099000F029FF036818000D93F2
:10549000EAF73AFE00230F9014932B7E07220C9319
:1054A0002B680E930E992368C90545D59B18934325
:1054B0001A000832226001221E685F687B005B08C8
:1054C00011931096AE64EF6410981199A74B524255
:1054D000EDF754FE002831D1109811990122A34B09
:1054E0005242EAF7C3FF002828D1002200233000EF
:1054F0003900EAF7B1FF002803D02B002D224333F7
:105500001A700C9B9A4F472B00D89A4F0323002404
:105510000E9A2B6101339A432A600B9B290000935A
:1055200009980A9B15AA00F0E5F9013000D09EE029
:105530000120404217B0F0BD0733B8E732003B000E
:1055400030003900EDF71AFE00280BD0002F03DAE7
:105550002B002D2243331A700C9B874F472BD5D835
:10556000864FD3E720220C9C6B6894435A1C46D18B
:1055700007336B6080230E9ADB00134300222B60FD
:10558000069214AA05920C9A0AA9049213AA0392ED
:1055900023225218029201936B68320000930998FB
:1055A0003B00FFF7C3FE139A0700472C2DD1D31CF5
:1055B00002DB6B689A4247DD0C9B023BDBB20C932B
:1055C000280013990C9A013950301391FFF714FFFA
:1055D000149A040013182B61012A02DC2A68D207EE
:1055E00001D501332B6123230AAA9B181B78002BBA
:1055F00000D192E72B002D2243331A708DE7472C00
:10560000B8D1002BB6D10133B3E70C9B652BD7D9AA
:105610000C9B662B1AD16B68002A09DD2A61002BCE
:1056200002D12968C9070BD501339B182B6107E00C
:10563000002B03D101222968114200D09A1C2A6153
:10564000139B0024AB65CEE767230C931399149B3F
:10565000994206DB2B682961DB07F1D5013129610D
:10566000EEE701220029E0DC9218521ADDE72A68F1
:10567000530508D42B693A000A9909980B9CA04756
:10568000013029D154E70C9B652B00D8DBE0A86CD6
:10569000E96C00220023EAF7D9FE002833D0012369
:1056A000374A0A9909980B9CA047013000D13FE77F
:1056B000149E139BB34202DB2B68DB070CD50B9CBB
:1056C0000F9B0D9A0A990998A0470024013000D138
:1056D0002EE7731EA3420ADC2B689B0700D506E168
:1056E000159BE868984200DB24E7180022E72A00AF
:1056F00001230A9909980B9F1A32B847013000D14B
:1057000016E70134E5E7139B002B3BDC01231C4A21
:105710000A9909980B9CA047013000D108E7149E14
:10572000139B334302D12B68DB07D5D50F9B0D9A12
:105730000A9909980B9CA0470023013000D1F7E695
:105740000C93139B0C9A5B42934201DC330092E76B
:105750002A0001230A9909980B9C1A32A0470130AC
:1057600000D1E5E60C9B0133EAE7C046FFFFEF7F7F
:10577000BCA90108B8A90108C4A90108C0A9010869
:10578000C8A90108149BAE6D0C939E4200DD1E005B
:10579000002E31DCF3430024DB1733400E93AE6D53
:1057A0000E9BF31AA34230DC139B0C9A9A4238DC0E
:1057B0002B68DB0735D4139C0C9B0C9A9B1B141B8A
:1057C0009C4200DD1C00002C34DCE3430026DB1788
:1057D0001C40139B0C9AD31A1B1BB34200DC7BE7C3
:1057E0002A0001230A9909980B9F1A32B847013001
:1057F00000D19DE60136ECE733003A000A9909989A
:105800000B9CA0470130C5D192E62A0001230A99DA
:1058100009980B9E1A32B047013000D188E6013456
:10582000BDE70F9B0D9A0A9909980B9CA047013080
:10583000C1D17DE6BA1923000A9909980B9EB04799
:105840000130C2D174E6149B0C93012B02DC0123BE
:105850001A4239D001233A000A9909980B9EB047A1
:10586000013000D164E60F9B0D9A0A9909980B9EAE
:10587000B047013000D15BE6A86CE96C0C9B0022BC
:10588000013B0C930023EAF7E1FD00281AD10C9BA1
:105890007A1C0A9909980B9EB04701300ED147E651
:1058A0002A0001230A9909980B9F1A32B847013040
:1058B00000D13DE601360C9B9E42F1DB2A0023001D
:1058C0005032D9E60026F6E73A00E2E72A00012343
:1058D0000A9909980B9E1932B047013000D127E68A
:1058E0000134EB68159A9B1AA342EFDCF8E600241A
:1058F000F7E7C046F7B5160001938A680B690C00FC
:105900000090934200DA1300220033604332127891
:10591000002A01D00133336023689B0602D5336827
:10592000023333602268062315001D401A4227D037
:10593000230043331B785A1E93412268920630D4C9
:10594000220001990098089D4332A847013025D0D4
:105950000622236800251340042B05D13368E5682F
:10596000ED1AEB43DB171D40A3682269934201DD6A
:105970009B1AED180026B54220D1002010E0013519
:10598000E36832689B1AAB42D2DD22000123019901
:105990000098089F1932B8470130F0D101204042E9
:1059A000FEBD3020E1184331087021005A1C4531FA
:1059B0000978A218433202331170C1E72200012393
:1059C00001990098089F1A32B8470130E6D0013695
:1059D000D1E70000F0B58BB006920A00433207937E
:1059E000059003920A7E0C00109B782A09D8622A3F
:1059F0000BD8002A00D1BAE07A490491582A00D184
:105A00008EE0250042352A7022E010006338152808
:105A1000F7D8EAF78BFB16001F00F6FFF6FFF6FF3C
:105A2000F6FF1F00F6FFF6FFF6FFF6FF9F003600B9
:105A30007E00F6FFF6FFB000F6FF3600F6FFF6FF39
:105A4000820025001A684235111D196013682B70F9
:105A500001239EE018680968021D0D060BD5066833
:105A60001A60002E03DA2D23039A764213705D4BE1
:105A70000A27049318E006681A604906F1D536B281
:105A8000EFE70868196840C9050602D4400600D54A
:105A9000B6B21960534B0A2704936F2A00D1023F14
:105AA0002300002243331A706368A360002B06DBD7
:105AB00004212268039D8A43226033430CD0039D56
:105AC00030003900EAF7C2FB049B013D5B5C2B70A0
:105AD000330006009F42F3D9082F09D12368DB0762
:105AE00006D5626823699A4202DC3023013D2B709F
:105AF000039B5B1B2361079B210000930598069B7A
:105B000009AAFFF7F7FE013048D1012040420BB04F
:105B1000F0BD202209680A432260782232490491AC
:105B2000210045310A701968226840C9100602D464
:105B3000500600D5B6B21960D30702D5202313430F
:105B40002360002E01D01027AAE720222368934368
:105B50002360F8E71A680D68101D4969186013681A
:105B60002E0601D5196002E06D06FBD519800023D1
:105B7000039D2361BFE71A68111D19601568002194
:105B80002800626800F093FC002801D0401B606090
:105B9000636823610023039A1370ACE72A0023692A
:105BA00006990598079DA8470130AED023689B074A
:105BB00015D4099BE0689842A9DA1800A7E72200EB
:105BC000012306990598079E1932B04701309CD0F1
:105BD0000135E368099A9B1AAB42F0DCE9E700253E
:105BE000F7E7C046CAA90108DBA90108F0B58BB0E8
:105BF00016000390AE22002007938B680C00591EFC
:105C000052000690914205D95E3BFF3B06935E230E
:105C1000FF33A360F0232268DB00134323602300DB
:105C200000251C331F0004930295099508950195E2
:105C30000595A268002A0AD033681B784E2B44D8F9
:105C40001800402B2CD82B38C1B20E292AD9019B21
:105C5000002B03D02368A64A13402360029B013B1C
:105C6000012B00D9FEE0BE256D00049B9F4200D9A8
:105C7000EEE001200BB0F0BD180061380D28E6D829
:105C8000EAF754FA8900E5FFE5FFE5FFBB00A7004E
:105C9000E5FFE5FF8F00E5FFE5FFE5FFE5FF6B00B2
:105CA0004138EBE70E28D2D8EAF740FA4F00D1FF8F
:105CB0004F009D00D1FF2100410041004100410003
:105CC000410041004100410041006E2B0AD8602B89
:105CD000D2D8542B00D181E0592BB8D1072DB6D1A1
:105CE00008252FE0742B79D0792BF7D0AFE7216806
:105CF000C8051CD580239943019B21600133019382
:105D0000069B002B03D0013B01320693A260A368DF
:105D1000013BA3602369013323617368013B736016
:105D2000002B00DC8AE033680133336081E7029A9C
:105D30005119002900D08AE70D0022686D480291B0
:105D4000024022603B700137E1E7802122680A426D
:105D500000D17CE78A432260F4E7029A002A0FD13F
:105D6000019A002A0FD12268E0211000C9000840E2
:105D7000884208D160490A40226001220292E1E78C
:105D8000029A022A58D0012D02D0042D00D05EE7DD
:105D90000135EDB2D6E7029A012A00D057E7022278
:105DA000ECE7002D10D1019A002A00D052E72268BA
:105DB000E0211000C9000840884200D01BE14E4994
:105DC00001350A402260BDE7FD21EA1E0A42DFD00C
:105DD0003DE7022D00D03AE70325B3E7062D00D0BA
:105DE00035E70725AEE72268910500D42FE7434940
:105DF0000A402260019A0592A4E7A021802022682F
:105E0000C9001140C000814206D0024200D11EE705
:105E10000199002900D1EEE0910504D4019905987B
:105E20000997091A089134490A40C02149000A43D8
:105E300022600022019285E703229FE7C0235B00D6
:105E40003100E35803989847002800D1F1E6FEE6B8
:105E5000013F635932003978039898472369013B21
:105E6000236102E76B1E062B0ED80297022D20D964
:105E7000EB1BDBB20693029B069A9B18DBB2032B4B
:105E800027D1033DEDB27F1B2368DA0553D55B05AF
:105E900036D5BE256D00049B9F4200D8E9E6013F40
:105EA000635932003978039898472369013B23618D
:105EB000F1E7BE256D00049B9F4200D8D9E6013F63
:105EC000635932003978039898472369013B23616D
:105ED000F1E7029B3200013B19780293BE235B007D
:105EE000E358039898472369013B2361C3E7C04601
:105EF000FFFEFFFF7FFEFFFF7FF8FFFF7FFDFFFF3D
:105F000023697D1E2978013B236165290CD0452931
:105F10000AD0BE235B00E3583200039898472369F8
:105F2000BD1E013B29782361BE235B003200E3588C
:105F3000039898472F00216810230A001A4019423D
:105F400001D0002096E6C0213A702368C9000B40BA
:105F50008021C9008B4226D1059B019A93420CD027
:105F60009A1A23007033FF339F4202D327006F3702
:105F7000FF373800214900F019F9002204990398ED
:105F800002F002FD079B226806000F001B689107C4
:105F900016D507991A1D0A601B681E605F60E368CA
:105FA0000133E360CDE7089B002BE6D0099B039803
:105FB000591C0A2302F07AFD089B099FC21AD0E7F8
:105FC000191D520702D5079A1160E5E7079A3000BC
:105FD00011601D6832003B003900EDF7CFF8002852
:105FE00004D0074800F078FA2860D8E7300039007C
:105FF000EDF7BCF9F8E7002301932FE6ECA90108BF
:106000002DAB0108002310B50400036043608360DA
:1060100081814366C2810361436183611900082263
:106020005C3000F053F90B4B246263620A4BA362AD
:106030000A4BE3620A4B23630A4B9C4205D00A4B8E
:106040009C4202D0094B9C4203D12000583000F002
:106050002BFA10BDF16101081962010851620108B3
:106060007D62010898C1002000C2002068C20020A3
:1060700010B5034A0349044800F06CF810BDC0464F
:10608000A401002005910108B401002041680B4BD8
:1060900010B50400994201D003F034F8A168084B10
:1060A000994202D0200003F02DF8E168054B994297
:1060B00002D0200003F026F810BDC04698C1002091
:1060C00000C2002068C2002010B5094B094A042113
:1060D0001A6009480022FFF795FF012209210748AD
:1060E000FFF790FF022212210548FFF78BFF10BD3A
:1060F000D0C200207160010898C1002000C20020B9
:1061000068C2002010B5024800F0CFF910BDC046AB
:10611000D9C2002010B5024800F0C8F910BDC04631
:10612000D9C2002010B50400FFF7ECFF236A002B52
:1061300002D0FFF7EFFF10BD044B2362044B1B6836
:10614000002BF6D1FFF7C0FFF3E7C0468D600108D2
:10615000D0C20020F7B51400002600900191A56878
:106160006768013F04D52468002CF8D13000FEBDDB
:10617000AB89012B08D90E22AB5E013304D0290074
:106180000098019B984706436835EAE70FB407B5C6
:10619000054904AB086804CB8168019302F010FE46
:1061A00003B008BC04B01847B00100200EB410B50D
:1061B00000240C499DB01FAB0290069007910491FA
:1061C00009480A4904CB0591006802A901931B9470
:1061D00002F0D0FC029B1C701DB010BC08BC03B0C8
:1061E0001847C046FFFFFF7FB00100200802FFFFF5
:1061F00070B50C000E25495F00F004F9002803DBA0
:10620000636D1B18636570BDA389024A1340A381A7
:10621000F9E7C046FFEFFFFFF8B51F008B890500C7
:106220000C001600DB0505D50E23C95E00220223F3
:1062300000F0D4F8A389054A28001340A381320056
:106240000E23E15E3B0000F0F1F8F8BDFFEFFFFF29
:1062500070B50C000E25495F00F0C0F8A389421C00
:1062600003D1054A1340A38170BD8022520113431C
:10627000A3816065F8E7C046FFEFFFFF10B50E236E
:10628000C95E00F02FF810BD10B500249AB000913F
:1062900004910649199405910291054903916946B3
:1062A00002F068FC009B1C701AB010BDFFFFFF7F5E
:1062B0000802FFFF10B5044C13000A00010020681B
:1062C000FFF7E2FF10BDC046B001002003008218B6
:1062D000934200D1704719700133F9E700487047C5
:1062E000F0020020002370B5064D040008002B606A
:1062F000F0F7A6FA431C03D12B68002B00D02360D3
:1063000070BDC046D4C20020334B70B51B6804007A
:1063100083425FD0C369002B27D0DB68002B0DD0F0
:106320000025E369DB685959002918D10435802D0F
:10633000F7D1E3692000D96800F048FFE3691968E4
:10634000002902D0200000F041FFE3699D68002D84
:106350000BD0290020002D6800F038FFF7E70E6809
:10636000200000F033FF3100DEE76169002902D030
:10637000200000F02BFFE169002902D0200000F08E
:1063800025FF216B002902D0200000F01FFF616B68
:10639000002902D0200000F019FFA16B002902D0D3
:1063A000200000F013FFA16C002902D0200000F0B3
:1063B0000DFF616C002902D0200000F007FFE16AA8
:1063C000002902D0200000F001FF236A002B01D039
:1063D0002000984770BDC046B001002070B5040091
:1063E000080011001A000023054D2B60F0F749FA50
:1063F000431C03D12B68002B00D0236070BDC04626
:10640000D4C2002070B50400080011001A00002357
:10641000054D2B60F0F7DBF9431C03D12B68002BF3
:1064200000D0236070BDC046D4C2002070B5040007
:10643000080011001A000023054D2B60F0F7E4F965
:10644000431C03D12B68002B00D0236070BDC046D5
:10645000D4C20020014B18687047C046B00100202C
:1064600070B500260C4C0D4D641BA410A64209D13A
:10647000002603F03DFC0A4C0A4D641BA410A64202
:1064800005D170BDB300EB5898470136EEE7B30075
:10649000EB5898470136F2E7ECAD0108ECAD010886
:1064A000F0AD0108ECAD0108704770477047C9B204
:1064B0008218904201D10020704703788B42FBD0B4
:1064C0000130F6E7002310B59A4200D110BDCC5C34
:1064D000C4540133F8E70000004870470000C07F53
:1064E000F0B503690C6989B0039006910020A342BE
:1064F00063DB0B00013C1433A50004935B19059387
:10650000039B143301935D19059B2F681E683800A7
:1065100001363100E9F714FE0290B74227D3049BFD
:1065200000279C46019E0797624608CA3068944639
:10653000029A99B251431B0C5343C9190A0C9B1878
:1065400089B282B2521A07991F0C5218000C9BB2E2
:106550001114C31A5B18191492B21B041A43059B39
:10656000079104C66345DFD22B68002B2BD0069918
:10657000039801F003FA00281EDB0026019D049910
:1065800001C92B6887B29AB2D21B9219000C1B0C5E
:106590001B1A10141B181E1492B21B041A43059BDD
:1065A00004C58B42ECD2019AA300D3181A68002AC2
:1065B00014D0029B01330293029809B0F0BD2B68FE
:1065C000002B04D1013C019B043DAB42F7D3039B5C
:1065D0001C61CCE71A68002A04D1013C019A043BF3
:1065E0009A42F7D3039B1C61E3E70000F0B5140067
:1065F0001D00C6699DB00A940B95259F0390002E3F
:106600000FD1102000F02CFE039B021ED86104D194
:10661000EF21C74BC74802F07DFE466086600660EA
:10662000C660039BDB69196800290BD05A680123F7
:1066300093404A608B60039800F012FF0022039B96
:10664000DB691A60002D1EDA01233B606B005B08DA
:106650000B930B9FB84BB84A3B40934216D1B74BB4
:10666000249A13603B031B0B234301D100F080FDF0
:10667000B34B269A0893002A02D0B24B269A136095
:1066800008981DB0F0BD00233B60E2E70A9A0B9B1F
:10669000129213931298139900220023E9F7D6FE61
:1066A000061E0BD00123249A1360269B002B02D0D8
:1066B000A54B269A1360A54B0893E1E71AAB01930B
:1066C0001BAB00930398129A139B01F079FA7A009E
:1066D0000590520D00D17BE0139B189619039C4B3B
:1066E000090B0B439B495718129813991900002264
:1066F000994BECF739F9994A994BEBF74FFE994AC8
:10670000994BEAF74BFE040038000D00ECF794FDBE
:10671000964A974BEBF742FE02000B00200029003F
:10672000EAF73CFE04000D00ECF74AFD002204905D
:10673000002320002900E9F78FFE00280BD00498E1
:10674000ECF77AFD2B002200E9F780FE4342584126
:10675000049B1B1A049301231593049B162B10D83A
:1067600012981399049A834BD2009B181A685B689D
:10677000E9F772FE002847D0049B013B04930023F5
:10678000159300221A9B0692DB1B5A1E3ED501224E
:10679000D31A069300230D93049B002B38DB049A35
:1067A0000D9B944663440D93002314920F93229BF8
:1067B0000124092B62D8052B02DD0024043B22931F
:1067C000229B981E032863D8E9F7A6FC5456382B61
:1067D0001B9B1A9EF618684BF218202A0FDD4023E7
:1067E0009B1A9F40654B3800F318DC402043ECF7C0
:1067F00051FD0122624B771ECB18189276E72023B9
:1068000020009B1A9840F2E71590BAE70D92C3E773
:10681000069B049A9B1A069353420F9300231493EA
:10682000C5E70123239A10939446049B63440E9377
:1068300001330993002B08DC012306E001231093A8
:10684000239B002B28DD0E930993039A0021D06926
:106850000422150014359D4223D94160039800F0AD
:10686000BBFD089000281FD1B021464B3148089A43
:10687000FF31D0E60023E2E70023D3E700231094A2
:106880002293013B00220E93099313332392DCE7FA
:1068900001231093023BF5E701231A000E9309939D
:1068A000F4E701315200D4E7039B089ADB691A60D0
:1068B000099B0E2B00D9D6E0002C00D1D3E0049B1D
:1068C000002B63DD0F21049A2A4B0A40D2009B184B
:1068D0001E685F68049B02241D11DB050AD52A4B44
:1068E0000D401A6A5B6A12981399EBF71DF90A902A
:1068F0000B910134244B0C93002D08D10A980B996D
:1069000032003B00EBF710F90A900B9159E001239C
:106910001D4209D0E4180C9B30001A685B683900EE
:10692000EBF73CFD06000F000C9B6D100833E2E70F
:10693000FEA9010815AA01080000F07F0F2700003A
:10694000FAA90108FDA90108C9A90108C8A90108F7
:106950000000F03F01FCFFFF0000F83F61436F6360
:10696000A787D23FB3C8608B288AC63FFB799F5068
:106970001344D33FC8AB01083204000012040000E6
:10698000000010FE6DAA0108A0AB0108049B0224C0
:10699000002B16D0129813990F225D422A40D54B36
:1069A000D2009B181A685B68EBF7F8FC01270023FC
:1069B0000A900B91D04E2D11002D00D095E0002BA8
:1069C000A2D10A9E0B9F159B002B00D198E00022BC
:1069D00030003900C94BE9F73FFD002800D18FE0B6
:1069E000099B002B00D18BE00E9B002B37DD049B15
:1069F0000022013B0C933000C14B3900EBF7CEFC79
:106A00000A900B910E9B013420001193ECF714FCBB
:106A10000A9A0B9BEBF7C2FCBA4B0022EAF7BEFCCA
:106A2000B94B0600CF18119B002B6DD10A980B991A
:106A30000022B64BEBF798FF32003B0004000D003C
:106A4000E9F71EFD002800D0B6E2802109067B1878
:106A5000320020002900E9F7FFFC002828D1129B12
:106A6000139C0A930B941B9B002B00DA74E1049A8D
:106A70000E2A00DD70E19F4BD2009B185C681B68FA
:106A800006930794239B002B00DBE7E0099B002B78
:106A900000DDE3E00CD10698079900229B4BEBF751
:106AA0007DFC0A9A0B9BE9F7F5FC002800D186E2F1
:106AB00000263700239B089CDB430C930497002798
:106AC0003100039800F0CCFC049B002B00D1BBE00C
:106AD000002F05D09F4203D03900039800F0C0FC7E
:106AE0000499039800F0BCFCAEE03D4205D032684A
:106AF0007368EBF753FC3B0001346D1008365BE71D
:106B0000049B0C93099B7FE7119A7A4B013AD200C0
:106B100010999B181A685B6800294CD000207C49AA
:106B2000EBF702F832003B00EBF71EFF089A060075
:106B300094460F00089B1693119B634411930A9887
:106B40000B99ECF73DFB0500ECF776FB02000B0020
:106B50000A980B99EBF708FF169B30355C1C1D70EB
:106B600032003B000A900B91E9F776FC00286BD1CC
:106B70000A9A0B9B00206149EBF7F6FE32003B00BE
:106B8000E9F76AFC002800D0C6E0119BA34200D1BF
:106B900065E7002230003900594BEBF7FFFB00227C
:106BA00006000F000A980B99554BEBF7F7FB16946C
:106BB0000A900B91C3E730003900EBF7EFFB089D1B
:106BC000119A2B00944616901791634419930A98D2
:106BD0000B99ECF7F5FA0400ECF72EFB0B00020022
:106BE0000A980B99EBF7C0FE3034199B2C700135D5
:106BF00006000F00AB422AD116981799089B119CEA
:106C00009C460022424B6444EAF7C8FB02000B009A
:106C100030003900E9F734FC002800D07CE0169AF7
:106C2000179B00203A49EBF79FFE02000B00300053
:106C30003900E9F711FC002800D110E72300013CDE
:106C40002278302AFAD01C000C9B049342E00022E8
:106C50002B4BEBF7A3FB0A900B91B8E7099B089D20
:106C6000013B5B190A9E0B9F0A93069A079B300013
:106C70003900EAF759FFECF7A3FA0990ECF7DCFAD0
:106C8000069A079BEBF78AFB02000B0030003900E5
:106C9000EBF76AFE2B00099A013530321A700A9A16
:106CA0002C009A424BD102000B00EAF777FB069AC0
:106CB000079B06000F00E9F7E3FB00282AD1069A9C
:106CC000079B30003900E9F7C1FB002802D0099B7F
:106CD000DD071FD40599039800F0C2FB0023237041
:106CE000049B249A01331360269B002B00D1C7E438
:106CF0001C60C5E4C8AB0108A0AB01080000F03F70
:106D00000000244000001C400000C0FC00001440B3
:106D10000000E03F049B0C9323001C00013B1A7809
:106D2000392A08D1089A9A42F7D10C9A0899013267
:106D30000C9230220A701A7801321A7084E700220D
:106D4000C64BEBF72BFB0022002306000F00E9F7F0
:106D50007DFB002889D0BDE7109F0F9D069C002F6A
:106D600014D0229A012A00DDE4E0189A002A00D10A
:106D7000DAE0BB4A9B18069A0121D21806920D9AB6
:106D80000398D3180D9300F06FFC0700002C0ED071
:106D90000D9B002B0BDD0D9A2300944200DD1300A8
:106DA000069AE41AD21A06920D9AD31A0D930F9BE3
:106DB000002B21D0109B002B00D1D3E0059E002D8D
:106DC00014D039002A00039800F010FD059A010044
:106DD0000700039800F060FC06000599039800F096
:106DE0003FFB0F9B05965B1B0F9305D031000F9A5D
:106DF000039800F0FBFC05900121039800F034FC9F
:106E0000149B0600002B00D1BCE11A00010003987E
:106E100000F0ECFC229B06000025012B16DC00256F
:106E20000A9BAB420ED10B9B1B03AB420AD18D4B8D
:106E30000B9A134206D0069B0135013306930D9B36
:106E400001330D93149B0120002B08D033690333C9
:106E50009B00F318586800F0B7FB2023181A0D9B0D
:106E6000181802001F231A40184200D181E0013394
:106E70009B1A042B79DD1C239B1A069AE418D2185E
:106E800006920D9AD3180D93069B002B05DD1A0070
:106E90000599039800F006FD05900D9B002B05DD7C
:106EA00031001A00039800F0FDFC0600159B002B32
:106EB00061D03100059800F061FD00285BDA049B89
:106EC0000A22013B0C9305990023039800F0ECFA89
:106ED000109B0590002B00D15BE1002339000A22B2
:106EE000039800F0E1FA0E9B0700002B4DDC229B7B
:106EF000022B46DD0E9B002B00D0DBE53100052286
:106F0000039800F0D1FA06000100059800F036FD64
:106F1000002800DCCEE5089B089A5C1C3123137026
:106F20000C9B01330C93C9E536231A9A0F9D9B1ACB
:106F3000069C20E7099B5D1E0F9BAB4208DB5D1B97
:106F4000099B002BF4DA069B099A9C1A002312E78E
:106F50000F9B149AEB1AD31814930F95069C0025D7
:106F6000099B08E70F9A059942E7042B8CD01C3344
:106F700083E71300FBE7049B0C93099B0E93002B04
:106F8000B5DD109B002B00D107E1002C05DD390099
:106F90002200039800F086FC07000497002D20D003
:106FA0007968039800F018FA041E0CD122002E4BC9
:106FB0002E482F49FFF72FFB119E3700ABE7049BAC
:106FC000099E0C93F9E739003A690C3102329200BC
:106FD0000C30FFF777FA01222100039800F062FCE1
:106FE0000490089B0E9A0693013B9B1801220F9375
:106FF0000A9B13400E9331000598FFF771FA390090
:1070000005000A90059800F0B9FC049A0D90310033
:10701000039800F0CFFC0122C368040030350992C8
:10702000002B04D10100059800F0A8FC0990210074
:10703000039800F015FA069B229A5C1C099B1343E7
:107040000E9A134316D1392D2FD00D9B002B01DD45
:107050000A9D3135069B1D7032E5C0460000244074
:10706000330400000000F07F6DAA010815AA010892
:10707000EF0200000D9B002B04DB229A13430E9AB3
:1070800013431ED1099B002BE4DD059901220398CF
:1070900000F008FC3100059000F070FC002802DCD4
:1070A000D8D1EB07D6D5392DD2D13923069A137012
:1070B00023001C00013B1A78392A50D001321A7083
:1070C000FEE4099B002B03DD392DEED00135C1E72D
:1070D000069B069A1D700F9B93422BD000230A2219
:1070E0000599039800F0E0F9049B05909F4209D1AF
:1070F000390000230A22039800F0D6F90700049013
:10710000069478E7390000230A22039800F0CCF9AE
:10711000002307000A220499039800F0C5F904909F
:10712000EEE70E9B0124002B00DD1C0004970027D6
:10713000089B1C1905990122039800F0B3FB31004C
:10714000059000F01BFC0028B2DC01D1ED07AFD4A4
:1071500023001C00013B1A78302AFAD0B0E4089AC8
:107160009A42A6D10C9B01330C9331231370A7E4F0
:10717000144B269A0893144B002A01D0FFF77EFA8D
:10718000FFF77EFA229B012B00DC48E60120149DCC
:1071900065E60E9B002B00DCA9E600243100059873
:1071A000FFF79EF9089B303018550E9B01340500FF
:1071B000A342B6DD00230A220599039800F074F972
:1071C0000590EBE7F1A90108F9A9010870B50500E0
:1071D0000C1E10D0043C2368002B00DAE4182800B1
:1071E00000F0EAF81D4A1368002B05D163601460B3
:1071F000280000F0E9F870BDA34208D920682118E2
:107200008B42F3D119685B6809182160EEE71A0018
:107210005B68002B01D0A342F9D911685018A04235
:107220000BD120680918501811608342E0D118680A
:107230005B68411811605360DAE7A04202D90C2361
:107240002B60D5E7206821188B4203D119685B6851
:107250000918216063605460CAE7C046E0C200209C
:1072600010B5034B0100186800F026F810BDC046A9
:10727000B001002070B50F4E0D00316804000029E8
:1072800002D102F02FF830602900200002F02AF825
:10729000431C03D101256D42280070BD0323C51C8A
:1072A0009D43A842F8D0291A200002F01BF80130B3
:1072B000F2D1EFE7DCC20020F7B50322CB1C9343E9
:1072C000083305001F000C2B34D20C27B94233D8E9
:1072D000280000F071F8374E33681C00002C2FD1C5
:1072E00039002800FFF7C6FF0400431C5FD1346853
:1072F0000094009B002B4AD1002C52D02368280018
:10730000E3180099019301F0EDFF019B834248D1FE
:1073100023682800FF1A3900FFF7ACFF013040D086
:107320002368DB19236033685A68002A33D1009B35
:10733000336019E0002BC9DA0C232B600020FEBD5E
:107340002168C91B20D40B290AD9E2192760A3425E
:1073500004D1326063681160536005E05A60F9E758
:107360006268A3420ED13260280000F02DF82000A0
:1073700007220B30231D9043C21A9842DFD01B1AFC
:10738000A350DCE75A60EFE723006468A6E7009C9F
:1073900063680093ADE71A005B68A342FBD100234A
:1073A000DAE70C2328002B6000F00EF8C6E7076030
:1073B000DAE7C046E0C2002010B50248FFF775F8D2
:1073C00010BDC046D8C2002010B50248FFF76EF8C5
:1073D00010BDC046D8C2002070B5C56906000C00BB
:1073E000002D0ED11020FFF73BFF021EF06104D1EB
:1073F0006B21194B194801F08DFF456085600560D0
:10740000C560F569EB68002B13D0F369A200DB6857
:107410009B181868002818D101210D00A5406A1D8D
:107420003000920001F094FF00280CD04460856089
:107430000DE021220421300001F08AFFF369E860A9
:10744000DB68002BE1D1002070BD02681A600023C8
:107450000361C360F8E7C046FEA901087EAA0108DF
:1074600070B5C66905000C00002E0ED11020FFF784
:10747000F7FE021EE86104D18F21094B094801F093
:1074800049FF466086600660C660002C07D0EB6945
:107490006268DB6892009B181A6822601C6070BDED
:1074A000FEA901087EAA0108F7B50F0001900C00A3
:1074B0001E0000200D6914373B68013099B251431A
:1074C0001B0C534389190E0C9B191E0C89B21B040B
:1074D0005B1808C78542EFDC002E22D0A368AB42C0
:1074E00019DC616801980131FFF776FF071E05D1AD
:1074F0003A00BA210C4B0D4801F00CFF2100226923
:107500000C31023292000C30FEF7DCFF21000198B2
:10751000FFF7A6FF3C002B1D9B00E31801355E60C2
:1075200025612000FEBDC0466DAA01087EAA0108A3
:10753000F7B5070018000C00083009210193150069
:10754000E8F788FE0123002183420ADB3800FFF7B9
:1075500043FF011E08D10A00194B1A48D33101F02C
:10756000D9FE5B000131EFE7089B43610123036112
:10757000092D18DD230009331E00009364193378A8
:107580000A223800303BFFF78FFF01360100A64288
:10759000F5D12C00009B083C1C192E00019B9E423B
:1075A00004DB0800FEBD09250A34F6E7631B9B5D7A
:1075B0000A223800303BFFF777FF01360100EDE784
:1075C0006DAA01087EAA0108802203005202002051
:1075D000934201D21B04103080225204934201D204
:1075E00008301B0280225205934201D204301B0155
:1075F0008022D205934201D202309B00002B03DB94
:107600000130134200D12020704703680100072297
:107610001800104013420DD0063A0020134205D145
:107620000230034203D0D34010000B6070479B0828
:107630000B60FBE79AB2002A01D110201B0CDAB2D2
:10764000002A01D108301B0A1A0701D104301B0996
:107650009A0701D102309B08DA07E9D401305B08B0
:10766000E6D12020E2E7000010B50C000121FFF771
:10767000B3FE002807D14621054C0200054B20002F
:10768000FF3101F047FE01234461036110BDC04694
:107690007EAA01086DAA0108F0B514000A692369E1
:1076A0000D0089B09A4202DB23000C001D002769FF
:1076B0002E696168BB190093A368BA19934200DA76
:1076C0000131FFF789FE8446002806D1B1216246C8
:1076D000444B4548490001F01DFE0200BB1914321D
:1076E0009B00D3180193002113000198834228D3F3
:1076F0002300BF00143304931435DB19B600029342
:10770000AB1907930423059323000299153399427B
:1077100005D30C1B153CA4080134A3000593079B5B
:107720009D4210D3009B002B05DD019B043B019380
:107730001B68002B52D063466046009A1A6109B05C
:10774000F0BD02C3D1E72C68A4B2002C1FD00023E7
:107750001700049E039308CE396806936B461B8B73
:1077600088B263431B180398090C1B180698000C79
:1077700060434018190C4118080C9BB209041943C6
:10778000029B039002C7B342E5D8059BD0502C68FA
:10779000240C20D0002110001368049E039131684E
:1077A000076889B261433F0CC919039F9BB2C9198D
:1077B0000F041F43076080CE43683F0C67439BB2B2
:1077C000090CFB185B18190C039102990430B142A3
:1077D000E5D80599535004350432A0E7009B013BDE
:1077E00000939FE76DAA01087EAA0108F7B503235D
:1077F000150007000E001A401D4208D02549013A25
:107800009200525800233100FFF74EFE0600AD10E3
:107810003DD0FC69002C0FD11020FFF721FD021E86
:10782000F86105D1B4211C4B1C48FF3101F072FDF9
:10783000446084600460C460FB699C680193002C10
:1078400008D138001649FFF70FFF019B040098602C
:107850000023036001231D420AD0310022003800BA
:10786000FFF71AFF310001903800FFF7F9FD019E84
:107870006D100CD02068002807D1220021003800AC
:10788000FFF70AFF0023206003600400E2E73000F6
:10789000FEBDC04690AB0108FEA901087EAA010802
:1078A00071020000F0B50C0016002369571185B075
:1078B000FB180193013300934968A3680290009A72
:1078C000934210DB0298FFF787FD002301000500BB
:1078D0001A00143198420CD1EF212A00254B26487A
:1078E000490001F017FD01315B00E8E798000A50FC
:1078F0000133BB42FADBFB43DB171F40BF00230011
:107900001F20C91937002269143392009A180740C2
:10791000064229D00130C01B03908C4600201E680F
:10792000BE400643604640C08446039E01CBF04003
:107930009A42F4D8260015360423B24204D3131B0E
:10794000153B9B0801339B00C850002802D0019BC7
:1079500002330093009B0298013B21002B61FFF74B
:107960007FFD280005B0F0BD01CB01C19A42FBD8D4
:10797000F0E7C0466DAA01087EAA010830B50B6980
:1079800004690200E01A9C420FD114329B001431AA
:107990001400C918D218043A043915680B689D42BE
:1079A00004D001209D4200D2023830BD9442F2D36F
:1079B000FBE70000F0B50C0087B00090110020003C
:1079C0001700FFF7DBFF051E10D101000098FFF73D
:1079D00003FD021E04D1404B4048414901F09AFC8E
:1079E000012345610361100007B0F0BD0026B042DD
:1079F00003DA23003C001F00013661680098FFF79E
:107A0000EBFC021E03D1344B34483649E6E72369C8
:107A1000143400939B00E318210001943C0002936E
:107A20003B6914349B00E31803930300C6608C4643
:107A30000020143304930593634620CBA9B20E00B3
:107A40009C4608CC2D0C99B2711A09181B0C08140D
:107A5000EB1A1B18181489B21B041943059B02C3A7
:107A60000593039BA342E7D83900039C15310423F7
:107A70008C4204D3E31B153B9B0801339B00019907
:107A8000CD1804992E00CB181F0002998E4211D3F5
:107A9000029CE91E00208C4204D321000331491BC3
:107AA000890888001B18043B1968002910D0009B26
:107AB000136198E7844602CE88B2604400140C0C2F
:107AC00004196144201489B22404214302C7DCE76D
:107AD000009901390091E6E76DAA01087EAA010824
:107AE000370200004502000010B500240C4B0D4A7F
:107AF0000B409B18A34206DC5B421A15132A05DCD7
:107B000080231B0313411900200010BD143A0124E7
:107B10001E2A02DC80242406D4400023F3E7C0465A
:107B20000000F07F0000C0FCF7B5060003691436C2
:107B30009B00F3181D1F2C680F0020000193FFF716
:107B400043FD2022121A3A6003001C4A0A2815DC61
:107B50000B212700091ACF403A438C46110000221E
:107B6000AE4202D2019A083A126815339C4063462D
:107B70002700DA401743380003B0F0BD0027AE42BB
:107B800002D2019D083D2F680B2149428C469C443E
:107B90000B2B10D0614620238C405B1A3900D94052
:107BA0000C43224311000022B54201D9043D2A684A
:107BB0006446A740DDE722431100DCE70000F03F08
:107BC000F7B5012116001F00FFF706FC041E05D1C2
:107BD0002200254B2548264901F09CFB3B037D00F4
:107BE0001B0B6D0D02D08022520313430193002E14
:107BF00025D068460096FFF708FD019B00990028F4
:107C00001BD020221E00121A96403200C3400A43A5
:107C100062610193019EA661731E9E410136266139
:107C2000002D14D03526134BED18089B2D181D6020
:107C3000099B361A1E602000FEBD6161EAE701A8BB
:107C4000FFF7E3FC019B012663612030E7E70A4B65
:107C5000C018089B1860094BF3189B00E31858697B
:107C6000FFF7B2FC7601E3E76DAA01087EAA0108DE
:107C70000F030000CDFBFFFFCEFBFFFFFFFFFF3F29
:107C8000F0B587B00F0004A90600FFF74DFF009084
:107C90000191009B019C380005A902930394FFF712
:107CA00043FF0D0002000B0030693969049E401A41
:107CB00005994001711A41180805002908DD01994C
:107CC0004118039102980399E9F72EFF07B0F0BD20
:107CD0002B1AF7E770B51400050001391369491133
:107CE0000131890014349B004118E318A3420DD8D8
:107CF000140011340025A34203D39B1A113B9B08A7
:107D00009D0000234019814203D870BD40CC40C57E
:107D1000ECE708C0F7E70200006910B514324B1118
:107D2000984213DB0CDD1F2408002040214207D0BD
:107D300099008C582100C140814001208C4204D11F
:107D40009B00D318934203D8002010BD0300F7E72F
:107D5000043B19680029F5D00120F6E770B516003C
:107D60000D00FFF7C1FE002E0DD06B236A00520DEF
:107D70009B1A002B07DD0024034A1B059D182B00CE
:107D80002200EAF70BFB70BD0000F03FF0B5A3B096
:107D90001B92002200260027059009911E921D913A
:107DA0000A782B2A53D03FD80D2A39D8082A39D837
:107DB000002A42D00022129200211D9D0C912A78A7
:107DC000302A00D083E06A7820318A43582A00D0D4
:107DD00073E00293129B9B4A01931EAB009305989C
:107DE0001FAB1DA901F04AFB0F2302001A4004003B
:107DF0000692184205D0062A2BD1002301351D9585
:107E000012931B9B002B02D01D9B1B9A1360129B8D
:107E1000002B19D0802330001B06F91823B0F0BDC9
:107E2000202AC7D10131BAE72D2AC3D12C3A1292A8
:107E30004A1C1D924A78002ABED1099B1D9300233B
:107E400012931B9B002BDFD130003900E6E70022A4
:107E5000EDE71E9A002A07D0352120A8FFF73AFF48
:107E60001E990598FFF7FCFA06981F9B0138042815
:107E700006D8E8F751F912031C1E1200209E219F1C
:107E8000E40502D580231B061F436F4B3B42B8D14C
:107E9000FEF7E0FA22230360B3E76C49219A209EA3
:107EA0000A406B495B181B051A431700E8E7664F49
:107EB000E6E70126674F7642E2E71D9B5A1C1D92BA
:107EC0005B78302BF9D0002B9BD001230C931D9BAA
:107ED0000A221393002310930D9308931D9804789E
:107EE0002300303BD9B2092927D901225A4901F090
:107EF000E7F9002833D0002023008446089A0E902A
:107F000006922022190091430A0000210791452A78
:107F100000D0CBE0069B0C9A034313438B428CD0DA
:107F20001D9B099301331D93099B5B782B2B7BD001
:107F30000C002D2B7ED1012477E00899082909DC5B
:107F40000D9951435B180D93089B01300133089341
:107F50001D90C3E7109D55435B191093F4E71D9BDB
:107F60005A1C1D92089A5B78002A3ED00E90069209
:107F70001A00303A092A12D901229446C1E71D9B02
:107F800001305A1C1D925B78302BF8D01A00313A20
:107F9000082A44D80E9000201D9A069013921C00C7
:107FA000421C303C302B1AD00E9B06999B180E9326
:107FB0000A239C46069D4B1C5D1BAA4217DCC3434B
:107FC000069ADB170340D1180132D318069308290B
:107FD0001CDC0A230D9A53430022E3180D931D9BCA
:107FE0001000591C1D915B78C2E70898CCE708295E
:107FF00005DC65460D9969430D911900DAE7102BF0
:10800000FBDC6146109D4D431095F6E700220F29D9
:10801000E5DC0A23109D5D4363191093DFE700221E
:108020000E9206920132A8E70024099B02331D93A9
:10803000099B9B781A00303A092A13D9099A1D9294
:10804000002232E0A4AC01080000F07FFFFFEFFF48
:1080500033040000FFFFFF7FD7AA01081D9B5A1CB5
:108060001D925B78302BF9D0002207921A00313A2A
:10807000082A1BD8303B1A001D9B07931D9B591CD7
:108080001D915B781D00303D092D3AD9079D491B94
:108090000D00B3490791082D03DC07928A4200DDE9
:1080A0000791002C02D0079A52420792069A002AA2
:1080B0004BD10C9A104300D0A3E66246002A00D0B0
:1080C000BBE6692B25D021DC492B22D04E2B00D0DA
:1080D000B3E6A4491DA801F007FC002800D1ACE6D6
:1080E0001D9B1B78282B2AD19F4920AA1DA801F08F
:1080F0000FFC052823D1219B9C4A209E1A43170080
:108100007FE60A214A43D218303AB7E76E2BE0D017
:1081100093E697491DA801F0E7FB002800D18CE603
:108120001D9B9449013B1DA81D9301F0DDFB002818
:1081300002D11D9B01331D9300268C4F61E68E48B2
:1081400001F0E2F806000F005BE6079B0E9A9B1A0F
:108150000C93089B002B01D1069B0893069C102CC6
:1081600000DD10240D98EBF795F8069B06000F0034
:10817000092B13DC0C9B002B00D142E60C9B002B3F
:1081800000DC7EE0162B63DC7C49DB00C918320082
:10819000086849683B00EAF701F9D3E72200774B0A
:1081A000093AD2009B181A685B68EAF7F7F80600EC
:1081B00010980F00EBF76EF80B000200390030004A
:1081C000E9F7ECF8069B06000F000F2BD2DD069BAB
:1081D0001C1B0C9BE418002C00DC9BE00F222300EE
:1081E000134014420AD06549DB00C9183200086800
:1081F00049683B00EAF7D2F806000F000F239C43C2
:1082000073D02633FF339C424BDD00230693079344
:108210000D93089322230026059A544F13600D9B5B
:10822000B34200D1EDE51E990598FFF719F90899B9
:108230000598FFF715F907990598FFF711F90D99BA
:108240000598FFF70DF906990598FFF709F9D8E5A4
:108250002523069A9B1A0C9A9342B8DB0F24069B9F
:10826000464DE41AE10069183200086849683B008D
:10827000EAF794F80C9B1C1BE4002D192A686B6824
:1082800089E70C9B1633A2DB07990E9A3B4B521AD7
:10829000D2009B1830001A685B683900E9F744FC8B
:1082A00050E7002330003900354D24110993012C8B
:1082B0001EDC002B01D006000F00324B099AFF187C
:1082C0002F4BD5005D193200286869683B00EAF73A
:1082D00065F8264B2C4A06000B40934295D82B4A52
:1082E000934213D901262A4F76420023099386E050
:1082F0000122144204D02A686B68EAF74FF8012380
:10830000099A6410013209920835D0E7D4239B04FE
:10831000CF18EAE7002CE8D064420F2322001A406D
:108320001C420AD0154BD2009B1830001A685B68BB
:108330003900E9F7F9FB06000F002411D5D01F2CF6
:1083400028DD0023069307930D9308932223059AB3
:10835000002613600D9B0027002B00D063E750E53B
:108360001F4E0000C5A9010890AC01080000F07F75
:10837000BDA90108F4A901082DAB0108C8AB01088B
:10838000A0AB01080000B0FC0000A07C0000907CC5
:10839000FFFFEF7F102322001A4009921C4201D0F8
:1083A0005A330993300039000023C04D0122144292
:1083B00004D02A686B68E9F7F1FF012364100835DF
:1083C000002CF3D1002B01D006000F00099B002BDD
:1083D0000DD06B237A00520D39009B1A002B06DD5D
:1083E0001F2B5CDD0026342B52DDDC27BF0400226E
:1083F000002330003900E8F729F80028A1D10D9BAF
:10840000089A00931399069B0598FFF791F80D9031
:10841000002800D1F9E60C9B0799DB430E9ADB1785
:10842000521A14920C9A1499D21711400C9A149162
:108430001A4000231A92069307930D9B05985968DA
:10844000FEF7CAFF0890002800D1E3E60D9B0C3030
:1084500019001A690C3102329200FEF733F820AB92
:1084600001931FAB009332003B00059810961197C3
:10847000FFF7A6FB1E90002800D1CBE6012105984E
:10848000FFF7F2F8079000280ED100230793C1E60A
:108490004B239A1A4C3B934019400F00A7E7012247
:1084A00052429A401640A2E71F9B1A9A149DD41A72
:1084B000002B01DB1A9C5D190999209A5B1A362161
:1084C0009B188A1A7A4901208C460021013B15919C
:1084D0001690634506DA6146C91A521A1F293FDC15
:1084E00088401690AB180E93A418099B0E9A1C197D
:1084F0002B00954200DD1300A34200DD2300002B7A
:1085000004DD0E9AE41AD21A0E92ED1A149B002B77
:1085100016DD1A0007990598FFF768F907900028FB
:10852000B3D001001E9A0598FFF7B6F81390002803
:1085300000D16FE61E990598FEF792FF139B1E93DC
:108540000E9B002B12DC0C9B002B18DD1A9A08994D
:108550000598FFF74BF90890002810D1002358E642
:108560005449CB1A010099401591BAE70E9A1E9909
:108570000598FFF797F91E900028E4D14AE6002CF1
:1085800007DD220008990598FFF78CF9089000286C
:10859000E4D0002D08DD2A0007990598FFF782F93D
:1085A0000790002800D135E6089A1E990598FFF734
:1085B00001FA0690002800D12CE6C36807991393AE
:1085C0000023C360FFF7DAF900283BDA139B33433B
:1085D00067D13B0365D1D622374BD2043B4093424F
:1085E0005FD9069B5B69002B03D1069B1B69012B9E
:1085F00057DD069901220598FFF754F9079906906F
:10860000FFF7BCF900284CDD2B4B099A3B40002AB0
:1086100074D0D622D204934270D8DC2292049342C2
:1086200000D893E630003900244B0022E9F7B6FE6B
:10863000214B06000F000B4200D0F4E52223059ADF
:108640001360F0E50E97002875D1139A3B031B0BBE
:10865000002A39D01A4A934238D10121099B494254
:1086600032000800002B0BD0D424134B08003B40F1
:10867000E404A34204D86C301B0DC31A99400800CF
:10868000824223D10F4B0E99994202D1013200D17F
:10869000C0E5094B0E9A00261A40130080225203AF
:1086A0009F18099B002BBDD1BDE5C046B8AC0108A1
:1086B00002FCFFFFE2FBFFFF0000F07F00005039EB
:1086C000FFFF0F00FFFFEF7F33439DD0159B002B73
:1086D0001CD00E9B159A1342E3D0139B3000390037
:1086E000099A002B16D0FFF739FB02000B001098F7
:1086F0001199E8F753FE06000F00D2E70126924ACF
:1087000076429B18914A1A431700CAE7169B3342D8
:10871000C7D0E2E7FFF722FB02000B001098119987
:10872000EAF722F90022002306000F00E7F78EFE89
:108730000028B6D00AE607990698FFF7A1FA802329
:108740000022DB0504000D00E7F790FE00286CD046
:10875000139B002B77D1002E57D10E9B1B035AD1B0
:108760000022200029007A4BE7F776FE002859D135
:10877000200029000022774BE9F710FE04000D00CD
:1087800080231B06EB180A940B930A9A0B9B1692F4
:108790001793714A0E9B13401593159A6F4B9A428B
:1087A00000D087E06E4A0E9B944663441F00300061
:1087B0001900FFF799F90A9A0B9BE9F7EFFD3200D0
:1087C0003B00E8F7EBFD644A664B06000A409A421C
:1087D00040D9119B644A934203D1109B013300D1CD
:1087E00018E50126604F76421E990598FEF738FE7F
:1087F00008990598FEF734FE07990598FEF730FEB4
:1088000006990598FEF72CFE17E6012E03D10E9B64
:10881000002B00D19AE50023544C4D4D0A930B9444
:108820000024B2E700244B4DAAE720002900494B61
:108830000022E9F7B3FD139B04000D00002B9FD02D
:108840000A940B95A1E70023414C25000A930B9451
:108850001C009AE7D4239B04CF18099B1097002B88
:10886000C2D13D4B159A3B409A42BDD12000290010
:10887000E7F7AAFEE7F702FF02000B00200029003D
:10888000EAF772F83C03139B240B34430E900F91CC
:10889000374A1C4352D0374BE7F7DEFD002800D0A3
:1088A000C1E40E980F99344A2A4BE7F7E9FD0028F6
:1088B0009AD0B8E4099B002B2AD0D423159ADB0464
:1088C0009A4225D8200029002C4A2D4BE7F7CEFDEF
:1088D000002816D020002900E7F758FE002800D114
:1088E0000130EAF7D7FC139B04000D00002B22D1C6
:1088F00080231B06CB1818901993189A199B16926F
:108900001793D622179BD2049B18159A9B1A17937C
:1089100010981199169E179FFFF7E6F802000B00BA
:1089200030003900E9F73AFD109A119BE8F736FD5F
:1089300006000F0091E718941995DEE7114B0E9889
:108940000F99E7F789FDB2E70000F0FFFFFF0F0086
:108950000000F03F0000E03F0000F07F0000E07FFB
:108960000000B0FCFFFF9F7CFFFFEF7F0000F0BF27
:108970009535A094FFFFDF3F35E5AF350000C0FF20
:10898000FFFFDF41FFFFCF3F10B5024BFFF7FEF9BE
:1089900010BDC04600020020F0B585B017001E00D3
:1089A00003900191242B23D80C00012B20D03D4BA8
:1089B00008229C46230061461D780134485D010071
:1089C00011401042F6D12D2D19D125789C1C012380
:1089D00000931022330093431DD1302D15D1202157
:1089E00023788B43582B10D165780234102612E07F
:1089F000FDF730FD16230360002005B0F0BD0091A7
:108A00002B2DE6D125789C1CE3E7002EEED10A360B
:108A1000302D00D1023E244A009B9446634431002D
:108A200018000293E7F712FC0022844610002B0086
:108A3000303B092B11D81D00AE421DDD531C09D05F
:108A400001225242844505D301D1A94211DB012202
:108A50007043281825780134E9E72B00413B192B96
:108A600001D8373DE8E72B00613B192B04D8573D6F
:108A7000E2E701225242EDE7531C08D12223039A78
:108A800002981360002FB8D0631E019307E0009B8B
:108A9000002B00D04042002FAFD0002AF4D1019B20
:108AA0003B60AAE7E1AC0108FFFFFF7F10B5FFF7CD
:108AB00073FF10BDF0B58E6885B01F000C000B6809
:108AC00002900392BE4230D80C21625E9021C90010
:108AD0000A4228D0032021695B1A0193636943434A
:108AE0000198DD0FED187B1C1B186D10AB4200D9EF
:108AF0001D00520528D529000298FEF7DDFB061E51
:108B00002CD0019A2169FDF7DDFCA289184B1A408F
:108B100080231343A381019B2661F61826603E0043
:108B20006561ED1AA560BE4200D93E00320003998E
:108B3000206800F0B3FB0020A3689B1BA3602368A0
:108B40009B19236005B0F0BD2A00029800F09AFF3F
:108B5000061EE0D121690298FEF738FB0C230120A4
:108B6000029A40421360A28934331343A381E9E798
:108B70007FFBFFFFF0B5A1B003901D008B890F00B4
:108B800016001B0611D50B69002B0ED14021FEF7F4
:108B900093FB38603861002805D10C23039A1360D9
:108BA00001204042CFE040237B61002308AC636199
:108BB000203363761033A376079535002B78002B8E
:108BC00001D0252B48D1AB1B0593B5420BD0320009
:108BD00039000398FFF76EFF013000D1AEE0636902
:108BE000059A9B1863612B78002B00D1A6E0012227
:108BF00000235242626004A9543252186E1C236052
:108C0000E360A3601370A365544B0522180031780C
:108C10000593FDF74CFC751C00281FD12268D30674
:108C200004D5532304A95B1820211970130704D518
:108C3000532304A95B182B21197033782A2B16D0E3
:108C4000350000210A20E3682A786E1C303A092A90
:108C500050D9002911D117E00135AFE7059B2268F3
:108C6000C01A0123834013432E002360CCE7079BE7
:108C7000191D1B680791002B01DB0B9304E05B427D
:108C8000E3600223134323602B782E2B0CD16B78E7
:108C90002A2B34D1079B02351A1D1B680792002B23
:108CA00001DA01235B4209932D4E0322300029781B
:108CB000FDF7FDFB002806D04023801B834022687F
:108CC0000135134323602978062226486E1C21763D
:108CD000FDF7EDFB002838D0234B002B22D10722D3
:108CE000079B07339343083307936369049A9B18E0
:108CF000636162E74343350001219B18A4E7002329
:108D00000A201900013563602A786E1C303A092A5E
:108D100003D9002BC8D00991C6E741433500012390
:108D20008918F1E707AA009221003A000F4B039837
:108D3000FCF7A2FB0490049B0133D6D1BB890D98AC
:108D40005B0600D52CE721B0F0BD07AA00922100F8
:108D50003A00064B0398FCF73DFEEBE7D9AA010861
:108D6000DFAA0108E3AA010879540108B58A0108BD
:108D7000936810B5013B9360002B04DA9469A34219
:108D800007DB0A2905D01368581C10601970080009
:108D900010BD00F0E2F90100F9E7F8B506000F0098
:108DA0001400D518AC4201D1002007E021783A0028
:108DB0003000FFF7DDFF0134431CF3D1F8BD0000A4
:108DC000F0B5A1B00F0015001E000390002804D0DC
:108DD000036A002B01D1FDF7A5F97B6EDB0705D4F3
:108DE000BB899B0502D4B86DFDF75FFBBB891B07F0
:108DF00002D53B69002B13D13900039800F0F0F93C
:108E000000280DD07B6EDB0703D50120404221B046
:108E1000F0BDBB899B05F8D4B86DFDF747FBF4E7BF
:108E2000002308AC6361203363761033A376079682
:108E30002E003378002B01D0252B48D1731B0593CE
:108E4000AE420BD02A0039000398FFF7A6FF01308D
:108E500000D1AEE06369059A9B1863613378002BFB
:108E600000D1A6E0012200235242626004A95432DC
:108E70005218751C2360E360A3601370A365594BFF
:108E80000522180029780593FDF711FB6E1C0028B8
:108E90001FD12268D30604D5532304A95B182021CF
:108EA0001970130704D5532304A95B182B211970DB
:108EB0002B782A2B16D02E0000210A20E368327866
:108EC000751C303A092A50D9002911D117E0013612
:108ED000AFE7059B2268C01A012383401343350086
:108EE0002360CCE7079B191D1B680791002B01DB52
:108EF0000B9304E05B42E360022313432360337867
:108F00002E2B0CD173782A2B34D1079B02361A1DD5
:108F10001B680792002B01DA01235B420993324D53
:108F2000032228003178FDF7C2FA002806D040233A
:108F3000401B8340226801361343236031780622A8
:108F40002A48751C2176FDF7B2FA002840D0284B3C
:108F5000002B22D10722079B073393430833079343
:108F60006369049A9B18636162E743432E00012101
:108F70009B18A4E700230A201900013663603278A9
:108F8000751C303A092A03D9002BC8D00991C6E7CD
:108F900041432E0001238918F1E707AA009221001E
:108FA0003A00144B0398FCF767FA0490049B0133D2
:108FB000D6D17B6EDB0705D4BB899B0502D4B86D87
:108FC000FDF774FABB895B0600D51EE70D981EE716
:108FD00007AA009221003A00064B0398FCF7FAFC1E
:108FE000E3E7C046D9AA0108DFAA0108E3AA0108FD
:108FF000795401089B8D0108F7B50C228B5E0500A2
:109000000C001A0756D44A68002A02DC0A6C002AAF
:109010004EDDE76A002F4BD0002280202E682A60A8
:109020001A004001216A0240034233D0626DA389D5
:109030005B0706D56368D21A636B002B01D0236CE3
:10904000D21A00232800E76A216AB847A289431C84
:1090500006D129681D2946D8294BCB40DB0742D5CC
:109060000023636023692360D20405D5431C02D129
:109070002B68002B00D16065616B2E60002917D032
:1090800023004433994202D02800FEF79FF80023C2
:1090900063630DE001232800B8470200431CC6D1DA
:1090A0002B68002BC3D01D2B01D0162B1AD12E609C
:1090B00000201EE00E69002EFAD00F680E60BA1B69
:1090C000019200229B0700D14A69A260019B002BFC
:1090D000EEDDA36A32001F002800019B216AB84719
:1090E000002807DCA2894023012013431BB2A3817F
:1090F0004042FEBD019B36181B1A0193E6E7C046AD
:10910000010040200B6970B505000C00002B02D156
:109110000025280070BD002804D0036A002B01D16F
:10912000FDF700F80C22A35E002BF1D0626ED2078F
:1091300004D49B0502D4A06DFDF7B7F928002100E7
:10914000FFF75AFF636E0500DB07E2D4A3899B0596
:10915000DFD4A06DFDF7AAF9DBE7F8B506000D0036
:109160001400002804D0036A002B01D1FCF7DAFFB9
:10917000A369A360A3891B0702D52369002B09D12A
:109180002100300000F02CF8002803D001256D42AA
:109190002800F8BD23692068EFB2C01A6369EDB2F8
:1091A000834205DC21003000FFF7ACFF0028EDD141
:1091B000A3680130013BA36023685A1C22601F7022
:1091C0006369834204D0A389DB07E1D50A2DDFD18F
:1091D00021003000FFF796FF0028D9D0D6E7000025
:1091E0002D4B70B5050018680C00002804D0036AE8
:1091F000002B01D1FCF796FF0C22A35E1A0723D4A3
:10920000DA0607D409222A60402201201343A381F1
:1092100040423AE05B0713D5616B002908D0230078
:109220004433994202D02800FDF7D0FF0023636346
:109230002422A3899343A3810023636023692360CD
:109240000823A2891343A3812369002B0BD1A021FA
:109250008022A389890092000B40934203D0210011
:10926000280000F087FC0C22A35E01211A000A40AE
:109270000B420BD00022A26062695242A261002020
:109280002269824201D11A06BED470BD990700D46A
:109290006269A260F3E7C046B001002010B58842C1
:1092A00002D98B18984208D300239A4207D0CC5C8D
:1092B000C4540133F9E78B5C8354013AFBD210BDEF
:1092C00030B50500101E0BD00024013A2B5D085D5F
:1092D000834204D1944202D00134002BF6D1181AF3
:1092E00030BD0000002370B5064D040008002B605F
:1092F000EDF7D2FA431C03D12B68002B00D023607A
:1093000070BDC046D4C20020002001497047C0464D
:109310000000F87F7FB514001A00094B05001B6898
:109320000E00D868074B002C01D1074B1C000749E1
:10933000019302942B00009600F0E2FB00F080FC09
:10934000B0010020F2AA01082DAB0108FFAA010814
:1093500070B50B0C150C002B1ED1002D0CD189B251
:1093600094B24C432100FDF7A7FF051E1BD022003D
:109370000021FCF7ABFF16E02B1C0C1C89B292B24B
:109380004A439BB2A1B25943140C0C19230C07D1C8
:10939000240492B21443E5E7002D01D1141CEDE73B
:1093A0000C2300250360280070BD0200F0B504699D
:1093B00085B014324B11160002939C4231DD1F26FA
:1093C0000F009B00A500D318374055190093019753
:1093D00031420DD1160019008D4236D8009B00266F
:1093E000033B9D4202D3029BE41AA600961918E0A3
:1093F0002021019E019F891B009E039102CE94466D
:10940000F940B54216D8009B002601339D4203D394
:10941000029BE41AA600043E96193160002900D090
:109420000436B11A89100161964201D100234361CB
:1094300005B0F0BD3768039B9F400F43614680C174
:109440008C46019B02CED940DBE780C980C6C3E7CA
:109450000200303A0300092A02D8203BD8B27047F4
:109460000200613A052A01D8473BF7E71A00413A62
:109470000020052AF3D8273BF0E70000F0B589B0BB
:1094800007930B680192039006919A1C1100013218
:10949000501E00783028F9D0CB1A023B059300917A
:1094A000FFF7D6FF00231D00029398421ED1012230
:1094B000A6490098FFF704FF0700A84200D06AE021
:1094C000009B58785C1CFFF7C3FF01230293A8425E
:1094D0002FD00094009B1878302809D0FFF7B8FFF0
:1094E000424242410123250002920593009C04E080
:1094F000009B01330093EDE701342078FFF7A8FFCC
:10950000071EF9D1012220009049FFF7D9FE00285B
:109510000DD1002D06D1013425002078FFF798FFEA
:10952000002802D12D1BAF0003E00134F5E7002D28
:10953000F8D12022237826009343502B1DD1637845
:109540002B2B2DD02D2B2FD00023661C049330788D
:10955000FFF77EFF431EDBB20500182B2AD8707878
:10956000FFF776FF431EDBB20136103D182B1DD9E5
:10957000049B002B00D06D427F19069B1E60029B4E
:10958000002B19D0059B06265A4253415B421E40D0
:10959000300009B0F0BD01230027009C0293C8E70A
:1095A00000230493A61CD2E70123FAE70A235D43B4
:1095B0002D18D4E72600E0E7009B0299E31A013B4F
:1095C000072B0ADC0398FDF707FF051E08D12A00C8
:1095D000E4215F4B5F48FFF79DFE01315B10EFE731
:1095E000030014330293059300231E000493009B91
:1095F000A34238D3059C029B40C4E41AA410300057
:109600002C61FDF7E1FF019B64011B68261A0093A2
:109610009E4252DDF61A31002800FEF77CFB041E44
:109620000FD001241F212000731E19408840010023
:109630005A110298920012580A4202D0A34234DC16
:10964000022431002800FFF7B0FEBF19019B9B6880
:10965000BB4242DA29000398FDF702FF00230E9A6D
:10966000A326136094E7013C23782E2B12D0049B91
:10967000202B04D1059B40C3002605930496207837
:10968000FFF7E6FE0F231840049B9840043306437F
:109690000493ACE7009BA342E9D8012220002B49A8
:1096A000FFF70EFE0028E2D1A1E72800B11EFEF769
:1096B00032FB0028C4D00324C3E7009B00249E4251
:1096C000C4DA9E1B290032000398FEF7EBF8030072
:1096D00014330500BF1B0293B8E7019B5E68BE42CE
:1096E0006FDD009BF61BB34236DC019BDB68022B6F
:1096F00024D0032B26D0012B17D1009BB34214D1C9
:10970000012B0BD1019B079A5B6862261360012332
:10971000029A2B6113600E9B1D6039E700992800A7
:109720000139FEF7F8FA0028ECD129000398FDF77B
:1097300097FE00230E9A5026136029E70F9B002BFB
:10974000F3D1DFE70F9B002BDCD1EEE7D7AA0108AE
:109750006DAA01082EAB0108771E002C2FD1002F17
:1097600004D039002800FEF7D6FA04001F237A112E
:109770001F401E3BBB400299920052581A4201D032
:1097800002231C43009B31009B1B022628000093F0
:10979000FFF70BFE019B5F68002C3FD0019BDB684D
:1097A000022B10D0032B12D0012B06D1A20704D517
:1097B000029A126814431C420CD110232DE001249C
:1097C000D4E70126E8E701230F9A9B1A0F930F9B1A
:1097D000002BF2D02B69002002939B0004932B00F6
:1097E000049A143399181A68541C1CD001321A6058
:1097F0002B001433022E3FD1019A00991268013ACE
:109800008A4209D10A001F201040012282404911DA
:109810008900CB5813423DD120231E430E9B1D606F
:10982000079B1F60B4E601C39942DCD8AB68029A7B
:109830009A4218DB696803980131FDF7CDFD041EDB
:1098400004D1220084211D4B1D48C4E629002A6949
:109850000C31023292000C30FCF734FE29000398E0
:10986000FDF7FEFD25002B695A1C2A6101220433F5
:109870009B00EB185A60BBE72A6902998A420BDD0C
:1098800001212800FFF791FD019B01379B68BB4236
:1098900000DADFE60126BFE71F22009C0099144092
:1098A0001142F7D0049A9B18043B1868FDF78CFE10
:1098B00020231B1B9842E3DBECE7C0466DAA01089E
:1098C0002EAB0108082370B520259A1A9200AD1A14
:1098D000436804681E00AE40D340344304604360D4
:1098E00004308842F4D370BD30B503680C7801337E
:1098F000002C02D10360012030BD1A781500413DD3
:10990000192D00D820320131A242EFD00020F3E718
:10991000F0B50B688BB0019201995A1192008A1828
:10992000029219001F22114008900691134202D0A2
:10993000029B04330293029B00251F1F3E003C0044
:10994000089B3D601B68079505930395059B0133B4
:109950000993059B5B780493002B28D00498FFF7AC
:1099600077FD002855D1049B202B19D8039B079A1B
:10997000934212DDB44206D2072D04DC2A003100E6
:109980002000FFF79FFF019B08259C4205D9261F59
:1099900000253400039B35600793099B0593D5E7A9
:1099A000049B292B5AD1059B089A02331360039B11
:1099B000002B53D0B44206D2072D04DC2A0031001C
:1099C0002000FFF77FFF019B9C4236D91A0023003D
:1099D00002CB02C29F42FBD2029B621CD91E04230F
:1099E000914205D3029B043B1B1B9B0801339B0048
:1099F000019AD318002204C39F42FCD23B68002B7B
:109A000004D1019B9F4227D101233B6005200BB06D
:109A1000F0BD039B013501330393082D06DD019B47
:109A20009C42BAD900230125043C23600F222368FD
:109A300010401B0103432360AFE7069B002BDDD0E2
:109A40002023069A02999B1A01225242DA400439D5
:109A50000B6813400B60D1E7043FCFE70420D6E743
:109A600082B0002900D101A9101E06D0002B06D01B
:109A700013780B601078431E984102B070470220A3
:109A80004042FAE7F7B506000C001500002905D1A1
:109A90001100FDF711FC04002000FEBD002A03D1D7
:109AA000FDF794FB2C00F7E700F0D1F807008542A2
:109AB00002D84308AB42EFD329003000FDF7FCFB8E
:109AC0000190002801D1019CE6E72A00BD4200D99F
:109AD0003A0021000198FCF7F5FC21003000FDF769
:109AE00075FBF0E70300081E05D0FF2A04D98A227F
:109AF00001201A604042704701200A70FBE7000015
:109B00000EB417B5054C05AB04CB010020680193DA
:109B1000FFF756F91EBC08BC03B01847B00100207F
:109B200070B50E001D000E23C95E140096B000290A
:109B30000CDAB2898023110019401A4214D1802313
:109B4000DB0000202960236016B070BD6A4600F07B
:109B500053F80028EDDBF02301991B021940044B58
:109B6000C9184B425941EAE700214023E9E7C046C2
:109B700000E0FFFFF0B502268B8905000C0085B0E0
:109B8000334207D0230047332360236101236361FD
:109B900005B0F0BD03AB02AAFFF7C2FF029F019020
:109BA00039002800FDF788FB002808D10C22A35EAD
:109BB0009A05EDD4032293431E43A681E2E7802356
:109BC000A28920601343A381039B20616761002B5E
:109BD0000CD028000E23E15E00F020F8002805D00C
:109BE0000323A2899A43023B1343A381A389019AC9
:109BF0001343A381CCE70000002370B5064D040099
:109C0000080011002B60ECF725FE431C03D12B68E4
:109C1000002B00D0236070BDD4C20020002370B59B
:109C2000064D040008002B60ECF722FE431C03D114
:109C30002B68002B00D0236070BDC046D4C200202A
:109C4000062010B500F034F80120ECF7B3FD0B1F2F
:109C50001B68181F002B01DA0B58C018704770B52D
:109C600004000D001F2904D916230360012040427F
:109C700070BDC36B002B04D08A009B181A68002AA1
:109C800008D1200000F030F82A000100200000F088
:109C900019F8EDE7012A09D0511C03D116230360FE
:109CA0000120E5E700212800196090470020DFE748
:109CB00010B5034B01001868FFF7D1FF10BDC04677
:109CC000B0010020002370B5064D0400080011000B
:109CD0002B60ECF75FFD431C03D12B68002B00D0F9
:109CE000236070BDD4C2002010B5ECF74DFD10BD4F
:109CF000F8B5C046F8BC08BC9E467047F8B5C046EB
:109D0000F8BC08BC9E46704701B40248844601BCBA
:089D1000604700BF6D03002055
:109D1800636172645F69646C655F6D6F6E69746FAF
:109D2800725F7461736B0000434F4E444954494F4E
:109D38004E2031203A206162732877312B77322008
:109D48002D2077332B773429203E207831204B6D16
:109D580070682C20686173206D65740A000000002B
:109D680041786C315370645F4C203A25660A0000D4
:109D780041786C315370645F52203A25660A0000BE
:109D880041786C325370645F4C203A25660A0000B3
:109D980041786C325370645F52203A25660A00009D
:109DA800535044203A25640A0000000050454441BD
:109DB8004C20504F53203A25660A0000496E7465BE
:109DC800722D41786C6520446966666572656E63BC
:109DD80065203A25660A0000434F4E444954494FCE
:109DE8004E2032203A20286162732877312D77324D
:109DF80029203E207832204B6D7068292C2068611C
:109E080073206D65740A00005731202D2057323AAF
:109E18002025660A00000000434F4E444954494F2C
:109E28004E2033203A20286162732877332D773407
:109E380029203E207833204B6D706829202C20681B
:109E48006173206D65740A005733202D2057343A0A
:109E58002025660A00000000434F4E444954494FEC
:109E68004E20343A202856656869636C6520537023
:109E7800656564203E203230204B6D7068292C20A7
:109E8800686173206D65742E0A00000042555454B1
:109E98004F4E20505245535345440A0020203C3C25
:109EA8003C3C303030303E3E3E3E3E204E4F20431C
:109EB8004F4E444954494F4E204D4554203C3C3C5C
:109EC8003C303030303E3E3E3E3E200A200000000E
:109ED80053656E7420456E67696E6520746F727184
:109EE8007565207265737472696374696F6E206337
:109EF8006F6D6D616E642E0A000000004845524582
:109F0800202121212121212121212121212121213A
:109F18002121212121212121212121212121212129
:109F28002121212121210A0020203D3D3D3E2049BB
:109F380041442072656C61792068617320626565AF
:109F48006E20456E67616765642E0A0020203D3DDE
:109F58003D3E204941442072656C617920686173F7
:109F6800206265656E204469732D456E676167657B
:109F7800642E0A0020203D3D3D3E20495744207272
:109F8800656C617920686173206265656E20456E35
:109F980067616765642E0A0020203D3D3D3E2049EB
:109FA80057442072656C6179206861732062656529
:109FB8006E204469732D456E67616765642E0A00DB
:109FC800426D735F726563656976655F6D6573730E
:109FD8006167655F7461736B00000000426D735FB9
:109FE8007472616E736D6974745F6D6573736167A4
:109FF800655F7461736B00002530327800000000E3
:10A00800636172645F69646C655F6D6F6E69746FBC
:10A01800725F7461736B00004572726F723A2069E7
:10A028006E76616C69642073746172742F656E64F6
:10A0380020627974650000004572726F723A20637D
:10A048006865636B73756D206D69736D61746368A2
:10A0580000000000416464726573733A2030783000
:10A06800302C205661726961626C653A204941441E
:10A078005F73746174652C2056616C75653A202590
:10A08800640A0000416464726573733A2030783062
:10A09800312C205661726961626C653A20495744D7
:10A0A8005F73746174652C2056616C75653A202560
:10A0B800640A0000416464726573733A2030783032
:10A0C800322C205661726961626C653A2043757260
:10A0D8005F4941442C2056616C75653A2025640A15
:10A0E80000000000416464726573733A2030783070
:10A0F800332C205661726961626C653A204375722F
:10A108005F4957442C2056616C75653A2025640ACE
:10A1180000000000416464726573733A203078303F
:10A12800342C205661726961626C653A20537065FF
:10A138006564312C2056616C75653A2025640A00E7
:10A14800416464726573733A20307830352C205638
:10A1580061726961626C653A205374656572416E1B
:10A16800676C65312C2056616C75653A2025640A48
:10A1780000000000416464726573733A20307830DF
:10A18800362C205661726961626C653A204B6D709D
:10A1980068312C2056616C75653A2025640A0000E8
:10A1A800416464726573733A20307830372C2056D6
:10A1B80061726961626C653A20456E67546F7231ED
:10A1C8002C2056616C75653A2025640A0000000051
:10A1D800416464726573733A20307830382C2056A5
:10A1E80061726961626C653A20506164656C506F98
:10A1F80073312C2056616C75653A2025640A00007D
:10A20800416464726573733A20307830392C205673
:10A2180061726961626C653A20427265616B312CCA
:10A228002056616C75653A2025640A0041646472A1
:10A238006573733A20307830412C20566172696119
:10A24800626C653A2054696D65546F72312C2056E2
:10A25800616C75653A2025640A00000041646472E7
:10A268006573733A20307830422C205661726961E8
:10A27800626C653A2054696D6549415744312C2018
:10A2880056616C75653A2025640A00004164647261
:10A298006573733A20307830432C205661726961B7
:10A2A800626C653A204B6D7068322C2056616C7573
:10A2B800653A2025640A0000416464726573733A44
:10A2C80020307830442C205661726961626C653A9E
:10A2D80020456E67546F72322C2056616C75653A52
:10A2E8002025640A00000000416464726573733AB3
:10A2F80020307830452C205661726961626C653A6D
:10A3080020506164656C506F73322C2056616C75F7
:10A31800653A2025640A0000416464726573733AE3
:10A3280020307830462C205661726961626C653A3B
:10A3380020427265616B322C2056616C75653A203B
:10A3480025640A00416464726573733A2030783179
:10A35800302C205661726961626C653A2054696DCF
:10A3680065546F72322C2056616C75653A202564ED
:10A378000A000000416464726573733A20307831D2
:10A38800312C205661726961626C653A2054696D9E
:10A398006549415744322C2056616C75653A202531
:10A3A800640A0000416464726573733A203078313E
:10A3B800322C205661726961626C653A204B6D706F
:10A3C80068332C2056616C75653A2025640A0000B4
:10A3D800416464726573733A20307831332C2056A7
:10A3E80061726961626C653A20456E67546F7233B9
:10A3F8002C2056616C75653A2025640A000000001F
:10A40800416464726573733A20307831342C205675
:10A4180061726961626C653A20506164656C506F65
:10A4280073332C2056616C75653A2025640A000048
:10A43800416464726573733A20307831352C205644
:10A4480061726961626C653A20427265616B332C96
:10A458002056616C75653A2025640A00416464726F
:10A468006573733A20307831362C205661726961F1
:10A47800626C653A2054696D65546F72332C2056AE
:10A48800616C75653A2025640A00000041646472B5
:10A498006573733A20307831372C205661726961C0
:10A4A800626C653A2054696D6549415744332C20E4
:10A4B80056616C75653A2025640A0000416464722F
:10A4C8006573733A20307831382C2056617269618F
:10A4D800626C653A205468726565486F7572466C9F
:10A4E80061672C2056616C75653A2025640A000066
:10A4F800416464726573733A20307831392C205680
:10A5080061726961626C653A2054696D654F664194
:10A518006374696F6E2C2056616C75653A202564EA
:10A528000A000000416464726573733A2030783120
:10A53800412C205661726961626C653A20526573DC
:10A548007454696D654F6652656C61792C2056614B
:10A558006C75653A2025640A000000004164647245
:10A568006573733A20307831422C205661726961E4
:10A57800626C653A2046696C746572436C656172F9
:10A5880061667465724D696E732C2056616C7565D1
:10A598003A2025640A000000416464726573733AC6
:10A5A80020307831432C205661726961626C653ABB
:10A5B80020436F6E646974696F6E56616C75654F80
:10A5C80066486F7572732C2056616C75653A202544
:10A5D800640A0000496E76616C6964206164647283
:10A5E8006573733A203078253032580A000000002D
:10A5F800434F4D3A2053656D6170686F7265206EE8
:10A608006F7420637265617465640000636F6D5FC9
:10A6180072785F6672616D655F7461736B000000CC
:10A628005B4445565D205B00202564005D0000000A
:10A63800434F4D3A204572726F722054782042750C
:10A64800737900004552524F523A2043616E2054AC
:10A65800785278205175657565206E6F7420637225
:10A66800656174656400000063616E5F74785F748F
:10A6780061736B0063616E5F52785F7461736B0026
:10A688000D0A000064656661756C745461736B0033
:10A6980049444C4500000000546D72205376630015
:10A6A800546D72510000000053544D3332205669E6
:10A6B800727475616C20436F6D506F727400000086
:10A6C80053544D6963726F656C656374726F6E691C
:10A6D8006373000043444320436F6E66696700005C
:10A6E80043444320496E74657266616365000000E7
:10A6F8005C1D00081A1C0008F81B0008E41B000871
:10A70800F81B0008FE1C0008F81B0008E41B0008E2
:10A718001A1C00081A1C0008FE1C0008E41B00088C
:10A72800DC1B0008DC1B0008DC1B0008201D0008DF
:10A73800FA3E0008CC3B0008CA3C0008F03D00087F
:10A74800D03E0008EC3E0008CC4C00080A4D00083A
:10A75800484D0008864D0008C44D0008024E000808
:10A76800404E00087E4E0008BC4E0008FA4E000815
:10A77800384F0008764F0008B44F0008E84F00082B
:10A78800C8500008FC500008305100086451000807
:10A7980098510008CC5100080052000834520008B3
:10A7A800685200089C520008D05200080453000860
:10A7B800385300086C530008C05300088CA60108E1
:10A7C8000000000000000000000000000000000081
:10A7D800000A00001800000000000000000000004F
:10A7E8000000000000000000000000000000000061
:10A7F8000000000000000000000000000000000051
:10A808000100000002000000030000000400000036
:10A818000600000007000000080000000900000012
:10A828000000000000000000000000000000000020
:10A838000100000002000000030000000400000006
:10A848000001020304050607080C10141820304004
:10A85800010002000400060008000A000C001000B5
:10A8680020004000800000010101010307010000F1
:10A8780008040204080101016C100108881001088D
:10A88800961001087A100108961001083A1001087C
:10A898002C100108961001085E10010848100108E4
:10A8A800101901086616010882160108CA1601085F
:10A8B800101901081019010894180108CE18010888
:10A8C80010190108101901081019010810190108B8
:10A8D8001019010810190108101901082216010899
:10A8E800E01601082417010868170108AC170108C9
:10A8F800F017010834180108D23E0108D23E0108B9
:10A90800D23E0108403F0108543F0108923F010828
:10A91800D23E0108D23E0108403F0108543F0108D9
:10A92800CC470108CC470108CC470108CC470108AF
:10A93800CC470108CC470108CC470108CC4701089F
:10A94800CC470108CC470108CC470108CC4701088F
:10A95800CC470108CC470108CC470108CC4701087F
:10A96800CC470108CC470108CC470108CC4701086F
:10A97800CC470108CC470108CC470108CC4701085F
:10A98800CC470108CC470108CC470108CC4701084F
:10A99800CC470108CC470108CC470108CC4701083F
:10A9A800CC470108CC470108CC470108CC4701082F
:10A9B800494E4600696E66004E414E006E616E005B
:10A9C8003000303132333435363738394142434438
:10A9D80045460030313233343536373839616263B1
:10A9E8006465660065256C6400496E66696E697405
:10A9F80079004E614E005245454E54206D616C6C95
:10AA08006F6320737563636565646564002F6275A1
:10AA1800696C642F676E752D746F6F6C732D666F1C
:10AA2800722D73746D33325F31332E332E72656C31
:10AA3800312E32303234303932362D313731352FEC
:10AA48007372632F6E65776C69622F6E65776C69B8
:10AA5800622F6C6962632F7374646C69622F64740B
:10AA68006F612E630042616C6C6F63207375636362
:10AA78006565646564002F6275696C642F676E751F
:10AA88002D746F6F6C732D666F722D73746D333206
:10AA98005F31332E332E72656C312E3230323430C2
:10AAA8003932362D313731352F7372632F6E657712
:10AAB8006C69622F6E65776C69622F6C6962632FAF
:10AAC8007374646C69622F6D707265632E63002EF7
:10AAD80000232D302B2000686C4C006566674546C6
:10AAE80047004300504F534958002C2066756E6349
:10AAF80074696F6E3A2000617373657274696F6E62
:10AB08002022257322206661696C65643A20666993
:10AB18006C6520222573222C206C696E65202564C3
:10AB2800257325730A002F6275696C642F676E752B
:10AB38002D746F6F6C732D666F722D73746D333255
:10AB48005F31332E332E72656C312E323032343011
:10AB58003932362D313731352F7372632F6E657761
:10AB68006C69622F6E65776C69622F6C6962632FFE
:10AB78007374646C69622F6764746F612D676574A0
:10AB88006865782E630000000500000019000000C9
:10AB98007D000000000000000080E03779C34143D9
:10ABA800176E05B5B5B89346F5F93FE9034F384D2B
:10ABB800321D30F94877825A3CBF737FDD4F1575D7
:10ABC800000000000000F03F0000000000002440EA
:10ABD80000000000000059400000000000408F40C5
:10ABE800000000000088C34000000000006AF84030
:10ABF8000000000080842E4100000000D012634154
:10AC08000000000084D797410000000065CDCD41C9
:10AC1800000000205FA00242000000E876483742AA
:10AC2800000000A2941A6D42000040E59C30A24248
:10AC38000000901EC4BCD64200003426F56B0C43BD
:10AC48000080E03779C3414300A0D8855734764364
:10AC580000C84E676DC1AB43003D9160E458E143C5
:10AC6800408CB5781DAF154450EFE2D6E41A4B443A
:10AC780092D54D06CFF08044F64AE1C7022DB5447F
:10AC8800B49DD9794378EA4434000000CEFBFFFF35
:10AC9800CB030000010000000000000035000000A8
:10ACA800CEFBFFFFCB030000010000000000000006
:10ACB800BC89D897B2D29C3C33A7A8D523F649398A
:10ACC8003DA7F444FD0FA5329D978CCF08BA5B25AC
:10ACD800436FAC6428066811002020202020202023
:10ACE8002020282828282820202020202020202034
:10ACF8002020202020202020208810101010101044
:10AD0800101010101010101010040404040404048F
:10AD18000404041010101010101041414141414129
:10AD2800010101010101010101010101010101010B
:10AD3800010101011010101010104242424242421B
:10AD480002020202020202020202020202020202DB
:10AD58000202020210101010200000000000000083
:10AD680000000000000000000000000000000000DB
:10AD780000000000000000000000000000000000CB
:10AD880000000000000000000000000000000000BB
:10AD980000000000000000000000000000000000AB
:10ADA800000000000000000000000000000000009B
:10ADB800000000000000000000000000000000008B
:10ADC800000000000000000000000000000000007B
:0CADD8000000000000000000000000006F
:08ADE4003859FE7F0100000058
:04ADEC00E900000872
:04ADF000C100000896
:10ADF400010000000000000001000000000000004D
:10AE04000100000000000000040000000000000039
:10AE14005A000000000000000300000000000000D1
:10AE240028000000000000000A00000000000000EC
:10AE34000300000000000000050000000000000006
:10AE440003000000000000002800000000000000D3
:10AE54000A000000000000000300000000000000E1
:10AE640005000000000000000300000000000000D6
:10AE740028000000000000000A000000000000009C
:10AE840003000000000000000500000000000000B6
:10AE94000024F40004000000010000000A0600027F
:10AEA400000000400100000019FC000839FE000801
:10AEB40059FF000800000000ED02010849010108E3
:10AEC400670201080000000000000000000000000C
:10AED4000504010875030108950401082505010806
:10AEE4000902430002010080320904000001020249
:10AEF40001000524001001052401000104240202BC
:10AF04000524060001070582030800100904010056
:10AF1400020A000000070501024000000705810243
:10AF24004000008101820000AAAAAAAA6947010878
:10AF340099470108A5470108DD4701089D48010814
:10AF44003549010859490108C14901087D490108E9
:10AF5400ED490108154A0108594A0108000000009A
:10AF64001201000202020040830440570002010261
:10AF740003010000040309041A0300000000000098
:10AF840000000000000000000000000000000000BD
:10AF940000000000000000000300000098C1002031
:10AFA400B40100200000000098C1002000C200206D
:10AFB40068C2002000000000000000000000000043
:10AFC400000000000000000000000000000000007D
:10AFD400000000000000000000000000000000006D
:10AFE400000000000000000000000000000000005D
:10AFF400430000000000000000000000000000000A
:10B00400000000000000000000000000000000003C
:10B0140043000000000000000000000000000000E9
:10B02400000000000000000000000000000000001C
:10B0340043000000000000000000000000000000C9
:10B0440000000000000000000000000000000000FC
:10B0540043000000000000000000000000000000A9
:10B0640000000000000000000000000000000000DC
:10B074004300000000000000000000000000000089
:10B0840000000000000000000000000000000000BC
:10B094004300000000000000000000000000000069
:10B0A400000000000000000000000000000000009C
:10B0B4004300000000000000000000000000000049
:10B0C400000000000000000000000000000000007C
:10B0D400E59A0108619A010800000000E0AC01084B
:10B0E400D7AA01082DAB01082DAB01082DAB01082F
:10B0F4002DAB01082DAB01082DAB01082DAB0108C8
:10B104002DAB01082DAB0108FFFFFFFFFFFFFFFF81
:10B11400FFFFFFFFFFFF00000100415343494900C7
:10B12400000000000000000000000000000000001B
:10B1340000000000000000000000415343494900A2
:10B1440000000000000000000000000000000000FB
:10B1540000000000000000000000000080B588B07E
:10B1640000AF786039601F23FB1800221A707B68D7
:10B17400BB613B687B611A4B5A69194B8021C90238
:10B184000A435A61EFF31083FB60FB683B6172B6BC
:10B19400C0460FE07A69BB6912681A607B690433A0
:10B1A4007B61BB690433BB611F217B181A787B1850
:10B1B40001321A701F23FB181B783F2BEAD9C046B3
:10B1C400074B1A69C0239B021340F9D13B69BB604A
:10B1D400BB6883F31088C046C046BD4608B080BD36
:04B1E4000020024005
:040000050800691175
:00000001FF
